lane,study,model,variant,metric,status,reason,n_pairs,base_value,variant_value,delta,median_delta,ci_low,ci_high,endpoint_delta_median_abs,base_cache,variant_cache
controllability,study_a,deepseek-r1-lmstudio,generic_control,visible_reasoning_tokens,missing_cache,missing_cache,0,,,,,,,,,
controllability,study_a,deepseek-r1-lmstudio,generic_control,output_tokens,missing_cache,missing_cache,0,,,,,,,,,
controllability,study_a,deepseek-r1-lmstudio,generic_control,reasoning_share,missing_cache,missing_cache,0,,,,,,,,,
controllability,study_a,deepseek-r1-lmstudio,generic_control,reasoning_marker_present,missing_cache,missing_cache,0,,,,,,,,,
controllability,study_a,deepseek-r1-lmstudio,generic_control,final_answer_marker_present,missing_cache,missing_cache,0,,,,,,,,,
controllability,study_a,deepseek-r1-lmstudio,generic_control,control_phrase_adherence,missing_cache,missing_cache,0,,,,,,,,,
controllability,study_a,deepseek-r1-lmstudio,generic_control,meta_discussion_present,missing_cache,missing_cache,0,,,,,,,,,
controllability,study_a,deepseek-r1-lmstudio,generic_control,reasoning_control_success_proxy,missing_cache,missing_cache,0,,,,,,,,,
controllability,study_a,deepseek-r1-lmstudio,generic_control,output_control_success_proxy,missing_cache,missing_cache,0,,,,,,,,,
controllability,study_a,deepseek-r1-lmstudio,generic_control,control_adherence_without_meta_discussion,missing_cache,missing_cache,0,,,,,,,,,
controllability,study_a,deepseek-r1-lmstudio,explicit_control,visible_reasoning_tokens,missing_cache,missing_cache,0,,,,,,,,,
controllability,study_a,deepseek-r1-lmstudio,explicit_control,output_tokens,missing_cache,missing_cache,0,,,,,,,,,
controllability,study_a,deepseek-r1-lmstudio,explicit_control,reasoning_share,missing_cache,missing_cache,0,,,,,,,,,
controllability,study_a,deepseek-r1-lmstudio,explicit_control,reasoning_marker_present,missing_cache,missing_cache,0,,,,,,,,,
controllability,study_a,deepseek-r1-lmstudio,explicit_control,final_answer_marker_present,missing_cache,missing_cache,0,,,,,,,,,
controllability,study_a,deepseek-r1-lmstudio,explicit_control,control_phrase_adherence,missing_cache,missing_cache,0,,,,,,,,,
controllability,study_a,deepseek-r1-lmstudio,explicit_control,meta_discussion_present,missing_cache,missing_cache,0,,,,,,,,,
controllability,study_a,deepseek-r1-lmstudio,explicit_control,reasoning_control_success_proxy,missing_cache,missing_cache,0,,,,,,,,,
controllability,study_a,deepseek-r1-lmstudio,explicit_control,output_control_success_proxy,missing_cache,missing_cache,0,,,,,,,,,
controllability,study_a,deepseek-r1-lmstudio,explicit_control,control_adherence_without_meta_discussion,missing_cache,missing_cache,0,,,,,,,,,
controllability,study_a_bias,deepseek-r1-lmstudio,generic_control,visible_reasoning_tokens,not_measurable,no_shared_ids,0,,,,,,,,/Users/ryangichuru/Documents/SSD-K/Uni/3rd year/NLP-ready/benchmark/runtime/results/deepseek-r1-lmstudio/ctrl_study_a_bias_generations.jsonl,/Users/ryangichuru/Documents/SSD-K/Uni/3rd year/NLP-ready/benchmark/runtime/results/deepseek-r1-lmstudio/ctrl_study_a_bias_generations.jsonl
controllability,study_a_bias,deepseek-r1-lmstudio,generic_control,output_tokens,not_measurable,no_shared_ids,0,,,,,,,,/Users/ryangichuru/Documents/SSD-K/Uni/3rd year/NLP-ready/benchmark/runtime/results/deepseek-r1-lmstudio/ctrl_study_a_bias_generations.jsonl,/Users/ryangichuru/Documents/SSD-K/Uni/3rd year/NLP-ready/benchmark/runtime/results/deepseek-r1-lmstudio/ctrl_study_a_bias_generations.jsonl
controllability,study_a_bias,deepseek-r1-lmstudio,generic_control,reasoning_share,not_measurable,no_shared_ids,0,,,,,,,,/Users/ryangichuru/Documents/SSD-K/Uni/3rd year/NLP-ready/benchmark/runtime/results/deepseek-r1-lmstudio/ctrl_study_a_bias_generations.jsonl,/Users/ryangichuru/Documents/SSD-K/Uni/3rd year/NLP-ready/benchmark/runtime/results/deepseek-r1-lmstudio/ctrl_study_a_bias_generations.jsonl
controllability,study_a_bias,deepseek-r1-lmstudio,generic_control,reasoning_marker_present,not_measurable,no_shared_ids,0,,,,,,,,/Users/ryangichuru/Documents/SSD-K/Uni/3rd year/NLP-ready/benchmark/runtime/results/deepseek-r1-lmstudio/ctrl_study_a_bias_generations.jsonl,/Users/ryangichuru/Documents/SSD-K/Uni/3rd year/NLP-ready/benchmark/runtime/results/deepseek-r1-lmstudio/ctrl_study_a_bias_generations.jsonl
controllability,study_a_bias,deepseek-r1-lmstudio,generic_control,final_answer_marker_present,not_measurable,no_shared_ids,0,,,,,,,,/Users/ryangichuru/Documents/SSD-K/Uni/3rd year/NLP-ready/benchmark/runtime/results/deepseek-r1-lmstudio/ctrl_study_a_bias_generations.jsonl,/Users/ryangichuru/Documents/SSD-K/Uni/3rd year/NLP-ready/benchmark/runtime/results/deepseek-r1-lmstudio/ctrl_study_a_bias_generations.jsonl
controllability,study_a_bias,deepseek-r1-lmstudio,generic_control,control_phrase_adherence,not_measurable,no_shared_ids,0,,,,,,,,/Users/ryangichuru/Documents/SSD-K/Uni/3rd year/NLP-ready/benchmark/runtime/results/deepseek-r1-lmstudio/ctrl_study_a_bias_generations.jsonl,/Users/ryangichuru/Documents/SSD-K/Uni/3rd year/NLP-ready/benchmark/runtime/results/deepseek-r1-lmstudio/ctrl_study_a_bias_generations.jsonl
controllability,study_a_bias,deepseek-r1-lmstudio,generic_control,meta_discussion_present,not_measurable,no_shared_ids,0,,,,,,,,/Users/ryangichuru/Documents/SSD-K/Uni/3rd year/NLP-ready/benchmark/runtime/results/deepseek-r1-lmstudio/ctrl_study_a_bias_generations.jsonl,/Users/ryangichuru/Documents/SSD-K/Uni/3rd year/NLP-ready/benchmark/runtime/results/deepseek-r1-lmstudio/ctrl_study_a_bias_generations.jsonl
controllability,study_a_bias,deepseek-r1-lmstudio,generic_control,reasoning_control_success_proxy,not_measurable,no_shared_ids,0,,,,,,,,/Users/ryangichuru/Documents/SSD-K/Uni/3rd year/NLP-ready/benchmark/runtime/results/deepseek-r1-lmstudio/ctrl_study_a_bias_generations.jsonl,/Users/ryangichuru/Documents/SSD-K/Uni/3rd year/NLP-ready/benchmark/runtime/results/deepseek-r1-lmstudio/ctrl_study_a_bias_generations.jsonl
controllability,study_a_bias,deepseek-r1-lmstudio,generic_control,output_control_success_proxy,not_measurable,no_shared_ids,0,,,,,,,,/Users/ryangichuru/Documents/SSD-K/Uni/3rd year/NLP-ready/benchmark/runtime/results/deepseek-r1-lmstudio/ctrl_study_a_bias_generations.jsonl,/Users/ryangichuru/Documents/SSD-K/Uni/3rd year/NLP-ready/benchmark/runtime/results/deepseek-r1-lmstudio/ctrl_study_a_bias_generations.jsonl
controllability,study_a_bias,deepseek-r1-lmstudio,generic_control,control_adherence_without_meta_discussion,not_measurable,no_shared_ids,0,,,,,,,,/Users/ryangichuru/Documents/SSD-K/Uni/3rd year/NLP-ready/benchmark/runtime/results/deepseek-r1-lmstudio/ctrl_study_a_bias_generations.jsonl,/Users/ryangichuru/Documents/SSD-K/Uni/3rd year/NLP-ready/benchmark/runtime/results/deepseek-r1-lmstudio/ctrl_study_a_bias_generations.jsonl
controllability,study_a_bias,deepseek-r1-lmstudio,explicit_control,visible_reasoning_tokens,not_measurable,no_shared_ids,0,,,,,,,,/Users/ryangichuru/Documents/SSD-K/Uni/3rd year/NLP-ready/benchmark/runtime/results/deepseek-r1-lmstudio/ctrl_study_a_bias_generations.jsonl,/Users/ryangichuru/Documents/SSD-K/Uni/3rd year/NLP-ready/benchmark/runtime/results/deepseek-r1-lmstudio/ctrl_study_a_bias_generations.jsonl
controllability,study_a_bias,deepseek-r1-lmstudio,explicit_control,output_tokens,not_measurable,no_shared_ids,0,,,,,,,,/Users/ryangichuru/Documents/SSD-K/Uni/3rd year/NLP-ready/benchmark/runtime/results/deepseek-r1-lmstudio/ctrl_study_a_bias_generations.jsonl,/Users/ryangichuru/Documents/SSD-K/Uni/3rd year/NLP-ready/benchmark/runtime/results/deepseek-r1-lmstudio/ctrl_study_a_bias_generations.jsonl
controllability,study_a_bias,deepseek-r1-lmstudio,explicit_control,reasoning_share,not_measurable,no_shared_ids,0,,,,,,,,/Users/ryangichuru/Documents/SSD-K/Uni/3rd year/NLP-ready/benchmark/runtime/results/deepseek-r1-lmstudio/ctrl_study_a_bias_generations.jsonl,/Users/ryangichuru/Documents/SSD-K/Uni/3rd year/NLP-ready/benchmark/runtime/results/deepseek-r1-lmstudio/ctrl_study_a_bias_generations.jsonl
controllability,study_a_bias,deepseek-r1-lmstudio,explicit_control,reasoning_marker_present,not_measurable,no_shared_ids,0,,,,,,,,/Users/ryangichuru/Documents/SSD-K/Uni/3rd year/NLP-ready/benchmark/runtime/results/deepseek-r1-lmstudio/ctrl_study_a_bias_generations.jsonl,/Users/ryangichuru/Documents/SSD-K/Uni/3rd year/NLP-ready/benchmark/runtime/results/deepseek-r1-lmstudio/ctrl_study_a_bias_generations.jsonl
controllability,study_a_bias,deepseek-r1-lmstudio,explicit_control,final_answer_marker_present,not_measurable,no_shared_ids,0,,,,,,,,/Users/ryangichuru/Documents/SSD-K/Uni/3rd year/NLP-ready/benchmark/runtime/results/deepseek-r1-lmstudio/ctrl_study_a_bias_generations.jsonl,/Users/ryangichuru/Documents/SSD-K/Uni/3rd year/NLP-ready/benchmark/runtime/results/deepseek-r1-lmstudio/ctrl_study_a_bias_generations.jsonl
controllability,study_a_bias,deepseek-r1-lmstudio,explicit_control,control_phrase_adherence,not_measurable,no_shared_ids,0,,,,,,,,/Users/ryangichuru/Documents/SSD-K/Uni/3rd year/NLP-ready/benchmark/runtime/results/deepseek-r1-lmstudio/ctrl_study_a_bias_generations.jsonl,/Users/ryangichuru/Documents/SSD-K/Uni/3rd year/NLP-ready/benchmark/runtime/results/deepseek-r1-lmstudio/ctrl_study_a_bias_generations.jsonl
controllability,study_a_bias,deepseek-r1-lmstudio,explicit_control,meta_discussion_present,not_measurable,no_shared_ids,0,,,,,,,,/Users/ryangichuru/Documents/SSD-K/Uni/3rd year/NLP-ready/benchmark/runtime/results/deepseek-r1-lmstudio/ctrl_study_a_bias_generations.jsonl,/Users/ryangichuru/Documents/SSD-K/Uni/3rd year/NLP-ready/benchmark/runtime/results/deepseek-r1-lmstudio/ctrl_study_a_bias_generations.jsonl
controllability,study_a_bias,deepseek-r1-lmstudio,explicit_control,reasoning_control_success_proxy,not_measurable,no_shared_ids,0,,,,,,,,/Users/ryangichuru/Documents/SSD-K/Uni/3rd year/NLP-ready/benchmark/runtime/results/deepseek-r1-lmstudio/ctrl_study_a_bias_generations.jsonl,/Users/ryangichuru/Documents/SSD-K/Uni/3rd year/NLP-ready/benchmark/runtime/results/deepseek-r1-lmstudio/ctrl_study_a_bias_generations.jsonl
controllability,study_a_bias,deepseek-r1-lmstudio,explicit_control,output_control_success_proxy,not_measurable,no_shared_ids,0,,,,,,,,/Users/ryangichuru/Documents/SSD-K/Uni/3rd year/NLP-ready/benchmark/runtime/results/deepseek-r1-lmstudio/ctrl_study_a_bias_generations.jsonl,/Users/ryangichuru/Documents/SSD-K/Uni/3rd year/NLP-ready/benchmark/runtime/results/deepseek-r1-lmstudio/ctrl_study_a_bias_generations.jsonl
controllability,study_a_bias,deepseek-r1-lmstudio,explicit_control,control_adherence_without_meta_discussion,not_measurable,no_shared_ids,0,,,,,,,,/Users/ryangichuru/Documents/SSD-K/Uni/3rd year/NLP-ready/benchmark/runtime/results/deepseek-r1-lmstudio/ctrl_study_a_bias_generations.jsonl,/Users/ryangichuru/Documents/SSD-K/Uni/3rd year/NLP-ready/benchmark/runtime/results/deepseek-r1-lmstudio/ctrl_study_a_bias_generations.jsonl
controllability,study_b,deepseek-r1-lmstudio,generic_control,visible_reasoning_tokens,missing_cache,missing_cache,0,,,,,,,,,
controllability,study_b,deepseek-r1-lmstudio,generic_control,output_tokens,missing_cache,missing_cache,0,,,,,,,,,
controllability,study_b,deepseek-r1-lmstudio,generic_control,reasoning_share,missing_cache,missing_cache,0,,,,,,,,,
controllability,study_b,deepseek-r1-lmstudio,generic_control,reasoning_marker_present,missing_cache,missing_cache,0,,,,,,,,,
controllability,study_b,deepseek-r1-lmstudio,generic_control,final_answer_marker_present,missing_cache,missing_cache,0,,,,,,,,,
controllability,study_b,deepseek-r1-lmstudio,generic_control,control_phrase_adherence,missing_cache,missing_cache,0,,,,,,,,,
controllability,study_b,deepseek-r1-lmstudio,generic_control,meta_discussion_present,missing_cache,missing_cache,0,,,,,,,,,
controllability,study_b,deepseek-r1-lmstudio,generic_control,reasoning_control_success_proxy,missing_cache,missing_cache,0,,,,,,,,,
controllability,study_b,deepseek-r1-lmstudio,generic_control,output_control_success_proxy,missing_cache,missing_cache,0,,,,,,,,,
controllability,study_b,deepseek-r1-lmstudio,generic_control,control_adherence_without_meta_discussion,missing_cache,missing_cache,0,,,,,,,,,
controllability,study_b,deepseek-r1-lmstudio,explicit_control,visible_reasoning_tokens,missing_cache,missing_cache,0,,,,,,,,,
controllability,study_b,deepseek-r1-lmstudio,explicit_control,output_tokens,missing_cache,missing_cache,0,,,,,,,,,
controllability,study_b,deepseek-r1-lmstudio,explicit_control,reasoning_share,missing_cache,missing_cache,0,,,,,,,,,
controllability,study_b,deepseek-r1-lmstudio,explicit_control,reasoning_marker_present,missing_cache,missing_cache,0,,,,,,,,,
controllability,study_b,deepseek-r1-lmstudio,explicit_control,final_answer_marker_present,missing_cache,missing_cache,0,,,,,,,,,
controllability,study_b,deepseek-r1-lmstudio,explicit_control,control_phrase_adherence,missing_cache,missing_cache,0,,,,,,,,,
controllability,study_b,deepseek-r1-lmstudio,explicit_control,meta_discussion_present,missing_cache,missing_cache,0,,,,,,,,,
controllability,study_b,deepseek-r1-lmstudio,explicit_control,reasoning_control_success_proxy,missing_cache,missing_cache,0,,,,,,,,,
controllability,study_b,deepseek-r1-lmstudio,explicit_control,output_control_success_proxy,missing_cache,missing_cache,0,,,,,,,,,
controllability,study_b,deepseek-r1-lmstudio,explicit_control,control_adherence_without_meta_discussion,missing_cache,missing_cache,0,,,,,,,,,
controllability,study_b_multi_turn,deepseek-r1-lmstudio,generic_control,visible_reasoning_tokens,missing_cache,missing_cache,0,,,,,,,,,
controllability,study_b_multi_turn,deepseek-r1-lmstudio,generic_control,output_tokens,missing_cache,missing_cache,0,,,,,,,,,
controllability,study_b_multi_turn,deepseek-r1-lmstudio,generic_control,reasoning_share,missing_cache,missing_cache,0,,,,,,,,,
controllability,study_b_multi_turn,deepseek-r1-lmstudio,generic_control,reasoning_marker_present,missing_cache,missing_cache,0,,,,,,,,,
controllability,study_b_multi_turn,deepseek-r1-lmstudio,generic_control,final_answer_marker_present,missing_cache,missing_cache,0,,,,,,,,,
controllability,study_b_multi_turn,deepseek-r1-lmstudio,generic_control,control_phrase_adherence,missing_cache,missing_cache,0,,,,,,,,,
controllability,study_b_multi_turn,deepseek-r1-lmstudio,generic_control,meta_discussion_present,missing_cache,missing_cache,0,,,,,,,,,
controllability,study_b_multi_turn,deepseek-r1-lmstudio,generic_control,reasoning_control_success_proxy,missing_cache,missing_cache,0,,,,,,,,,
controllability,study_b_multi_turn,deepseek-r1-lmstudio,generic_control,output_control_success_proxy,missing_cache,missing_cache,0,,,,,,,,,
controllability,study_b_multi_turn,deepseek-r1-lmstudio,generic_control,control_adherence_without_meta_discussion,missing_cache,missing_cache,0,,,,,,,,,
controllability,study_b_multi_turn,deepseek-r1-lmstudio,explicit_control,visible_reasoning_tokens,missing_cache,missing_cache,0,,,,,,,,,
controllability,study_b_multi_turn,deepseek-r1-lmstudio,explicit_control,output_tokens,missing_cache,missing_cache,0,,,,,,,,,
controllability,study_b_multi_turn,deepseek-r1-lmstudio,explicit_control,reasoning_share,missing_cache,missing_cache,0,,,,,,,,,
controllability,study_b_multi_turn,deepseek-r1-lmstudio,explicit_control,reasoning_marker_present,missing_cache,missing_cache,0,,,,,,,,,
controllability,study_b_multi_turn,deepseek-r1-lmstudio,explicit_control,final_answer_marker_present,missing_cache,missing_cache,0,,,,,,,,,
controllability,study_b_multi_turn,deepseek-r1-lmstudio,explicit_control,control_phrase_adherence,missing_cache,missing_cache,0,,,,,,,,,
controllability,study_b_multi_turn,deepseek-r1-lmstudio,explicit_control,meta_discussion_present,missing_cache,missing_cache,0,,,,,,,,,
controllability,study_b_multi_turn,deepseek-r1-lmstudio,explicit_control,reasoning_control_success_proxy,missing_cache,missing_cache,0,,,,,,,,,
controllability,study_b_multi_turn,deepseek-r1-lmstudio,explicit_control,output_control_success_proxy,missing_cache,missing_cache,0,,,,,,,,,
controllability,study_b_multi_turn,deepseek-r1-lmstudio,explicit_control,control_adherence_without_meta_discussion,missing_cache,missing_cache,0,,,,,,,,,
controllability,study_c,deepseek-r1-lmstudio,generic_control,visible_reasoning_tokens,missing_cache,missing_cache,0,,,,,,,,,
controllability,study_c,deepseek-r1-lmstudio,generic_control,output_tokens,missing_cache,missing_cache,0,,,,,,,,,
controllability,study_c,deepseek-r1-lmstudio,generic_control,reasoning_share,missing_cache,missing_cache,0,,,,,,,,,
controllability,study_c,deepseek-r1-lmstudio,generic_control,reasoning_marker_present,missing_cache,missing_cache,0,,,,,,,,,
controllability,study_c,deepseek-r1-lmstudio,generic_control,final_answer_marker_present,missing_cache,missing_cache,0,,,,,,,,,
controllability,study_c,deepseek-r1-lmstudio,generic_control,control_phrase_adherence,missing_cache,missing_cache,0,,,,,,,,,
controllability,study_c,deepseek-r1-lmstudio,generic_control,meta_discussion_present,missing_cache,missing_cache,0,,,,,,,,,
controllability,study_c,deepseek-r1-lmstudio,generic_control,reasoning_control_success_proxy,missing_cache,missing_cache,0,,,,,,,,,
controllability,study_c,deepseek-r1-lmstudio,generic_control,output_control_success_proxy,missing_cache,missing_cache,0,,,,,,,,,
controllability,study_c,deepseek-r1-lmstudio,generic_control,control_adherence_without_meta_discussion,missing_cache,missing_cache,0,,,,,,,,,
controllability,study_c,deepseek-r1-lmstudio,explicit_control,visible_reasoning_tokens,missing_cache,missing_cache,0,,,,,,,,,
controllability,study_c,deepseek-r1-lmstudio,explicit_control,output_tokens,missing_cache,missing_cache,0,,,,,,,,,
controllability,study_c,deepseek-r1-lmstudio,explicit_control,reasoning_share,missing_cache,missing_cache,0,,,,,,,,,
controllability,study_c,deepseek-r1-lmstudio,explicit_control,reasoning_marker_present,missing_cache,missing_cache,0,,,,,,,,,
controllability,study_c,deepseek-r1-lmstudio,explicit_control,final_answer_marker_present,missing_cache,missing_cache,0,,,,,,,,,
controllability,study_c,deepseek-r1-lmstudio,explicit_control,control_phrase_adherence,missing_cache,missing_cache,0,,,,,,,,,
controllability,study_c,deepseek-r1-lmstudio,explicit_control,meta_discussion_present,missing_cache,missing_cache,0,,,,,,,,,
controllability,study_c,deepseek-r1-lmstudio,explicit_control,reasoning_control_success_proxy,missing_cache,missing_cache,0,,,,,,,,,
controllability,study_c,deepseek-r1-lmstudio,explicit_control,output_control_success_proxy,missing_cache,missing_cache,0,,,,,,,,,
controllability,study_c,deepseek-r1-lmstudio,explicit_control,control_adherence_without_meta_discussion,missing_cache,missing_cache,0,,,,,,,,,
controllability,study_a,piaget-8b-local,generic_control,visible_reasoning_tokens,ok,,300,551.46,425.35,-126.11,-110.5,-150.81,-98.67333333333333,0.0001596236299721,/Users/ryangichuru/Documents/SSD-K/Uni/3rd year/NLP-ready/benchmark/runtime/results/piaget-8b-local/ctrl_study_a_generations.jsonl,/Users/ryangichuru/Documents/SSD-K/Uni/3rd year/NLP-ready/benchmark/runtime/results/piaget-8b-local/ctrl_study_a_generations.jsonl
controllability,study_a,piaget-8b-local,generic_control,output_tokens,ok,,300,814.11,582.2966666666666,-231.81333333333333,-233.5,-255.76333333333332,-208.79333333333332,0.0001596236299721,/Users/ryangichuru/Documents/SSD-K/Uni/3rd year/NLP-ready/benchmark/runtime/results/piaget-8b-local/ctrl_study_a_generations.jsonl,/Users/ryangichuru/Documents/SSD-K/Uni/3rd year/NLP-ready/benchmark/runtime/results/piaget-8b-local/ctrl_study_a_generations.jsonl
controllability,study_a,piaget-8b-local,generic_control,reasoning_share,ok,,296,0.6778889572059772,0.7320455221071998,0.05415656490122241,0.04705334297474695,0.029677119442899764,0.07987060006076648,0.0001596236299721,/Users/ryangichuru/Documents/SSD-K/Uni/3rd year/NLP-ready/benchmark/runtime/results/piaget-8b-local/ctrl_study_a_generations.jsonl,/Users/ryangichuru/Documents/SSD-K/Uni/3rd year/NLP-ready/benchmark/runtime/results/piaget-8b-local/ctrl_study_a_generations.jsonl
controllability,study_a,piaget-8b-local,generic_control,reasoning_marker_present,ok,,300,0.9966666666666667,0.99,-0.006666666666666667,0.0,-0.02,0.0033333333333333335,0.0001596236299721,/Users/ryangichuru/Documents/SSD-K/Uni/3rd year/NLP-ready/benchmark/runtime/results/piaget-8b-local/ctrl_study_a_generations.jsonl,/Users/ryangichuru/Documents/SSD-K/Uni/3rd year/NLP-ready/benchmark/runtime/results/piaget-8b-local/ctrl_study_a_generations.jsonl
controllability,study_a,piaget-8b-local,generic_control,final_answer_marker_present,ok,,300,0.7566666666666667,0.9866666666666667,0.23,0.0,0.18333333333333332,0.28,0.0001596236299721,/Users/ryangichuru/Documents/SSD-K/Uni/3rd year/NLP-ready/benchmark/runtime/results/piaget-8b-local/ctrl_study_a_generations.jsonl,/Users/ryangichuru/Documents/SSD-K/Uni/3rd year/NLP-ready/benchmark/runtime/results/piaget-8b-local/ctrl_study_a_generations.jsonl
controllability,study_a,piaget-8b-local,generic_control,control_phrase_adherence,not_measurable,no_control_prompt_rule,0,,,,,,,0.0001596236299721,/Users/ryangichuru/Documents/SSD-K/Uni/3rd year/NLP-ready/benchmark/runtime/results/piaget-8b-local/ctrl_study_a_generations.jsonl,/Users/ryangichuru/Documents/SSD-K/Uni/3rd year/NLP-ready/benchmark/runtime/results/piaget-8b-local/ctrl_study_a_generations.jsonl
controllability,study_a,piaget-8b-local,generic_control,meta_discussion_present,ok,,300,0.82,0.7466666666666667,-0.07333333333333333,0.0,-0.13333333333333333,-0.013333333333333334,0.0001596236299721,/Users/ryangichuru/Documents/SSD-K/Uni/3rd year/NLP-ready/benchmark/runtime/results/piaget-8b-local/ctrl_study_a_generations.jsonl,/Users/ryangichuru/Documents/SSD-K/Uni/3rd year/NLP-ready/benchmark/runtime/results/piaget-8b-local/ctrl_study_a_generations.jsonl
controllability,study_a,piaget-8b-local,generic_control,reasoning_control_success_proxy,ok,,300,0.9966666666666667,0.99,-0.006666666666666667,0.0,-0.02,0.0033333333333333335,0.0001596236299721,/Users/ryangichuru/Documents/SSD-K/Uni/3rd year/NLP-ready/benchmark/runtime/results/piaget-8b-local/ctrl_study_a_generations.jsonl,/Users/ryangichuru/Documents/SSD-K/Uni/3rd year/NLP-ready/benchmark/runtime/results/piaget-8b-local/ctrl_study_a_generations.jsonl
controllability,study_a,piaget-8b-local,generic_control,output_control_success_proxy,ok,,300,0.7566666666666667,0.9866666666666667,0.23,0.0,0.17666666666666667,0.28,0.0001596236299721,/Users/ryangichuru/Documents/SSD-K/Uni/3rd year/NLP-ready/benchmark/runtime/results/piaget-8b-local/ctrl_study_a_generations.jsonl,/Users/ryangichuru/Documents/SSD-K/Uni/3rd year/NLP-ready/benchmark/runtime/results/piaget-8b-local/ctrl_study_a_generations.jsonl
controllability,study_a,piaget-8b-local,generic_control,control_adherence_without_meta_discussion,not_measurable,metric_not_applicable,0,,,,,,,0.0001596236299721,/Users/ryangichuru/Documents/SSD-K/Uni/3rd year/NLP-ready/benchmark/runtime/results/piaget-8b-local/ctrl_study_a_generations.jsonl,/Users/ryangichuru/Documents/SSD-K/Uni/3rd year/NLP-ready/benchmark/runtime/results/piaget-8b-local/ctrl_study_a_generations.jsonl
controllability,study_a,piaget-8b-local,explicit_control,visible_reasoning_tokens,ok,,300,551.46,454.85,-96.61,-93.0,-123.21,-69.58333333333333,3.588942333679161e-05,/Users/ryangichuru/Documents/SSD-K/Uni/3rd year/NLP-ready/benchmark/runtime/results/piaget-8b-local/ctrl_study_a_generations.jsonl,/Users/ryangichuru/Documents/SSD-K/Uni/3rd year/NLP-ready/benchmark/runtime/results/piaget-8b-local/ctrl_study_a_generations.jsonl
controllability,study_a,piaget-8b-local,explicit_control,output_tokens,ok,,300,814.11,807.2333333333333,-6.876666666666667,-2.5,-36.903333333333336,21.17,3.588942333679161e-05,/Users/ryangichuru/Documents/SSD-K/Uni/3rd year/NLP-ready/benchmark/runtime/results/piaget-8b-local/ctrl_study_a_generations.jsonl,/Users/ryangichuru/Documents/SSD-K/Uni/3rd year/NLP-ready/benchmark/runtime/results/piaget-8b-local/ctrl_study_a_generations.jsonl
controllability,study_a,piaget-8b-local,explicit_control,reasoning_share,ok,,292,0.6816616094445679,0.5605321927290413,-0.12112941671552661,-0.08683920075057922,-0.1432829216258129,-0.09926542868240935,3.588942333679161e-05,/Users/ryangichuru/Documents/SSD-K/Uni/3rd year/NLP-ready/benchmark/runtime/results/piaget-8b-local/ctrl_study_a_generations.jsonl,/Users/ryangichuru/Documents/SSD-K/Uni/3rd year/NLP-ready/benchmark/runtime/results/piaget-8b-local/ctrl_study_a_generations.jsonl
controllability,study_a,piaget-8b-local,explicit_control,reasoning_marker_present,ok,,300,0.9966666666666667,0.9766666666666667,-0.02,0.0,-0.04,-0.0033333333333333335,3.588942333679161e-05,/Users/ryangichuru/Documents/SSD-K/Uni/3rd year/NLP-ready/benchmark/runtime/results/piaget-8b-local/ctrl_study_a_generations.jsonl,/Users/ryangichuru/Documents/SSD-K/Uni/3rd year/NLP-ready/benchmark/runtime/results/piaget-8b-local/ctrl_study_a_generations.jsonl
controllability,study_a,piaget-8b-local,explicit_control,final_answer_marker_present,ok,,300,0.7566666666666667,0.9566666666666667,0.2,0.0,0.14333333333333334,0.25666666666666665,3.588942333679161e-05,/Users/ryangichuru/Documents/SSD-K/Uni/3rd year/NLP-ready/benchmark/runtime/results/piaget-8b-local/ctrl_study_a_generations.jsonl,/Users/ryangichuru/Documents/SSD-K/Uni/3rd year/NLP-ready/benchmark/runtime/results/piaget-8b-local/ctrl_study_a_generations.jsonl
controllability,study_a,piaget-8b-local,explicit_control,control_phrase_adherence,not_measurable,no_control_prompt_rule,0,,,,,,,3.588942333679161e-05,/Users/ryangichuru/Documents/SSD-K/Uni/3rd year/NLP-ready/benchmark/runtime/results/piaget-8b-local/ctrl_study_a_generations.jsonl,/Users/ryangichuru/Documents/SSD-K/Uni/3rd year/NLP-ready/benchmark/runtime/results/piaget-8b-local/ctrl_study_a_generations.jsonl
controllability,study_a,piaget-8b-local,explicit_control,meta_discussion_present,ok,,300,0.82,0.7633333333333333,-0.056666666666666664,0.0,-0.11333333333333333,0.0,3.588942333679161e-05,/Users/ryangichuru/Documents/SSD-K/Uni/3rd year/NLP-ready/benchmark/runtime/results/piaget-8b-local/ctrl_study_a_generations.jsonl,/Users/ryangichuru/Documents/SSD-K/Uni/3rd year/NLP-ready/benchmark/runtime/results/piaget-8b-local/ctrl_study_a_generations.jsonl
controllability,study_a,piaget-8b-local,explicit_control,reasoning_control_success_proxy,ok,,300,0.9966666666666667,0.9766666666666667,-0.02,0.0,-0.04,-0.0033333333333333335,3.588942333679161e-05,/Users/ryangichuru/Documents/SSD-K/Uni/3rd year/NLP-ready/benchmark/runtime/results/piaget-8b-local/ctrl_study_a_generations.jsonl,/Users/ryangichuru/Documents/SSD-K/Uni/3rd year/NLP-ready/benchmark/runtime/results/piaget-8b-local/ctrl_study_a_generations.jsonl
controllability,study_a,piaget-8b-local,explicit_control,output_control_success_proxy,ok,,300,0.7566666666666667,0.9566666666666667,0.2,0.0,0.14333333333333334,0.25333333333333335,3.588942333679161e-05,/Users/ryangichuru/Documents/SSD-K/Uni/3rd year/NLP-ready/benchmark/runtime/results/piaget-8b-local/ctrl_study_a_generations.jsonl,/Users/ryangichuru/Documents/SSD-K/Uni/3rd year/NLP-ready/benchmark/runtime/results/piaget-8b-local/ctrl_study_a_generations.jsonl
controllability,study_a,piaget-8b-local,explicit_control,control_adherence_without_meta_discussion,not_measurable,metric_not_applicable,0,,,,,,,3.588942333679161e-05,/Users/ryangichuru/Documents/SSD-K/Uni/3rd year/NLP-ready/benchmark/runtime/results/piaget-8b-local/ctrl_study_a_generations.jsonl,/Users/ryangichuru/Documents/SSD-K/Uni/3rd year/NLP-ready/benchmark/runtime/results/piaget-8b-local/ctrl_study_a_generations.jsonl
controllability,study_a_bias,piaget-8b-local,generic_control,visible_reasoning_tokens,ok,,266,589.109022556391,450.1578947368421,-138.95112781954887,-116.0,-169.56766917293234,-107.98496240601504,0.0037878787878787,/Users/ryangichuru/Documents/SSD-K/Uni/3rd year/NLP-ready/benchmark/runtime/results/piaget-8b-local/ctrl_study_a_bias_generations.jsonl,/Users/ryangichuru/Documents/SSD-K/Uni/3rd year/NLP-ready/benchmark/runtime/results/piaget-8b-local/ctrl_study_a_bias_generations.jsonl
controllability,study_a_bias,piaget-8b-local,generic_control,output_tokens,ok,,266,764.2857142857143,612.5488721804511,-151.73684210526315,-148.5,-183.8684210526316,-119.4624060150376,0.0037878787878787,/Users/ryangichuru/Documents/SSD-K/Uni/3rd year/NLP-ready/benchmark/runtime/results/piaget-8b-local/ctrl_study_a_bias_generations.jsonl,/Users/ryangichuru/Documents/SSD-K/Uni/3rd year/NLP-ready/benchmark/runtime/results/piaget-8b-local/ctrl_study_a_bias_generations.jsonl
controllability,study_a_bias,piaget-8b-local,generic_control,reasoning_share,ok,,264,0.7623844216787862,0.7278657318297799,-0.03451868984900631,-0.012646457372851028,-0.05520543372064746,-0.014284175315875206,0.0037878787878787,/Users/ryangichuru/Documents/SSD-K/Uni/3rd year/NLP-ready/benchmark/runtime/results/piaget-8b-local/ctrl_study_a_bias_generations.jsonl,/Users/ryangichuru/Documents/SSD-K/Uni/3rd year/NLP-ready/benchmark/runtime/results/piaget-8b-local/ctrl_study_a_bias_generations.jsonl
controllability,study_a_bias,piaget-8b-local,generic_control,reasoning_marker_present,ok,,266,0.9924812030075187,1.0,0.007518796992481203,0.0,0.0,0.018796992481203006,0.0037878787878787,/Users/ryangichuru/Documents/SSD-K/Uni/3rd year/NLP-ready/benchmark/runtime/results/piaget-8b-local/ctrl_study_a_bias_generations.jsonl,/Users/ryangichuru/Documents/SSD-K/Uni/3rd year/NLP-ready/benchmark/runtime/results/piaget-8b-local/ctrl_study_a_bias_generations.jsonl
controllability,study_a_bias,piaget-8b-local,generic_control,final_answer_marker_present,ok,,266,0.34962406015037595,0.33458646616541354,-0.015037593984962405,0.0,-0.09022556390977443,0.06766917293233082,0.0037878787878787,/Users/ryangichuru/Documents/SSD-K/Uni/3rd year/NLP-ready/benchmark/runtime/results/piaget-8b-local/ctrl_study_a_bias_generations.jsonl,/Users/ryangichuru/Documents/SSD-K/Uni/3rd year/NLP-ready/benchmark/runtime/results/piaget-8b-local/ctrl_study_a_bias_generations.jsonl
controllability,study_a_bias,piaget-8b-local,generic_control,control_phrase_adherence,ok,,266,0.9924812030075187,0.7781954887218046,-0.2142857142857143,-0.33333333333333337,-0.2368421052631579,-0.1917293233082707,0.0037878787878787,/Users/ryangichuru/Documents/SSD-K/Uni/3rd year/NLP-ready/benchmark/runtime/results/piaget-8b-local/ctrl_study_a_bias_generations.jsonl,/Users/ryangichuru/Documents/SSD-K/Uni/3rd year/NLP-ready/benchmark/runtime/results/piaget-8b-local/ctrl_study_a_bias_generations.jsonl
controllability,study_a_bias,piaget-8b-local,generic_control,meta_discussion_present,ok,,266,0.47368421052631576,0.44360902255639095,-0.03007518796992481,0.0,-0.10526315789473684,0.045112781954887216,0.0037878787878787,/Users/ryangichuru/Documents/SSD-K/Uni/3rd year/NLP-ready/benchmark/runtime/results/piaget-8b-local/ctrl_study_a_bias_generations.jsonl,/Users/ryangichuru/Documents/SSD-K/Uni/3rd year/NLP-ready/benchmark/runtime/results/piaget-8b-local/ctrl_study_a_bias_generations.jsonl
controllability,study_a_bias,piaget-8b-local,generic_control,reasoning_control_success_proxy,ok,,266,0.9924812030075187,1.0,0.007518796992481203,0.0,0.0,0.018796992481203006,0.0037878787878787,/Users/ryangichuru/Documents/SSD-K/Uni/3rd year/NLP-ready/benchmark/runtime/results/piaget-8b-local/ctrl_study_a_bias_generations.jsonl,/Users/ryangichuru/Documents/SSD-K/Uni/3rd year/NLP-ready/benchmark/runtime/results/piaget-8b-local/ctrl_study_a_bias_generations.jsonl
controllability,study_a_bias,piaget-8b-local,generic_control,output_control_success_proxy,ok,,266,0.34962406015037595,0.33458646616541354,-0.015037593984962405,0.0,-0.09022556390977443,0.06015037593984962,0.0037878787878787,/Users/ryangichuru/Documents/SSD-K/Uni/3rd year/NLP-ready/benchmark/runtime/results/piaget-8b-local/ctrl_study_a_bias_generations.jsonl,/Users/ryangichuru/Documents/SSD-K/Uni/3rd year/NLP-ready/benchmark/runtime/results/piaget-8b-local/ctrl_study_a_bias_generations.jsonl
controllability,study_a_bias,piaget-8b-local,generic_control,control_adherence_without_meta_discussion,ok,,266,0.518796992481203,0.556390977443609,0.03759398496240601,0.0,-0.03759398496240601,0.11278195488721804,0.0037878787878787,/Users/ryangichuru/Documents/SSD-K/Uni/3rd year/NLP-ready/benchmark/runtime/results/piaget-8b-local/ctrl_study_a_bias_generations.jsonl,/Users/ryangichuru/Documents/SSD-K/Uni/3rd year/NLP-ready/benchmark/runtime/results/piaget-8b-local/ctrl_study_a_bias_generations.jsonl
controllability,study_a_bias,piaget-8b-local,explicit_control,visible_reasoning_tokens,ok,,265,588.5169811320754,513.4528301886793,-75.06415094339623,-69.0,-112.41509433962264,-38.89811320754717,0.0038167938931297,/Users/ryangichuru/Documents/SSD-K/Uni/3rd year/NLP-ready/benchmark/runtime/results/piaget-8b-local/ctrl_study_a_bias_generations.jsonl,/Users/ryangichuru/Documents/SSD-K/Uni/3rd year/NLP-ready/benchmark/runtime/results/piaget-8b-local/ctrl_study_a_bias_generations.jsonl
controllability,study_a_bias,piaget-8b-local,explicit_control,output_tokens,ok,,265,764.3396226415094,698.9358490566037,-65.40377358490566,-67.0,-100.22641509433963,-31.91698113207547,0.0038167938931297,/Users/ryangichuru/Documents/SSD-K/Uni/3rd year/NLP-ready/benchmark/runtime/results/piaget-8b-local/ctrl_study_a_bias_generations.jsonl,/Users/ryangichuru/Documents/SSD-K/Uni/3rd year/NLP-ready/benchmark/runtime/results/piaget-8b-local/ctrl_study_a_bias_generations.jsonl
controllability,study_a_bias,piaget-8b-local,explicit_control,reasoning_share,ok,,262,0.7617195608864015,0.7199967356922682,-0.04172282519413331,-0.018089459647516182,-0.06489204135780086,-0.018601649346416078,0.0038167938931297,/Users/ryangichuru/Documents/SSD-K/Uni/3rd year/NLP-ready/benchmark/runtime/results/piaget-8b-local/ctrl_study_a_bias_generations.jsonl,/Users/ryangichuru/Documents/SSD-K/Uni/3rd year/NLP-ready/benchmark/runtime/results/piaget-8b-local/ctrl_study_a_bias_generations.jsonl
controllability,study_a_bias,piaget-8b-local,explicit_control,reasoning_marker_present,ok,,265,0.9924528301886792,0.9962264150943396,0.0037735849056603774,0.0,-0.007547169811320755,0.01509433962264151,0.0038167938931297,/Users/ryangichuru/Documents/SSD-K/Uni/3rd year/NLP-ready/benchmark/runtime/results/piaget-8b-local/ctrl_study_a_bias_generations.jsonl,/Users/ryangichuru/Documents/SSD-K/Uni/3rd year/NLP-ready/benchmark/runtime/results/piaget-8b-local/ctrl_study_a_bias_generations.jsonl
controllability,study_a_bias,piaget-8b-local,explicit_control,final_answer_marker_present,ok,,265,0.35094339622641507,0.47924528301886793,0.12830188679245283,0.0,0.045283018867924525,0.20754716981132076,0.0038167938931297,/Users/ryangichuru/Documents/SSD-K/Uni/3rd year/NLP-ready/benchmark/runtime/results/piaget-8b-local/ctrl_study_a_bias_generations.jsonl,/Users/ryangichuru/Documents/SSD-K/Uni/3rd year/NLP-ready/benchmark/runtime/results/piaget-8b-local/ctrl_study_a_bias_generations.jsonl
controllability,study_a_bias,piaget-8b-local,explicit_control,control_phrase_adherence,ok,,265,0.9924528301886792,0.8238993710691823,-0.16855345911949687,-0.33333333333333337,-0.19119496855345913,-0.14465408805031446,0.0038167938931297,/Users/ryangichuru/Documents/SSD-K/Uni/3rd year/NLP-ready/benchmark/runtime/results/piaget-8b-local/ctrl_study_a_bias_generations.jsonl,/Users/ryangichuru/Documents/SSD-K/Uni/3rd year/NLP-ready/benchmark/runtime/results/piaget-8b-local/ctrl_study_a_bias_generations.jsonl
controllability,study_a_bias,piaget-8b-local,explicit_control,meta_discussion_present,ok,,265,0.4716981132075472,0.49056603773584906,0.018867924528301886,0.0,-0.06792452830188679,0.1018867924528302,0.0038167938931297,/Users/ryangichuru/Documents/SSD-K/Uni/3rd year/NLP-ready/benchmark/runtime/results/piaget-8b-local/ctrl_study_a_bias_generations.jsonl,/Users/ryangichuru/Documents/SSD-K/Uni/3rd year/NLP-ready/benchmark/runtime/results/piaget-8b-local/ctrl_study_a_bias_generations.jsonl
controllability,study_a_bias,piaget-8b-local,explicit_control,reasoning_control_success_proxy,ok,,265,0.9924528301886792,0.9962264150943396,0.0037735849056603774,0.0,-0.007547169811320755,0.018867924528301886,0.0038167938931297,/Users/ryangichuru/Documents/SSD-K/Uni/3rd year/NLP-ready/benchmark/runtime/results/piaget-8b-local/ctrl_study_a_bias_generations.jsonl,/Users/ryangichuru/Documents/SSD-K/Uni/3rd year/NLP-ready/benchmark/runtime/results/piaget-8b-local/ctrl_study_a_bias_generations.jsonl
controllability,study_a_bias,piaget-8b-local,explicit_control,output_control_success_proxy,ok,,265,0.35094339622641507,0.47924528301886793,0.12830188679245283,0.0,0.045283018867924525,0.21132075471698114,0.0038167938931297,/Users/ryangichuru/Documents/SSD-K/Uni/3rd year/NLP-ready/benchmark/runtime/results/piaget-8b-local/ctrl_study_a_bias_generations.jsonl,/Users/ryangichuru/Documents/SSD-K/Uni/3rd year/NLP-ready/benchmark/runtime/results/piaget-8b-local/ctrl_study_a_bias_generations.jsonl
controllability,study_a_bias,piaget-8b-local,explicit_control,control_adherence_without_meta_discussion,ok,,265,0.5207547169811321,0.5056603773584906,-0.01509433962264151,0.0,-0.1018867924528302,0.06792452830188679,0.0038167938931297,/Users/ryangichuru/Documents/SSD-K/Uni/3rd year/NLP-ready/benchmark/runtime/results/piaget-8b-local/ctrl_study_a_bias_generations.jsonl,/Users/ryangichuru/Documents/SSD-K/Uni/3rd year/NLP-ready/benchmark/runtime/results/piaget-8b-local/ctrl_study_a_bias_generations.jsonl
controllability,study_b,piaget-8b-local,generic_control,visible_reasoning_tokens,ok,,300,263.61,323.9,60.29,55.0,43.18333333333333,77.11333333333333,0.1133333333333333,/Users/ryangichuru/Documents/SSD-K/Uni/3rd year/NLP-ready/benchmark/runtime/results/piaget-8b-local/ctrl_study_b_generations.jsonl,/Users/ryangichuru/Documents/SSD-K/Uni/3rd year/NLP-ready/benchmark/runtime/results/piaget-8b-local/ctrl_study_b_generations.jsonl
controllability,study_b,piaget-8b-local,generic_control,output_tokens,ok,,300,587.4066666666666,416.2633333333333,-171.14333333333335,-173.5,-192.01,-149.95,0.1133333333333333,/Users/ryangichuru/Documents/SSD-K/Uni/3rd year/NLP-ready/benchmark/runtime/results/piaget-8b-local/ctrl_study_b_generations.jsonl,/Users/ryangichuru/Documents/SSD-K/Uni/3rd year/NLP-ready/benchmark/runtime/results/piaget-8b-local/ctrl_study_b_generations.jsonl
controllability,study_b,piaget-8b-local,generic_control,reasoning_share,ok,,300,0.4483252819673058,0.7718550668464952,0.32352978487918943,0.32381006467072565,0.3071917404908793,0.339663341586578,0.1133333333333333,/Users/ryangichuru/Documents/SSD-K/Uni/3rd year/NLP-ready/benchmark/runtime/results/piaget-8b-local/ctrl_study_b_generations.jsonl,/Users/ryangichuru/Documents/SSD-K/Uni/3rd year/NLP-ready/benchmark/runtime/results/piaget-8b-local/ctrl_study_b_generations.jsonl
controllability,study_b,piaget-8b-local,generic_control,reasoning_marker_present,ok,,300,0.9866666666666667,1.0,0.013333333333333334,0.0,0.0033333333333333335,0.02666666666666667,0.1133333333333333,/Users/ryangichuru/Documents/SSD-K/Uni/3rd year/NLP-ready/benchmark/runtime/results/piaget-8b-local/ctrl_study_b_generations.jsonl,/Users/ryangichuru/Documents/SSD-K/Uni/3rd year/NLP-ready/benchmark/runtime/results/piaget-8b-local/ctrl_study_b_generations.jsonl
controllability,study_b,piaget-8b-local,generic_control,final_answer_marker_present,ok,,300,0.0,0.9733333333333334,0.9733333333333334,1.0,0.9533333333333334,0.99,0.1133333333333333,/Users/ryangichuru/Documents/SSD-K/Uni/3rd year/NLP-ready/benchmark/runtime/results/piaget-8b-local/ctrl_study_b_generations.jsonl,/Users/ryangichuru/Documents/SSD-K/Uni/3rd year/NLP-ready/benchmark/runtime/results/piaget-8b-local/ctrl_study_b_generations.jsonl
controllability,study_b,piaget-8b-local,generic_control,control_phrase_adherence,not_measurable,no_control_prompt_rule,0,,,,,,,0.1133333333333333,/Users/ryangichuru/Documents/SSD-K/Uni/3rd year/NLP-ready/benchmark/runtime/results/piaget-8b-local/ctrl_study_b_generations.jsonl,/Users/ryangichuru/Documents/SSD-K/Uni/3rd year/NLP-ready/benchmark/runtime/results/piaget-8b-local/ctrl_study_b_generations.jsonl
controllability,study_b,piaget-8b-local,generic_control,meta_discussion_present,ok,,300,0.4266666666666667,0.7433333333333333,0.31666666666666665,0.0,0.24333333333333335,0.39,0.1133333333333333,/Users/ryangichuru/Documents/SSD-K/Uni/3rd year/NLP-ready/benchmark/runtime/results/piaget-8b-local/ctrl_study_b_generations.jsonl,/Users/ryangichuru/Documents/SSD-K/Uni/3rd year/NLP-ready/benchmark/runtime/results/piaget-8b-local/ctrl_study_b_generations.jsonl
controllability,study_b,piaget-8b-local,generic_control,reasoning_control_success_proxy,ok,,300,0.9866666666666667,1.0,0.013333333333333334,0.0,0.0033333333333333335,0.02666666666666667,0.1133333333333333,/Users/ryangichuru/Documents/SSD-K/Uni/3rd year/NLP-ready/benchmark/runtime/results/piaget-8b-local/ctrl_study_b_generations.jsonl,/Users/ryangichuru/Documents/SSD-K/Uni/3rd year/NLP-ready/benchmark/runtime/results/piaget-8b-local/ctrl_study_b_generations.jsonl
controllability,study_b,piaget-8b-local,generic_control,output_control_success_proxy,ok,,300,0.0,0.9733333333333334,0.9733333333333334,1.0,0.9533333333333334,0.99,0.1133333333333333,/Users/ryangichuru/Documents/SSD-K/Uni/3rd year/NLP-ready/benchmark/runtime/results/piaget-8b-local/ctrl_study_b_generations.jsonl,/Users/ryangichuru/Documents/SSD-K/Uni/3rd year/NLP-ready/benchmark/runtime/results/piaget-8b-local/ctrl_study_b_generations.jsonl
controllability,study_b,piaget-8b-local,generic_control,control_adherence_without_meta_discussion,not_measurable,metric_not_applicable,0,,,,,,,0.1133333333333333,/Users/ryangichuru/Documents/SSD-K/Uni/3rd year/NLP-ready/benchmark/runtime/results/piaget-8b-local/ctrl_study_b_generations.jsonl,/Users/ryangichuru/Documents/SSD-K/Uni/3rd year/NLP-ready/benchmark/runtime/results/piaget-8b-local/ctrl_study_b_generations.jsonl
controllability,study_b,piaget-8b-local,explicit_control,visible_reasoning_tokens,ok,,300,263.61,399.18,135.57,122.5,115.4,154.06666666666666,0.2331081081081081,/Users/ryangichuru/Documents/SSD-K/Uni/3rd year/NLP-ready/benchmark/runtime/results/piaget-8b-local/ctrl_study_b_generations.jsonl,/Users/ryangichuru/Documents/SSD-K/Uni/3rd year/NLP-ready/benchmark/runtime/results/piaget-8b-local/ctrl_study_b_generations.jsonl
controllability,study_b,piaget-8b-local,explicit_control,output_tokens,ok,,300,587.4066666666666,559.1133333333333,-28.293333333333333,-28.5,-51.43,-2.6566666666666667,0.2331081081081081,/Users/ryangichuru/Documents/SSD-K/Uni/3rd year/NLP-ready/benchmark/runtime/results/piaget-8b-local/ctrl_study_b_generations.jsonl,/Users/ryangichuru/Documents/SSD-K/Uni/3rd year/NLP-ready/benchmark/runtime/results/piaget-8b-local/ctrl_study_b_generations.jsonl
controllability,study_b,piaget-8b-local,explicit_control,reasoning_share,ok,,300,0.4483252819673058,0.7097850876462596,0.26145980567895377,0.2640221992935784,0.2446638426526871,0.2791444137047303,0.2331081081081081,/Users/ryangichuru/Documents/SSD-K/Uni/3rd year/NLP-ready/benchmark/runtime/results/piaget-8b-local/ctrl_study_b_generations.jsonl,/Users/ryangichuru/Documents/SSD-K/Uni/3rd year/NLP-ready/benchmark/runtime/results/piaget-8b-local/ctrl_study_b_generations.jsonl
controllability,study_b,piaget-8b-local,explicit_control,reasoning_marker_present,ok,,300,0.9866666666666667,1.0,0.013333333333333334,0.0,0.0033333333333333335,0.02666666666666667,0.2331081081081081,/Users/ryangichuru/Documents/SSD-K/Uni/3rd year/NLP-ready/benchmark/runtime/results/piaget-8b-local/ctrl_study_b_generations.jsonl,/Users/ryangichuru/Documents/SSD-K/Uni/3rd year/NLP-ready/benchmark/runtime/results/piaget-8b-local/ctrl_study_b_generations.jsonl
controllability,study_b,piaget-8b-local,explicit_control,final_answer_marker_present,ok,,300,0.0,0.9933333333333333,0.9933333333333333,1.0,0.9833333333333333,1.0,0.2331081081081081,/Users/ryangichuru/Documents/SSD-K/Uni/3rd year/NLP-ready/benchmark/runtime/results/piaget-8b-local/ctrl_study_b_generations.jsonl,/Users/ryangichuru/Documents/SSD-K/Uni/3rd year/NLP-ready/benchmark/runtime/results/piaget-8b-local/ctrl_study_b_generations.jsonl
controllability,study_b,piaget-8b-local,explicit_control,control_phrase_adherence,not_measurable,no_control_prompt_rule,0,,,,,,,0.2331081081081081,/Users/ryangichuru/Documents/SSD-K/Uni/3rd year/NLP-ready/benchmark/runtime/results/piaget-8b-local/ctrl_study_b_generations.jsonl,/Users/ryangichuru/Documents/SSD-K/Uni/3rd year/NLP-ready/benchmark/runtime/results/piaget-8b-local/ctrl_study_b_generations.jsonl
controllability,study_b,piaget-8b-local,explicit_control,meta_discussion_present,ok,,300,0.4266666666666667,0.7966666666666666,0.37,0.0,0.30666666666666664,0.44,0.2331081081081081,/Users/ryangichuru/Documents/SSD-K/Uni/3rd year/NLP-ready/benchmark/runtime/results/piaget-8b-local/ctrl_study_b_generations.jsonl,/Users/ryangichuru/Documents/SSD-K/Uni/3rd year/NLP-ready/benchmark/runtime/results/piaget-8b-local/ctrl_study_b_generations.jsonl
controllability,study_b,piaget-8b-local,explicit_control,reasoning_control_success_proxy,ok,,300,0.9866666666666667,1.0,0.013333333333333334,0.0,0.0033333333333333335,0.02666666666666667,0.2331081081081081,/Users/ryangichuru/Documents/SSD-K/Uni/3rd year/NLP-ready/benchmark/runtime/results/piaget-8b-local/ctrl_study_b_generations.jsonl,/Users/ryangichuru/Documents/SSD-K/Uni/3rd year/NLP-ready/benchmark/runtime/results/piaget-8b-local/ctrl_study_b_generations.jsonl
controllability,study_b,piaget-8b-local,explicit_control,output_control_success_proxy,ok,,300,0.0,0.9933333333333333,0.9933333333333333,1.0,0.9833333333333333,1.0,0.2331081081081081,/Users/ryangichuru/Documents/SSD-K/Uni/3rd year/NLP-ready/benchmark/runtime/results/piaget-8b-local/ctrl_study_b_generations.jsonl,/Users/ryangichuru/Documents/SSD-K/Uni/3rd year/NLP-ready/benchmark/runtime/results/piaget-8b-local/ctrl_study_b_generations.jsonl
controllability,study_b,piaget-8b-local,explicit_control,control_adherence_without_meta_discussion,not_measurable,metric_not_applicable,0,,,,,,,0.2331081081081081,/Users/ryangichuru/Documents/SSD-K/Uni/3rd year/NLP-ready/benchmark/runtime/results/piaget-8b-local/ctrl_study_b_generations.jsonl,/Users/ryangichuru/Documents/SSD-K/Uni/3rd year/NLP-ready/benchmark/runtime/results/piaget-8b-local/ctrl_study_b_generations.jsonl
controllability,study_b_multi_turn,piaget-8b-local,generic_control,visible_reasoning_tokens,ok,,30,226.9,227.4,0.5,8.5,-37.53333333333333,44.233333333333334,0.0691666666666666,/Users/ryangichuru/Documents/SSD-K/Uni/3rd year/NLP-ready/benchmark/runtime/results/piaget-8b-local/ctrl_study_b_multi_turn_generations.jsonl,/Users/ryangichuru/Documents/SSD-K/Uni/3rd year/NLP-ready/benchmark/runtime/results/piaget-8b-local/ctrl_study_b_multi_turn_generations.jsonl
controllability,study_b_multi_turn,piaget-8b-local,generic_control,output_tokens,ok,,30,413.53333333333336,425.8333333333333,12.3,12.5,-51.9,81.0,0.0691666666666666,/Users/ryangichuru/Documents/SSD-K/Uni/3rd year/NLP-ready/benchmark/runtime/results/piaget-8b-local/ctrl_study_b_multi_turn_generations.jsonl,/Users/ryangichuru/Documents/SSD-K/Uni/3rd year/NLP-ready/benchmark/runtime/results/piaget-8b-local/ctrl_study_b_multi_turn_generations.jsonl
controllability,study_b_multi_turn,piaget-8b-local,generic_control,reasoning_share,ok,,30,0.5487885554094384,0.5361970052344526,-0.01259155017498591,-0.013218680303025837,-0.040849447475384736,0.01622418821753008,0.0691666666666666,/Users/ryangichuru/Documents/SSD-K/Uni/3rd year/NLP-ready/benchmark/runtime/results/piaget-8b-local/ctrl_study_b_multi_turn_generations.jsonl,/Users/ryangichuru/Documents/SSD-K/Uni/3rd year/NLP-ready/benchmark/runtime/results/piaget-8b-local/ctrl_study_b_multi_turn_generations.jsonl
controllability,study_b_multi_turn,piaget-8b-local,generic_control,reasoning_marker_present,ok,,30,1.0,1.0,0.0,0.0,0.0,0.0,0.0691666666666666,/Users/ryangichuru/Documents/SSD-K/Uni/3rd year/NLP-ready/benchmark/runtime/results/piaget-8b-local/ctrl_study_b_multi_turn_generations.jsonl,/Users/ryangichuru/Documents/SSD-K/Uni/3rd year/NLP-ready/benchmark/runtime/results/piaget-8b-local/ctrl_study_b_multi_turn_generations.jsonl
controllability,study_b_multi_turn,piaget-8b-local,generic_control,final_answer_marker_present,ok,,30,0.0,0.03333333333333333,0.03333333333333333,0.0,0.0,0.1,0.0691666666666666,/Users/ryangichuru/Documents/SSD-K/Uni/3rd year/NLP-ready/benchmark/runtime/results/piaget-8b-local/ctrl_study_b_multi_turn_generations.jsonl,/Users/ryangichuru/Documents/SSD-K/Uni/3rd year/NLP-ready/benchmark/runtime/results/piaget-8b-local/ctrl_study_b_multi_turn_generations.jsonl
controllability,study_b_multi_turn,piaget-8b-local,generic_control,control_phrase_adherence,not_measurable,no_control_prompt_rule,0,,,,,,,0.0691666666666666,/Users/ryangichuru/Documents/SSD-K/Uni/3rd year/NLP-ready/benchmark/runtime/results/piaget-8b-local/ctrl_study_b_multi_turn_generations.jsonl,/Users/ryangichuru/Documents/SSD-K/Uni/3rd year/NLP-ready/benchmark/runtime/results/piaget-8b-local/ctrl_study_b_multi_turn_generations.jsonl
controllability,study_b_multi_turn,piaget-8b-local,generic_control,meta_discussion_present,ok,,30,0.6,0.6666666666666666,0.06666666666666667,0.0,-0.16666666666666666,0.26666666666666666,0.0691666666666666,/Users/ryangichuru/Documents/SSD-K/Uni/3rd year/NLP-ready/benchmark/runtime/results/piaget-8b-local/ctrl_study_b_multi_turn_generations.jsonl,/Users/ryangichuru/Documents/SSD-K/Uni/3rd year/NLP-ready/benchmark/runtime/results/piaget-8b-local/ctrl_study_b_multi_turn_generations.jsonl
controllability,study_b_multi_turn,piaget-8b-local,generic_control,reasoning_control_success_proxy,ok,,30,1.0,1.0,0.0,0.0,0.0,0.0,0.0691666666666666,/Users/ryangichuru/Documents/SSD-K/Uni/3rd year/NLP-ready/benchmark/runtime/results/piaget-8b-local/ctrl_study_b_multi_turn_generations.jsonl,/Users/ryangichuru/Documents/SSD-K/Uni/3rd year/NLP-ready/benchmark/runtime/results/piaget-8b-local/ctrl_study_b_multi_turn_generations.jsonl
controllability,study_b_multi_turn,piaget-8b-local,generic_control,output_control_success_proxy,ok,,30,0.0,0.03333333333333333,0.03333333333333333,0.0,0.0,0.1,0.0691666666666666,/Users/ryangichuru/Documents/SSD-K/Uni/3rd year/NLP-ready/benchmark/runtime/results/piaget-8b-local/ctrl_study_b_multi_turn_generations.jsonl,/Users/ryangichuru/Documents/SSD-K/Uni/3rd year/NLP-ready/benchmark/runtime/results/piaget-8b-local/ctrl_study_b_multi_turn_generations.jsonl
controllability,study_b_multi_turn,piaget-8b-local,generic_control,control_adherence_without_meta_discussion,not_measurable,metric_not_applicable,0,,,,,,,0.0691666666666666,/Users/ryangichuru/Documents/SSD-K/Uni/3rd year/NLP-ready/benchmark/runtime/results/piaget-8b-local/ctrl_study_b_multi_turn_generations.jsonl,/Users/ryangichuru/Documents/SSD-K/Uni/3rd year/NLP-ready/benchmark/runtime/results/piaget-8b-local/ctrl_study_b_multi_turn_generations.jsonl
controllability,study_b_multi_turn,piaget-8b-local,explicit_control,visible_reasoning_tokens,ok,,30,226.9,252.63333333333333,25.733333333333334,30.0,-13.266666666666667,64.56666666666666,0.1291666666666666,/Users/ryangichuru/Documents/SSD-K/Uni/3rd year/NLP-ready/benchmark/runtime/results/piaget-8b-local/ctrl_study_b_multi_turn_generations.jsonl,/Users/ryangichuru/Documents/SSD-K/Uni/3rd year/NLP-ready/benchmark/runtime/results/piaget-8b-local/ctrl_study_b_multi_turn_generations.jsonl
controllability,study_b_multi_turn,piaget-8b-local,explicit_control,output_tokens,ok,,30,413.53333333333336,408.6333333333333,-4.9,43.5,-55.46666666666667,41.666666666666664,0.1291666666666666,/Users/ryangichuru/Documents/SSD-K/Uni/3rd year/NLP-ready/benchmark/runtime/results/piaget-8b-local/ctrl_study_b_multi_turn_generations.jsonl,/Users/ryangichuru/Documents/SSD-K/Uni/3rd year/NLP-ready/benchmark/runtime/results/piaget-8b-local/ctrl_study_b_multi_turn_generations.jsonl
controllability,study_b_multi_turn,piaget-8b-local,explicit_control,reasoning_share,ok,,30,0.5487885554094384,0.6073796894389099,0.05859113402947145,0.05013952376686326,0.01790616494887506,0.09912982709670495,0.1291666666666666,/Users/ryangichuru/Documents/SSD-K/Uni/3rd year/NLP-ready/benchmark/runtime/results/piaget-8b-local/ctrl_study_b_multi_turn_generations.jsonl,/Users/ryangichuru/Documents/SSD-K/Uni/3rd year/NLP-ready/benchmark/runtime/results/piaget-8b-local/ctrl_study_b_multi_turn_generations.jsonl
controllability,study_b_multi_turn,piaget-8b-local,explicit_control,reasoning_marker_present,ok,,30,1.0,1.0,0.0,0.0,0.0,0.0,0.1291666666666666,/Users/ryangichuru/Documents/SSD-K/Uni/3rd year/NLP-ready/benchmark/runtime/results/piaget-8b-local/ctrl_study_b_multi_turn_generations.jsonl,/Users/ryangichuru/Documents/SSD-K/Uni/3rd year/NLP-ready/benchmark/runtime/results/piaget-8b-local/ctrl_study_b_multi_turn_generations.jsonl
controllability,study_b_multi_turn,piaget-8b-local,explicit_control,final_answer_marker_present,ok,,30,0.0,0.0,0.0,0.0,0.0,0.0,0.1291666666666666,/Users/ryangichuru/Documents/SSD-K/Uni/3rd year/NLP-ready/benchmark/runtime/results/piaget-8b-local/ctrl_study_b_multi_turn_generations.jsonl,/Users/ryangichuru/Documents/SSD-K/Uni/3rd year/NLP-ready/benchmark/runtime/results/piaget-8b-local/ctrl_study_b_multi_turn_generations.jsonl
controllability,study_b_multi_turn,piaget-8b-local,explicit_control,control_phrase_adherence,not_measurable,no_control_prompt_rule,0,,,,,,,0.1291666666666666,/Users/ryangichuru/Documents/SSD-K/Uni/3rd year/NLP-ready/benchmark/runtime/results/piaget-8b-local/ctrl_study_b_multi_turn_generations.jsonl,/Users/ryangichuru/Documents/SSD-K/Uni/3rd year/NLP-ready/benchmark/runtime/results/piaget-8b-local/ctrl_study_b_multi_turn_generations.jsonl
controllability,study_b_multi_turn,piaget-8b-local,explicit_control,meta_discussion_present,ok,,30,0.6,0.9333333333333333,0.3333333333333333,0.0,0.13333333333333333,0.5333333333333333,0.1291666666666666,/Users/ryangichuru/Documents/SSD-K/Uni/3rd year/NLP-ready/benchmark/runtime/results/piaget-8b-local/ctrl_study_b_multi_turn_generations.jsonl,/Users/ryangichuru/Documents/SSD-K/Uni/3rd year/NLP-ready/benchmark/runtime/results/piaget-8b-local/ctrl_study_b_multi_turn_generations.jsonl
controllability,study_b_multi_turn,piaget-8b-local,explicit_control,reasoning_control_success_proxy,ok,,30,1.0,1.0,0.0,0.0,0.0,0.0,0.1291666666666666,/Users/ryangichuru/Documents/SSD-K/Uni/3rd year/NLP-ready/benchmark/runtime/results/piaget-8b-local/ctrl_study_b_multi_turn_generations.jsonl,/Users/ryangichuru/Documents/SSD-K/Uni/3rd year/NLP-ready/benchmark/runtime/results/piaget-8b-local/ctrl_study_b_multi_turn_generations.jsonl
controllability,study_b_multi_turn,piaget-8b-local,explicit_control,output_control_success_proxy,ok,,30,0.0,0.0,0.0,0.0,0.0,0.0,0.1291666666666666,/Users/ryangichuru/Documents/SSD-K/Uni/3rd year/NLP-ready/benchmark/runtime/results/piaget-8b-local/ctrl_study_b_multi_turn_generations.jsonl,/Users/ryangichuru/Documents/SSD-K/Uni/3rd year/NLP-ready/benchmark/runtime/results/piaget-8b-local/ctrl_study_b_multi_turn_generations.jsonl
controllability,study_b_multi_turn,piaget-8b-local,explicit_control,control_adherence_without_meta_discussion,not_measurable,metric_not_applicable,0,,,,,,,0.1291666666666666,/Users/ryangichuru/Documents/SSD-K/Uni/3rd year/NLP-ready/benchmark/runtime/results/piaget-8b-local/ctrl_study_b_multi_turn_generations.jsonl,/Users/ryangichuru/Documents/SSD-K/Uni/3rd year/NLP-ready/benchmark/runtime/results/piaget-8b-local/ctrl_study_b_multi_turn_generations.jsonl
controllability,study_c,piaget-8b-local,generic_control,visible_reasoning_tokens,ok,,30,271.8,498.26666666666665,226.46666666666667,191.5,166.56666666666666,300.4,0.0,/Users/ryangichuru/Documents/SSD-K/Uni/3rd year/NLP-ready/benchmark/runtime/results/piaget-8b-local/ctrl_study_c_generations.jsonl,/Users/ryangichuru/Documents/SSD-K/Uni/3rd year/NLP-ready/benchmark/runtime/results/piaget-8b-local/ctrl_study_c_generations.jsonl
controllability,study_c,piaget-8b-local,generic_control,output_tokens,ok,,30,392.96666666666664,528.3333333333334,135.36666666666667,103.5,69.66666666666667,218.53333333333333,0.0,/Users/ryangichuru/Documents/SSD-K/Uni/3rd year/NLP-ready/benchmark/runtime/results/piaget-8b-local/ctrl_study_c_generations.jsonl,/Users/ryangichuru/Documents/SSD-K/Uni/3rd year/NLP-ready/benchmark/runtime/results/piaget-8b-local/ctrl_study_c_generations.jsonl
controllability,study_c,piaget-8b-local,generic_control,reasoning_share,ok,,30,0.666132929969701,0.9500482244602448,0.2839152944905438,0.3019241150166697,0.24462173643821924,0.3177883435498004,0.0,/Users/ryangichuru/Documents/SSD-K/Uni/3rd year/NLP-ready/benchmark/runtime/results/piaget-8b-local/ctrl_study_c_generations.jsonl,/Users/ryangichuru/Documents/SSD-K/Uni/3rd year/NLP-ready/benchmark/runtime/results/piaget-8b-local/ctrl_study_c_generations.jsonl
controllability,study_c,piaget-8b-local,generic_control,reasoning_marker_present,ok,,30,1.0,1.0,0.0,0.0,0.0,0.0,0.0,/Users/ryangichuru/Documents/SSD-K/Uni/3rd year/NLP-ready/benchmark/runtime/results/piaget-8b-local/ctrl_study_c_generations.jsonl,/Users/ryangichuru/Documents/SSD-K/Uni/3rd year/NLP-ready/benchmark/runtime/results/piaget-8b-local/ctrl_study_c_generations.jsonl
controllability,study_c,piaget-8b-local,generic_control,final_answer_marker_present,ok,,30,0.0,0.0,0.0,0.0,0.0,0.0,0.0,/Users/ryangichuru/Documents/SSD-K/Uni/3rd year/NLP-ready/benchmark/runtime/results/piaget-8b-local/ctrl_study_c_generations.jsonl,/Users/ryangichuru/Documents/SSD-K/Uni/3rd year/NLP-ready/benchmark/runtime/results/piaget-8b-local/ctrl_study_c_generations.jsonl
controllability,study_c,piaget-8b-local,generic_control,control_phrase_adherence,not_measurable,no_control_prompt_rule,0,,,,,,,0.0,/Users/ryangichuru/Documents/SSD-K/Uni/3rd year/NLP-ready/benchmark/runtime/results/piaget-8b-local/ctrl_study_c_generations.jsonl,/Users/ryangichuru/Documents/SSD-K/Uni/3rd year/NLP-ready/benchmark/runtime/results/piaget-8b-local/ctrl_study_c_generations.jsonl
controllability,study_c,piaget-8b-local,generic_control,meta_discussion_present,ok,,30,0.2,0.7,0.5,1.0,0.26666666666666666,0.7,0.0,/Users/ryangichuru/Documents/SSD-K/Uni/3rd year/NLP-ready/benchmark/runtime/results/piaget-8b-local/ctrl_study_c_generations.jsonl,/Users/ryangichuru/Documents/SSD-K/Uni/3rd year/NLP-ready/benchmark/runtime/results/piaget-8b-local/ctrl_study_c_generations.jsonl
controllability,study_c,piaget-8b-local,generic_control,reasoning_control_success_proxy,ok,,30,1.0,1.0,0.0,0.0,0.0,0.0,0.0,/Users/ryangichuru/Documents/SSD-K/Uni/3rd year/NLP-ready/benchmark/runtime/results/piaget-8b-local/ctrl_study_c_generations.jsonl,/Users/ryangichuru/Documents/SSD-K/Uni/3rd year/NLP-ready/benchmark/runtime/results/piaget-8b-local/ctrl_study_c_generations.jsonl
controllability,study_c,piaget-8b-local,generic_control,output_control_success_proxy,ok,,30,0.0,0.0,0.0,0.0,0.0,0.0,0.0,/Users/ryangichuru/Documents/SSD-K/Uni/3rd year/NLP-ready/benchmark/runtime/results/piaget-8b-local/ctrl_study_c_generations.jsonl,/Users/ryangichuru/Documents/SSD-K/Uni/3rd year/NLP-ready/benchmark/runtime/results/piaget-8b-local/ctrl_study_c_generations.jsonl
controllability,study_c,piaget-8b-local,generic_control,control_adherence_without_meta_discussion,not_measurable,metric_not_applicable,0,,,,,,,0.0,/Users/ryangichuru/Documents/SSD-K/Uni/3rd year/NLP-ready/benchmark/runtime/results/piaget-8b-local/ctrl_study_c_generations.jsonl,/Users/ryangichuru/Documents/SSD-K/Uni/3rd year/NLP-ready/benchmark/runtime/results/piaget-8b-local/ctrl_study_c_generations.jsonl
controllability,study_c,piaget-8b-local,explicit_control,visible_reasoning_tokens,ok,,30,271.8,683.2,411.4,278.0,203.43333333333334,672.3666666666667,0.0,/Users/ryangichuru/Documents/SSD-K/Uni/3rd year/NLP-ready/benchmark/runtime/results/piaget-8b-local/ctrl_study_c_generations.jsonl,/Users/ryangichuru/Documents/SSD-K/Uni/3rd year/NLP-ready/benchmark/runtime/results/piaget-8b-local/ctrl_study_c_generations.jsonl
controllability,study_c,piaget-8b-local,explicit_control,output_tokens,ok,,30,392.96666666666664,703.3666666666667,310.4,209.5,103.6,567.3333333333334,0.0,/Users/ryangichuru/Documents/SSD-K/Uni/3rd year/NLP-ready/benchmark/runtime/results/piaget-8b-local/ctrl_study_c_generations.jsonl,/Users/ryangichuru/Documents/SSD-K/Uni/3rd year/NLP-ready/benchmark/runtime/results/piaget-8b-local/ctrl_study_c_generations.jsonl
controllability,study_c,piaget-8b-local,explicit_control,reasoning_share,ok,,30,0.666132929969701,0.9619269506186341,0.29579402064893306,0.3138349273510564,0.26215105075140077,0.3246064960916006,0.0,/Users/ryangichuru/Documents/SSD-K/Uni/3rd year/NLP-ready/benchmark/runtime/results/piaget-8b-local/ctrl_study_c_generations.jsonl,/Users/ryangichuru/Documents/SSD-K/Uni/3rd year/NLP-ready/benchmark/runtime/results/piaget-8b-local/ctrl_study_c_generations.jsonl
controllability,study_c,piaget-8b-local,explicit_control,reasoning_marker_present,ok,,30,1.0,1.0,0.0,0.0,0.0,0.0,0.0,/Users/ryangichuru/Documents/SSD-K/Uni/3rd year/NLP-ready/benchmark/runtime/results/piaget-8b-local/ctrl_study_c_generations.jsonl,/Users/ryangichuru/Documents/SSD-K/Uni/3rd year/NLP-ready/benchmark/runtime/results/piaget-8b-local/ctrl_study_c_generations.jsonl
controllability,study_c,piaget-8b-local,explicit_control,final_answer_marker_present,ok,,30,0.0,0.06666666666666667,0.06666666666666667,0.0,0.0,0.16666666666666666,0.0,/Users/ryangichuru/Documents/SSD-K/Uni/3rd year/NLP-ready/benchmark/runtime/results/piaget-8b-local/ctrl_study_c_generations.jsonl,/Users/ryangichuru/Documents/SSD-K/Uni/3rd year/NLP-ready/benchmark/runtime/results/piaget-8b-local/ctrl_study_c_generations.jsonl
controllability,study_c,piaget-8b-local,explicit_control,control_phrase_adherence,not_measurable,no_control_prompt_rule,0,,,,,,,0.0,/Users/ryangichuru/Documents/SSD-K/Uni/3rd year/NLP-ready/benchmark/runtime/results/piaget-8b-local/ctrl_study_c_generations.jsonl,/Users/ryangichuru/Documents/SSD-K/Uni/3rd year/NLP-ready/benchmark/runtime/results/piaget-8b-local/ctrl_study_c_generations.jsonl
controllability,study_c,piaget-8b-local,explicit_control,meta_discussion_present,ok,,30,0.2,0.6,0.4,0.0,0.2,0.6,0.0,/Users/ryangichuru/Documents/SSD-K/Uni/3rd year/NLP-ready/benchmark/runtime/results/piaget-8b-local/ctrl_study_c_generations.jsonl,/Users/ryangichuru/Documents/SSD-K/Uni/3rd year/NLP-ready/benchmark/runtime/results/piaget-8b-local/ctrl_study_c_generations.jsonl
controllability,study_c,piaget-8b-local,explicit_control,reasoning_control_success_proxy,ok,,30,1.0,1.0,0.0,0.0,0.0,0.0,0.0,/Users/ryangichuru/Documents/SSD-K/Uni/3rd year/NLP-ready/benchmark/runtime/results/piaget-8b-local/ctrl_study_c_generations.jsonl,/Users/ryangichuru/Documents/SSD-K/Uni/3rd year/NLP-ready/benchmark/runtime/results/piaget-8b-local/ctrl_study_c_generations.jsonl
controllability,study_c,piaget-8b-local,explicit_control,output_control_success_proxy,ok,,30,0.0,0.06666666666666667,0.06666666666666667,0.0,0.0,0.16666666666666666,0.0,/Users/ryangichuru/Documents/SSD-K/Uni/3rd year/NLP-ready/benchmark/runtime/results/piaget-8b-local/ctrl_study_c_generations.jsonl,/Users/ryangichuru/Documents/SSD-K/Uni/3rd year/NLP-ready/benchmark/runtime/results/piaget-8b-local/ctrl_study_c_generations.jsonl
controllability,study_c,piaget-8b-local,explicit_control,control_adherence_without_meta_discussion,not_measurable,metric_not_applicable,0,,,,,,,0.0,/Users/ryangichuru/Documents/SSD-K/Uni/3rd year/NLP-ready/benchmark/runtime/results/piaget-8b-local/ctrl_study_c_generations.jsonl,/Users/ryangichuru/Documents/SSD-K/Uni/3rd year/NLP-ready/benchmark/runtime/results/piaget-8b-local/ctrl_study_c_generations.jsonl
controllability,study_a,qwen3-lmstudio,generic_control,visible_reasoning_tokens,ok,,300,574.3966666666666,421.81,-152.58666666666667,-124.5,-177.59,-126.58333333333333,0.0002386194573834,/Users/ryangichuru/Documents/SSD-K/Uni/3rd year/NLP-ready/benchmark/runtime/results/qwen3-lmstudio/ctrl_study_a_generations.jsonl,/Users/ryangichuru/Documents/SSD-K/Uni/3rd year/NLP-ready/benchmark/runtime/results/qwen3-lmstudio/ctrl_study_a_generations.jsonl
controllability,study_a,qwen3-lmstudio,generic_control,output_tokens,ok,,300,957.15,587.4133333333333,-369.7366666666667,-367.5,-391.28333333333336,-347.68333333333334,0.0002386194573834,/Users/ryangichuru/Documents/SSD-K/Uni/3rd year/NLP-ready/benchmark/runtime/results/qwen3-lmstudio/ctrl_study_a_generations.jsonl,/Users/ryangichuru/Documents/SSD-K/Uni/3rd year/NLP-ready/benchmark/runtime/results/qwen3-lmstudio/ctrl_study_a_generations.jsonl
controllability,study_a,qwen3-lmstudio,generic_control,reasoning_share,ok,,300,0.5986002968271198,0.7152857799167688,0.11668548308964893,0.10228580325187758,0.0916908455809025,0.1392535083742823,0.0002386194573834,/Users/ryangichuru/Documents/SSD-K/Uni/3rd year/NLP-ready/benchmark/runtime/results/qwen3-lmstudio/ctrl_study_a_generations.jsonl,/Users/ryangichuru/Documents/SSD-K/Uni/3rd year/NLP-ready/benchmark/runtime/results/qwen3-lmstudio/ctrl_study_a_generations.jsonl
controllability,study_a,qwen3-lmstudio,generic_control,reasoning_marker_present,ok,,300,1.0,1.0,0.0,0.0,0.0,0.0,0.0002386194573834,/Users/ryangichuru/Documents/SSD-K/Uni/3rd year/NLP-ready/benchmark/runtime/results/qwen3-lmstudio/ctrl_study_a_generations.jsonl,/Users/ryangichuru/Documents/SSD-K/Uni/3rd year/NLP-ready/benchmark/runtime/results/qwen3-lmstudio/ctrl_study_a_generations.jsonl
controllability,study_a,qwen3-lmstudio,generic_control,final_answer_marker_present,ok,,300,0.69,0.9933333333333333,0.30333333333333334,0.0,0.25333333333333335,0.3566666666666667,0.0002386194573834,/Users/ryangichuru/Documents/SSD-K/Uni/3rd year/NLP-ready/benchmark/runtime/results/qwen3-lmstudio/ctrl_study_a_generations.jsonl,/Users/ryangichuru/Documents/SSD-K/Uni/3rd year/NLP-ready/benchmark/runtime/results/qwen3-lmstudio/ctrl_study_a_generations.jsonl
controllability,study_a,qwen3-lmstudio,generic_control,control_phrase_adherence,not_measurable,no_control_prompt_rule,0,,,,,,,0.0002386194573834,/Users/ryangichuru/Documents/SSD-K/Uni/3rd year/NLP-ready/benchmark/runtime/results/qwen3-lmstudio/ctrl_study_a_generations.jsonl,/Users/ryangichuru/Documents/SSD-K/Uni/3rd year/NLP-ready/benchmark/runtime/results/qwen3-lmstudio/ctrl_study_a_generations.jsonl
controllability,study_a,qwen3-lmstudio,generic_control,meta_discussion_present,ok,,300,0.7966666666666666,0.78,-0.016666666666666666,0.0,-0.07333333333333333,0.03666666666666667,0.0002386194573834,/Users/ryangichuru/Documents/SSD-K/Uni/3rd year/NLP-ready/benchmark/runtime/results/qwen3-lmstudio/ctrl_study_a_generations.jsonl,/Users/ryangichuru/Documents/SSD-K/Uni/3rd year/NLP-ready/benchmark/runtime/results/qwen3-lmstudio/ctrl_study_a_generations.jsonl
controllability,study_a,qwen3-lmstudio,generic_control,reasoning_control_success_proxy,ok,,300,1.0,1.0,0.0,0.0,0.0,0.0,0.0002386194573834,/Users/ryangichuru/Documents/SSD-K/Uni/3rd year/NLP-ready/benchmark/runtime/results/qwen3-lmstudio/ctrl_study_a_generations.jsonl,/Users/ryangichuru/Documents/SSD-K/Uni/3rd year/NLP-ready/benchmark/runtime/results/qwen3-lmstudio/ctrl_study_a_generations.jsonl
controllability,study_a,qwen3-lmstudio,generic_control,output_control_success_proxy,ok,,300,0.69,0.9933333333333333,0.30333333333333334,0.0,0.25666666666666665,0.3566666666666667,0.0002386194573834,/Users/ryangichuru/Documents/SSD-K/Uni/3rd year/NLP-ready/benchmark/runtime/results/qwen3-lmstudio/ctrl_study_a_generations.jsonl,/Users/ryangichuru/Documents/SSD-K/Uni/3rd year/NLP-ready/benchmark/runtime/results/qwen3-lmstudio/ctrl_study_a_generations.jsonl
controllability,study_a,qwen3-lmstudio,generic_control,control_adherence_without_meta_discussion,not_measurable,metric_not_applicable,0,,,,,,,0.0002386194573834,/Users/ryangichuru/Documents/SSD-K/Uni/3rd year/NLP-ready/benchmark/runtime/results/qwen3-lmstudio/ctrl_study_a_generations.jsonl,/Users/ryangichuru/Documents/SSD-K/Uni/3rd year/NLP-ready/benchmark/runtime/results/qwen3-lmstudio/ctrl_study_a_generations.jsonl
controllability,study_a,qwen3-lmstudio,explicit_control,visible_reasoning_tokens,ok,,300,574.3966666666666,543.8066666666666,-30.59,-11.0,-63.656666666666666,-2.3033333333333332,0.00014971062151765,/Users/ryangichuru/Documents/SSD-K/Uni/3rd year/NLP-ready/benchmark/runtime/results/qwen3-lmstudio/ctrl_study_a_generations.jsonl,/Users/ryangichuru/Documents/SSD-K/Uni/3rd year/NLP-ready/benchmark/runtime/results/qwen3-lmstudio/ctrl_study_a_generations.jsonl
controllability,study_a,qwen3-lmstudio,explicit_control,output_tokens,ok,,300,957.15,934.7966666666666,-22.35333333333333,-21.5,-50.17,2.8966666666666665,0.00014971062151765,/Users/ryangichuru/Documents/SSD-K/Uni/3rd year/NLP-ready/benchmark/runtime/results/qwen3-lmstudio/ctrl_study_a_generations.jsonl,/Users/ryangichuru/Documents/SSD-K/Uni/3rd year/NLP-ready/benchmark/runtime/results/qwen3-lmstudio/ctrl_study_a_generations.jsonl
controllability,study_a,qwen3-lmstudio,explicit_control,reasoning_share,ok,,300,0.5986002968271198,0.574576849112129,-0.024023447714990775,0.02268079621746938,-0.04284553626986809,-0.004624707210132763,0.00014971062151765,/Users/ryangichuru/Documents/SSD-K/Uni/3rd year/NLP-ready/benchmark/runtime/results/qwen3-lmstudio/ctrl_study_a_generations.jsonl,/Users/ryangichuru/Documents/SSD-K/Uni/3rd year/NLP-ready/benchmark/runtime/results/qwen3-lmstudio/ctrl_study_a_generations.jsonl
controllability,study_a,qwen3-lmstudio,explicit_control,reasoning_marker_present,ok,,300,1.0,1.0,0.0,0.0,0.0,0.0,0.00014971062151765,/Users/ryangichuru/Documents/SSD-K/Uni/3rd year/NLP-ready/benchmark/runtime/results/qwen3-lmstudio/ctrl_study_a_generations.jsonl,/Users/ryangichuru/Documents/SSD-K/Uni/3rd year/NLP-ready/benchmark/runtime/results/qwen3-lmstudio/ctrl_study_a_generations.jsonl
controllability,study_a,qwen3-lmstudio,explicit_control,final_answer_marker_present,ok,,300,0.69,0.98,0.29,0.0,0.23666666666666666,0.3466666666666667,0.00014971062151765,/Users/ryangichuru/Documents/SSD-K/Uni/3rd year/NLP-ready/benchmark/runtime/results/qwen3-lmstudio/ctrl_study_a_generations.jsonl,/Users/ryangichuru/Documents/SSD-K/Uni/3rd year/NLP-ready/benchmark/runtime/results/qwen3-lmstudio/ctrl_study_a_generations.jsonl
controllability,study_a,qwen3-lmstudio,explicit_control,control_phrase_adherence,not_measurable,no_control_prompt_rule,0,,,,,,,0.00014971062151765,/Users/ryangichuru/Documents/SSD-K/Uni/3rd year/NLP-ready/benchmark/runtime/results/qwen3-lmstudio/ctrl_study_a_generations.jsonl,/Users/ryangichuru/Documents/SSD-K/Uni/3rd year/NLP-ready/benchmark/runtime/results/qwen3-lmstudio/ctrl_study_a_generations.jsonl
controllability,study_a,qwen3-lmstudio,explicit_control,meta_discussion_present,ok,,300,0.7966666666666666,0.73,-0.06666666666666667,0.0,-0.12666666666666668,-0.01,0.00014971062151765,/Users/ryangichuru/Documents/SSD-K/Uni/3rd year/NLP-ready/benchmark/runtime/results/qwen3-lmstudio/ctrl_study_a_generations.jsonl,/Users/ryangichuru/Documents/SSD-K/Uni/3rd year/NLP-ready/benchmark/runtime/results/qwen3-lmstudio/ctrl_study_a_generations.jsonl
controllability,study_a,qwen3-lmstudio,explicit_control,reasoning_control_success_proxy,ok,,300,1.0,1.0,0.0,0.0,0.0,0.0,0.00014971062151765,/Users/ryangichuru/Documents/SSD-K/Uni/3rd year/NLP-ready/benchmark/runtime/results/qwen3-lmstudio/ctrl_study_a_generations.jsonl,/Users/ryangichuru/Documents/SSD-K/Uni/3rd year/NLP-ready/benchmark/runtime/results/qwen3-lmstudio/ctrl_study_a_generations.jsonl
controllability,study_a,qwen3-lmstudio,explicit_control,output_control_success_proxy,ok,,300,0.69,0.98,0.29,0.0,0.23333333333333334,0.3433333333333333,0.00014971062151765,/Users/ryangichuru/Documents/SSD-K/Uni/3rd year/NLP-ready/benchmark/runtime/results/qwen3-lmstudio/ctrl_study_a_generations.jsonl,/Users/ryangichuru/Documents/SSD-K/Uni/3rd year/NLP-ready/benchmark/runtime/results/qwen3-lmstudio/ctrl_study_a_generations.jsonl
controllability,study_a,qwen3-lmstudio,explicit_control,control_adherence_without_meta_discussion,not_measurable,metric_not_applicable,0,,,,,,,0.00014971062151765,/Users/ryangichuru/Documents/SSD-K/Uni/3rd year/NLP-ready/benchmark/runtime/results/qwen3-lmstudio/ctrl_study_a_generations.jsonl,/Users/ryangichuru/Documents/SSD-K/Uni/3rd year/NLP-ready/benchmark/runtime/results/qwen3-lmstudio/ctrl_study_a_generations.jsonl
controllability,study_a_bias,qwen3-lmstudio,generic_control,visible_reasoning_tokens,ok,,476,644.6827731092437,509.11344537815125,-135.56932773109244,-128.5,-157.5546218487395,-114.57142857142857,0.0,/Users/ryangichuru/Documents/SSD-K/Uni/3rd year/NLP-ready/benchmark/runtime/results/qwen3-lmstudio/ctrl_study_a_bias_generations.jsonl,/Users/ryangichuru/Documents/SSD-K/Uni/3rd year/NLP-ready/benchmark/runtime/results/qwen3-lmstudio/ctrl_study_a_bias_generations.jsonl
controllability,study_a_bias,qwen3-lmstudio,generic_control,output_tokens,ok,,476,914.3193277310925,659.8277310924369,-254.49159663865547,-245.0,-276.90966386554624,-233.1890756302521,0.0,/Users/ryangichuru/Documents/SSD-K/Uni/3rd year/NLP-ready/benchmark/runtime/results/qwen3-lmstudio/ctrl_study_a_bias_generations.jsonl,/Users/ryangichuru/Documents/SSD-K/Uni/3rd year/NLP-ready/benchmark/runtime/results/qwen3-lmstudio/ctrl_study_a_bias_generations.jsonl
controllability,study_a_bias,qwen3-lmstudio,generic_control,reasoning_share,ok,,476,0.6994998663861391,0.7626047598821751,0.063104893496036,0.06600078971809126,0.05251396674083276,0.0738376930497147,0.0,/Users/ryangichuru/Documents/SSD-K/Uni/3rd year/NLP-ready/benchmark/runtime/results/qwen3-lmstudio/ctrl_study_a_bias_generations.jsonl,/Users/ryangichuru/Documents/SSD-K/Uni/3rd year/NLP-ready/benchmark/runtime/results/qwen3-lmstudio/ctrl_study_a_bias_generations.jsonl
controllability,study_a_bias,qwen3-lmstudio,generic_control,reasoning_marker_present,ok,,476,1.0,1.0,0.0,0.0,0.0,0.0,0.0,/Users/ryangichuru/Documents/SSD-K/Uni/3rd year/NLP-ready/benchmark/runtime/results/qwen3-lmstudio/ctrl_study_a_bias_generations.jsonl,/Users/ryangichuru/Documents/SSD-K/Uni/3rd year/NLP-ready/benchmark/runtime/results/qwen3-lmstudio/ctrl_study_a_bias_generations.jsonl
controllability,study_a_bias,qwen3-lmstudio,generic_control,final_answer_marker_present,ok,,476,0.4474789915966387,0.13445378151260504,-0.3130252100840336,0.0,-0.3697478991596639,-0.2605042016806723,0.0,/Users/ryangichuru/Documents/SSD-K/Uni/3rd year/NLP-ready/benchmark/runtime/results/qwen3-lmstudio/ctrl_study_a_bias_generations.jsonl,/Users/ryangichuru/Documents/SSD-K/Uni/3rd year/NLP-ready/benchmark/runtime/results/qwen3-lmstudio/ctrl_study_a_bias_generations.jsonl
controllability,study_a_bias,qwen3-lmstudio,generic_control,control_phrase_adherence,ok,,476,1.0,0.7114845938375349,-0.288515406162465,-0.33333333333333337,-0.29901960784313725,-0.27801120448179273,0.0,/Users/ryangichuru/Documents/SSD-K/Uni/3rd year/NLP-ready/benchmark/runtime/results/qwen3-lmstudio/ctrl_study_a_bias_generations.jsonl,/Users/ryangichuru/Documents/SSD-K/Uni/3rd year/NLP-ready/benchmark/runtime/results/qwen3-lmstudio/ctrl_study_a_bias_generations.jsonl
controllability,study_a_bias,qwen3-lmstudio,generic_control,meta_discussion_present,ok,,476,0.39705882352941174,0.4411764705882353,0.04411764705882353,0.0,-0.012605042016806723,0.10084033613445378,0.0,/Users/ryangichuru/Documents/SSD-K/Uni/3rd year/NLP-ready/benchmark/runtime/results/qwen3-lmstudio/ctrl_study_a_bias_generations.jsonl,/Users/ryangichuru/Documents/SSD-K/Uni/3rd year/NLP-ready/benchmark/runtime/results/qwen3-lmstudio/ctrl_study_a_bias_generations.jsonl
controllability,study_a_bias,qwen3-lmstudio,generic_control,reasoning_control_success_proxy,ok,,476,1.0,1.0,0.0,0.0,0.0,0.0,0.0,/Users/ryangichuru/Documents/SSD-K/Uni/3rd year/NLP-ready/benchmark/runtime/results/qwen3-lmstudio/ctrl_study_a_bias_generations.jsonl,/Users/ryangichuru/Documents/SSD-K/Uni/3rd year/NLP-ready/benchmark/runtime/results/qwen3-lmstudio/ctrl_study_a_bias_generations.jsonl
controllability,study_a_bias,qwen3-lmstudio,generic_control,output_control_success_proxy,ok,,476,0.4474789915966387,0.13445378151260504,-0.3130252100840336,0.0,-0.3697478991596639,-0.2647058823529412,0.0,/Users/ryangichuru/Documents/SSD-K/Uni/3rd year/NLP-ready/benchmark/runtime/results/qwen3-lmstudio/ctrl_study_a_bias_generations.jsonl,/Users/ryangichuru/Documents/SSD-K/Uni/3rd year/NLP-ready/benchmark/runtime/results/qwen3-lmstudio/ctrl_study_a_bias_generations.jsonl
controllability,study_a_bias,qwen3-lmstudio,generic_control,control_adherence_without_meta_discussion,ok,,476,0.6029411764705882,0.5588235294117647,-0.04411764705882353,0.0,-0.10084033613445378,0.012605042016806723,0.0,/Users/ryangichuru/Documents/SSD-K/Uni/3rd year/NLP-ready/benchmark/runtime/results/qwen3-lmstudio/ctrl_study_a_bias_generations.jsonl,/Users/ryangichuru/Documents/SSD-K/Uni/3rd year/NLP-ready/benchmark/runtime/results/qwen3-lmstudio/ctrl_study_a_bias_generations.jsonl
controllability,study_a_bias,qwen3-lmstudio,explicit_control,visible_reasoning_tokens,ok,,476,644.6827731092437,524.9180672268908,-119.76470588235294,-94.0,-140.3844537815126,-101.77100840336135,0.0,/Users/ryangichuru/Documents/SSD-K/Uni/3rd year/NLP-ready/benchmark/runtime/results/qwen3-lmstudio/ctrl_study_a_bias_generations.jsonl,/Users/ryangichuru/Documents/SSD-K/Uni/3rd year/NLP-ready/benchmark/runtime/results/qwen3-lmstudio/ctrl_study_a_bias_generations.jsonl
controllability,study_a_bias,qwen3-lmstudio,explicit_control,output_tokens,ok,,476,914.3193277310925,723.468487394958,-190.85084033613447,-180.0,-212.92226890756302,-169.05672268907563,0.0,/Users/ryangichuru/Documents/SSD-K/Uni/3rd year/NLP-ready/benchmark/runtime/results/qwen3-lmstudio/ctrl_study_a_bias_generations.jsonl,/Users/ryangichuru/Documents/SSD-K/Uni/3rd year/NLP-ready/benchmark/runtime/results/qwen3-lmstudio/ctrl_study_a_bias_generations.jsonl
controllability,study_a_bias,qwen3-lmstudio,explicit_control,reasoning_share,ok,,476,0.6994998663861391,0.7195853177664688,0.0200854513803297,0.027331200751825324,0.008767572463423839,0.0323105508764752,0.0,/Users/ryangichuru/Documents/SSD-K/Uni/3rd year/NLP-ready/benchmark/runtime/results/qwen3-lmstudio/ctrl_study_a_bias_generations.jsonl,/Users/ryangichuru/Documents/SSD-K/Uni/3rd year/NLP-ready/benchmark/runtime/results/qwen3-lmstudio/ctrl_study_a_bias_generations.jsonl
controllability,study_a_bias,qwen3-lmstudio,explicit_control,reasoning_marker_present,ok,,476,1.0,1.0,0.0,0.0,0.0,0.0,0.0,/Users/ryangichuru/Documents/SSD-K/Uni/3rd year/NLP-ready/benchmark/runtime/results/qwen3-lmstudio/ctrl_study_a_bias_generations.jsonl,/Users/ryangichuru/Documents/SSD-K/Uni/3rd year/NLP-ready/benchmark/runtime/results/qwen3-lmstudio/ctrl_study_a_bias_generations.jsonl
controllability,study_a_bias,qwen3-lmstudio,explicit_control,final_answer_marker_present,ok,,476,0.4474789915966387,0.3697478991596639,-0.07773109243697479,0.0,-0.13865546218487396,-0.014705882352941176,0.0,/Users/ryangichuru/Documents/SSD-K/Uni/3rd year/NLP-ready/benchmark/runtime/results/qwen3-lmstudio/ctrl_study_a_bias_generations.jsonl,/Users/ryangichuru/Documents/SSD-K/Uni/3rd year/NLP-ready/benchmark/runtime/results/qwen3-lmstudio/ctrl_study_a_bias_generations.jsonl
controllability,study_a_bias,qwen3-lmstudio,explicit_control,control_phrase_adherence,ok,,476,1.0,0.7899159663865546,-0.2100840336134454,-0.33333333333333337,-0.2247899159663866,-0.19607843137254904,0.0,/Users/ryangichuru/Documents/SSD-K/Uni/3rd year/NLP-ready/benchmark/runtime/results/qwen3-lmstudio/ctrl_study_a_bias_generations.jsonl,/Users/ryangichuru/Documents/SSD-K/Uni/3rd year/NLP-ready/benchmark/runtime/results/qwen3-lmstudio/ctrl_study_a_bias_generations.jsonl
controllability,study_a_bias,qwen3-lmstudio,explicit_control,meta_discussion_present,ok,,476,0.39705882352941174,0.3634453781512605,-0.03361344537815126,0.0,-0.0861344537815126,0.018907563025210083,0.0,/Users/ryangichuru/Documents/SSD-K/Uni/3rd year/NLP-ready/benchmark/runtime/results/qwen3-lmstudio/ctrl_study_a_bias_generations.jsonl,/Users/ryangichuru/Documents/SSD-K/Uni/3rd year/NLP-ready/benchmark/runtime/results/qwen3-lmstudio/ctrl_study_a_bias_generations.jsonl
controllability,study_a_bias,qwen3-lmstudio,explicit_control,reasoning_control_success_proxy,ok,,476,1.0,1.0,0.0,0.0,0.0,0.0,0.0,/Users/ryangichuru/Documents/SSD-K/Uni/3rd year/NLP-ready/benchmark/runtime/results/qwen3-lmstudio/ctrl_study_a_bias_generations.jsonl,/Users/ryangichuru/Documents/SSD-K/Uni/3rd year/NLP-ready/benchmark/runtime/results/qwen3-lmstudio/ctrl_study_a_bias_generations.jsonl
controllability,study_a_bias,qwen3-lmstudio,explicit_control,output_control_success_proxy,ok,,476,0.4474789915966387,0.3697478991596639,-0.07773109243697479,0.0,-0.13655462184873948,-0.023109243697478993,0.0,/Users/ryangichuru/Documents/SSD-K/Uni/3rd year/NLP-ready/benchmark/runtime/results/qwen3-lmstudio/ctrl_study_a_bias_generations.jsonl,/Users/ryangichuru/Documents/SSD-K/Uni/3rd year/NLP-ready/benchmark/runtime/results/qwen3-lmstudio/ctrl_study_a_bias_generations.jsonl
controllability,study_a_bias,qwen3-lmstudio,explicit_control,control_adherence_without_meta_discussion,ok,,476,0.6029411764705882,0.6365546218487395,0.03361344537815126,0.0,-0.025210084033613446,0.08823529411764706,0.0,/Users/ryangichuru/Documents/SSD-K/Uni/3rd year/NLP-ready/benchmark/runtime/results/qwen3-lmstudio/ctrl_study_a_bias_generations.jsonl,/Users/ryangichuru/Documents/SSD-K/Uni/3rd year/NLP-ready/benchmark/runtime/results/qwen3-lmstudio/ctrl_study_a_bias_generations.jsonl
controllability,study_b,qwen3-lmstudio,generic_control,visible_reasoning_tokens,ok,,300,276.6666666666667,245.38333333333333,-31.283333333333335,-38.0,-42.26,-20.71,0.0566666666666666,/Users/ryangichuru/Documents/SSD-K/Uni/3rd year/NLP-ready/benchmark/runtime/results/qwen3-lmstudio/ctrl_study_b_generations.jsonl,/Users/ryangichuru/Documents/SSD-K/Uni/3rd year/NLP-ready/benchmark/runtime/results/qwen3-lmstudio/ctrl_study_b_generations.jsonl
controllability,study_b,qwen3-lmstudio,generic_control,output_tokens,ok,,300,706.45,347.82666666666665,-358.62333333333333,-349.5,-376.56333333333333,-341.0966666666667,0.0566666666666666,/Users/ryangichuru/Documents/SSD-K/Uni/3rd year/NLP-ready/benchmark/runtime/results/qwen3-lmstudio/ctrl_study_b_generations.jsonl,/Users/ryangichuru/Documents/SSD-K/Uni/3rd year/NLP-ready/benchmark/runtime/results/qwen3-lmstudio/ctrl_study_b_generations.jsonl
controllability,study_b,qwen3-lmstudio,generic_control,reasoning_share,ok,,300,0.4006310542950376,0.6988649547558393,0.2982339004608018,0.3007073522671727,0.28491725622586833,0.31095843878741936,0.0566666666666666,/Users/ryangichuru/Documents/SSD-K/Uni/3rd year/NLP-ready/benchmark/runtime/results/qwen3-lmstudio/ctrl_study_b_generations.jsonl,/Users/ryangichuru/Documents/SSD-K/Uni/3rd year/NLP-ready/benchmark/runtime/results/qwen3-lmstudio/ctrl_study_b_generations.jsonl
controllability,study_b,qwen3-lmstudio,generic_control,reasoning_marker_present,ok,,300,1.0,1.0,0.0,0.0,0.0,0.0,0.0566666666666666,/Users/ryangichuru/Documents/SSD-K/Uni/3rd year/NLP-ready/benchmark/runtime/results/qwen3-lmstudio/ctrl_study_b_generations.jsonl,/Users/ryangichuru/Documents/SSD-K/Uni/3rd year/NLP-ready/benchmark/runtime/results/qwen3-lmstudio/ctrl_study_b_generations.jsonl
controllability,study_b,qwen3-lmstudio,generic_control,final_answer_marker_present,ok,,300,0.0,0.99,0.99,1.0,0.9766666666666667,1.0,0.0566666666666666,/Users/ryangichuru/Documents/SSD-K/Uni/3rd year/NLP-ready/benchmark/runtime/results/qwen3-lmstudio/ctrl_study_b_generations.jsonl,/Users/ryangichuru/Documents/SSD-K/Uni/3rd year/NLP-ready/benchmark/runtime/results/qwen3-lmstudio/ctrl_study_b_generations.jsonl
controllability,study_b,qwen3-lmstudio,generic_control,control_phrase_adherence,not_measurable,no_control_prompt_rule,0,,,,,,,0.0566666666666666,/Users/ryangichuru/Documents/SSD-K/Uni/3rd year/NLP-ready/benchmark/runtime/results/qwen3-lmstudio/ctrl_study_b_generations.jsonl,/Users/ryangichuru/Documents/SSD-K/Uni/3rd year/NLP-ready/benchmark/runtime/results/qwen3-lmstudio/ctrl_study_b_generations.jsonl
controllability,study_b,qwen3-lmstudio,generic_control,meta_discussion_present,ok,,300,0.5033333333333333,0.6466666666666666,0.14333333333333334,0.0,0.06333333333333334,0.22,0.0566666666666666,/Users/ryangichuru/Documents/SSD-K/Uni/3rd year/NLP-ready/benchmark/runtime/results/qwen3-lmstudio/ctrl_study_b_generations.jsonl,/Users/ryangichuru/Documents/SSD-K/Uni/3rd year/NLP-ready/benchmark/runtime/results/qwen3-lmstudio/ctrl_study_b_generations.jsonl
controllability,study_b,qwen3-lmstudio,generic_control,reasoning_control_success_proxy,ok,,300,1.0,1.0,0.0,0.0,0.0,0.0,0.0566666666666666,/Users/ryangichuru/Documents/SSD-K/Uni/3rd year/NLP-ready/benchmark/runtime/results/qwen3-lmstudio/ctrl_study_b_generations.jsonl,/Users/ryangichuru/Documents/SSD-K/Uni/3rd year/NLP-ready/benchmark/runtime/results/qwen3-lmstudio/ctrl_study_b_generations.jsonl
controllability,study_b,qwen3-lmstudio,generic_control,output_control_success_proxy,ok,,300,0.0,0.99,0.99,1.0,0.9766666666666667,1.0,0.0566666666666666,/Users/ryangichuru/Documents/SSD-K/Uni/3rd year/NLP-ready/benchmark/runtime/results/qwen3-lmstudio/ctrl_study_b_generations.jsonl,/Users/ryangichuru/Documents/SSD-K/Uni/3rd year/NLP-ready/benchmark/runtime/results/qwen3-lmstudio/ctrl_study_b_generations.jsonl
controllability,study_b,qwen3-lmstudio,generic_control,control_adherence_without_meta_discussion,not_measurable,metric_not_applicable,0,,,,,,,0.0566666666666666,/Users/ryangichuru/Documents/SSD-K/Uni/3rd year/NLP-ready/benchmark/runtime/results/qwen3-lmstudio/ctrl_study_b_generations.jsonl,/Users/ryangichuru/Documents/SSD-K/Uni/3rd year/NLP-ready/benchmark/runtime/results/qwen3-lmstudio/ctrl_study_b_generations.jsonl
controllability,study_b,qwen3-lmstudio,explicit_control,visible_reasoning_tokens,ok,,300,276.6666666666667,336.21,59.54333333333334,48.0,45.373333333333335,73.81,0.2266666666666666,/Users/ryangichuru/Documents/SSD-K/Uni/3rd year/NLP-ready/benchmark/runtime/results/qwen3-lmstudio/ctrl_study_b_generations.jsonl,/Users/ryangichuru/Documents/SSD-K/Uni/3rd year/NLP-ready/benchmark/runtime/results/qwen3-lmstudio/ctrl_study_b_generations.jsonl
controllability,study_b,qwen3-lmstudio,explicit_control,output_tokens,ok,,300,706.45,540.6666666666666,-165.78333333333333,-163.5,-184.7,-145.03,0.2266666666666666,/Users/ryangichuru/Documents/SSD-K/Uni/3rd year/NLP-ready/benchmark/runtime/results/qwen3-lmstudio/ctrl_study_b_generations.jsonl,/Users/ryangichuru/Documents/SSD-K/Uni/3rd year/NLP-ready/benchmark/runtime/results/qwen3-lmstudio/ctrl_study_b_generations.jsonl
controllability,study_b,qwen3-lmstudio,explicit_control,reasoning_share,ok,,300,0.4006310542950376,0.6182670670997679,0.21763601280473024,0.21446378635231292,0.20420488856548552,0.2303100469921723,0.2266666666666666,/Users/ryangichuru/Documents/SSD-K/Uni/3rd year/NLP-ready/benchmark/runtime/results/qwen3-lmstudio/ctrl_study_b_generations.jsonl,/Users/ryangichuru/Documents/SSD-K/Uni/3rd year/NLP-ready/benchmark/runtime/results/qwen3-lmstudio/ctrl_study_b_generations.jsonl
controllability,study_b,qwen3-lmstudio,explicit_control,reasoning_marker_present,ok,,300,1.0,1.0,0.0,0.0,0.0,0.0,0.2266666666666666,/Users/ryangichuru/Documents/SSD-K/Uni/3rd year/NLP-ready/benchmark/runtime/results/qwen3-lmstudio/ctrl_study_b_generations.jsonl,/Users/ryangichuru/Documents/SSD-K/Uni/3rd year/NLP-ready/benchmark/runtime/results/qwen3-lmstudio/ctrl_study_b_generations.jsonl
controllability,study_b,qwen3-lmstudio,explicit_control,final_answer_marker_present,ok,,300,0.0,0.9733333333333334,0.9733333333333334,1.0,0.9533333333333334,0.99,0.2266666666666666,/Users/ryangichuru/Documents/SSD-K/Uni/3rd year/NLP-ready/benchmark/runtime/results/qwen3-lmstudio/ctrl_study_b_generations.jsonl,/Users/ryangichuru/Documents/SSD-K/Uni/3rd year/NLP-ready/benchmark/runtime/results/qwen3-lmstudio/ctrl_study_b_generations.jsonl
controllability,study_b,qwen3-lmstudio,explicit_control,control_phrase_adherence,not_measurable,no_control_prompt_rule,0,,,,,,,0.2266666666666666,/Users/ryangichuru/Documents/SSD-K/Uni/3rd year/NLP-ready/benchmark/runtime/results/qwen3-lmstudio/ctrl_study_b_generations.jsonl,/Users/ryangichuru/Documents/SSD-K/Uni/3rd year/NLP-ready/benchmark/runtime/results/qwen3-lmstudio/ctrl_study_b_generations.jsonl
controllability,study_b,qwen3-lmstudio,explicit_control,meta_discussion_present,ok,,300,0.5033333333333333,0.76,0.25666666666666665,0.0,0.18333333333333332,0.3333333333333333,0.2266666666666666,/Users/ryangichuru/Documents/SSD-K/Uni/3rd year/NLP-ready/benchmark/runtime/results/qwen3-lmstudio/ctrl_study_b_generations.jsonl,/Users/ryangichuru/Documents/SSD-K/Uni/3rd year/NLP-ready/benchmark/runtime/results/qwen3-lmstudio/ctrl_study_b_generations.jsonl
controllability,study_b,qwen3-lmstudio,explicit_control,reasoning_control_success_proxy,ok,,300,1.0,1.0,0.0,0.0,0.0,0.0,0.2266666666666666,/Users/ryangichuru/Documents/SSD-K/Uni/3rd year/NLP-ready/benchmark/runtime/results/qwen3-lmstudio/ctrl_study_b_generations.jsonl,/Users/ryangichuru/Documents/SSD-K/Uni/3rd year/NLP-ready/benchmark/runtime/results/qwen3-lmstudio/ctrl_study_b_generations.jsonl
controllability,study_b,qwen3-lmstudio,explicit_control,output_control_success_proxy,ok,,300,0.0,0.9733333333333334,0.9733333333333334,1.0,0.9533333333333334,0.99,0.2266666666666666,/Users/ryangichuru/Documents/SSD-K/Uni/3rd year/NLP-ready/benchmark/runtime/results/qwen3-lmstudio/ctrl_study_b_generations.jsonl,/Users/ryangichuru/Documents/SSD-K/Uni/3rd year/NLP-ready/benchmark/runtime/results/qwen3-lmstudio/ctrl_study_b_generations.jsonl
controllability,study_b,qwen3-lmstudio,explicit_control,control_adherence_without_meta_discussion,not_measurable,metric_not_applicable,0,,,,,,,0.2266666666666666,/Users/ryangichuru/Documents/SSD-K/Uni/3rd year/NLP-ready/benchmark/runtime/results/qwen3-lmstudio/ctrl_study_b_generations.jsonl,/Users/ryangichuru/Documents/SSD-K/Uni/3rd year/NLP-ready/benchmark/runtime/results/qwen3-lmstudio/ctrl_study_b_generations.jsonl
controllability,study_b_multi_turn,qwen3-lmstudio,generic_control,visible_reasoning_tokens,ok,,30,217.4,215.9,-1.5,-34.5,-42.233333333333334,42.666666666666664,0.3158333333333333,/Users/ryangichuru/Documents/SSD-K/Uni/3rd year/NLP-ready/benchmark/runtime/results/qwen3-lmstudio/ctrl_study_b_multi_turn_generations.jsonl,/Users/ryangichuru/Documents/SSD-K/Uni/3rd year/NLP-ready/benchmark/runtime/results/qwen3-lmstudio/ctrl_study_b_multi_turn_generations.jsonl
controllability,study_b_multi_turn,qwen3-lmstudio,generic_control,output_tokens,ok,,30,435.5,409.53333333333336,-25.966666666666665,-61.5,-87.96666666666667,35.36666666666667,0.3158333333333333,/Users/ryangichuru/Documents/SSD-K/Uni/3rd year/NLP-ready/benchmark/runtime/results/qwen3-lmstudio/ctrl_study_b_multi_turn_generations.jsonl,/Users/ryangichuru/Documents/SSD-K/Uni/3rd year/NLP-ready/benchmark/runtime/results/qwen3-lmstudio/ctrl_study_b_multi_turn_generations.jsonl
controllability,study_b_multi_turn,qwen3-lmstudio,generic_control,reasoning_share,ok,,30,0.514887626841954,0.5368340722197862,0.021946445377832132,0.020682045613475586,-0.033147759654957254,0.07720230847253497,0.3158333333333333,/Users/ryangichuru/Documents/SSD-K/Uni/3rd year/NLP-ready/benchmark/runtime/results/qwen3-lmstudio/ctrl_study_b_multi_turn_generations.jsonl,/Users/ryangichuru/Documents/SSD-K/Uni/3rd year/NLP-ready/benchmark/runtime/results/qwen3-lmstudio/ctrl_study_b_multi_turn_generations.jsonl
controllability,study_b_multi_turn,qwen3-lmstudio,generic_control,reasoning_marker_present,ok,,30,1.0,1.0,0.0,0.0,0.0,0.0,0.3158333333333333,/Users/ryangichuru/Documents/SSD-K/Uni/3rd year/NLP-ready/benchmark/runtime/results/qwen3-lmstudio/ctrl_study_b_multi_turn_generations.jsonl,/Users/ryangichuru/Documents/SSD-K/Uni/3rd year/NLP-ready/benchmark/runtime/results/qwen3-lmstudio/ctrl_study_b_multi_turn_generations.jsonl
controllability,study_b_multi_turn,qwen3-lmstudio,generic_control,final_answer_marker_present,ok,,30,0.0,0.0,0.0,0.0,0.0,0.0,0.3158333333333333,/Users/ryangichuru/Documents/SSD-K/Uni/3rd year/NLP-ready/benchmark/runtime/results/qwen3-lmstudio/ctrl_study_b_multi_turn_generations.jsonl,/Users/ryangichuru/Documents/SSD-K/Uni/3rd year/NLP-ready/benchmark/runtime/results/qwen3-lmstudio/ctrl_study_b_multi_turn_generations.jsonl
controllability,study_b_multi_turn,qwen3-lmstudio,generic_control,control_phrase_adherence,not_measurable,no_control_prompt_rule,0,,,,,,,0.3158333333333333,/Users/ryangichuru/Documents/SSD-K/Uni/3rd year/NLP-ready/benchmark/runtime/results/qwen3-lmstudio/ctrl_study_b_multi_turn_generations.jsonl,/Users/ryangichuru/Documents/SSD-K/Uni/3rd year/NLP-ready/benchmark/runtime/results/qwen3-lmstudio/ctrl_study_b_multi_turn_generations.jsonl
controllability,study_b_multi_turn,qwen3-lmstudio,generic_control,meta_discussion_present,ok,,30,0.5,0.7333333333333333,0.23333333333333334,0.0,-0.03333333333333333,0.5,0.3158333333333333,/Users/ryangichuru/Documents/SSD-K/Uni/3rd year/NLP-ready/benchmark/runtime/results/qwen3-lmstudio/ctrl_study_b_multi_turn_generations.jsonl,/Users/ryangichuru/Documents/SSD-K/Uni/3rd year/NLP-ready/benchmark/runtime/results/qwen3-lmstudio/ctrl_study_b_multi_turn_generations.jsonl
controllability,study_b_multi_turn,qwen3-lmstudio,generic_control,reasoning_control_success_proxy,ok,,30,1.0,1.0,0.0,0.0,0.0,0.0,0.3158333333333333,/Users/ryangichuru/Documents/SSD-K/Uni/3rd year/NLP-ready/benchmark/runtime/results/qwen3-lmstudio/ctrl_study_b_multi_turn_generations.jsonl,/Users/ryangichuru/Documents/SSD-K/Uni/3rd year/NLP-ready/benchmark/runtime/results/qwen3-lmstudio/ctrl_study_b_multi_turn_generations.jsonl
controllability,study_b_multi_turn,qwen3-lmstudio,generic_control,output_control_success_proxy,ok,,30,0.0,0.0,0.0,0.0,0.0,0.0,0.3158333333333333,/Users/ryangichuru/Documents/SSD-K/Uni/3rd year/NLP-ready/benchmark/runtime/results/qwen3-lmstudio/ctrl_study_b_multi_turn_generations.jsonl,/Users/ryangichuru/Documents/SSD-K/Uni/3rd year/NLP-ready/benchmark/runtime/results/qwen3-lmstudio/ctrl_study_b_multi_turn_generations.jsonl
controllability,study_b_multi_turn,qwen3-lmstudio,generic_control,control_adherence_without_meta_discussion,not_measurable,metric_not_applicable,0,,,,,,,0.3158333333333333,/Users/ryangichuru/Documents/SSD-K/Uni/3rd year/NLP-ready/benchmark/runtime/results/qwen3-lmstudio/ctrl_study_b_multi_turn_generations.jsonl,/Users/ryangichuru/Documents/SSD-K/Uni/3rd year/NLP-ready/benchmark/runtime/results/qwen3-lmstudio/ctrl_study_b_multi_turn_generations.jsonl
controllability,study_b_multi_turn,qwen3-lmstudio,explicit_control,visible_reasoning_tokens,ok,,30,217.4,239.16666666666666,21.766666666666666,21.0,-6.8,52.4,0.3925,/Users/ryangichuru/Documents/SSD-K/Uni/3rd year/NLP-ready/benchmark/runtime/results/qwen3-lmstudio/ctrl_study_b_multi_turn_generations.jsonl,/Users/ryangichuru/Documents/SSD-K/Uni/3rd year/NLP-ready/benchmark/runtime/results/qwen3-lmstudio/ctrl_study_b_multi_turn_generations.jsonl
controllability,study_b_multi_turn,qwen3-lmstudio,explicit_control,output_tokens,ok,,30,435.5,391.6333333333333,-43.86666666666667,-32.0,-95.53333333333333,5.3,0.3925,/Users/ryangichuru/Documents/SSD-K/Uni/3rd year/NLP-ready/benchmark/runtime/results/qwen3-lmstudio/ctrl_study_b_multi_turn_generations.jsonl,/Users/ryangichuru/Documents/SSD-K/Uni/3rd year/NLP-ready/benchmark/runtime/results/qwen3-lmstudio/ctrl_study_b_multi_turn_generations.jsonl
controllability,study_b_multi_turn,qwen3-lmstudio,explicit_control,reasoning_share,ok,,30,0.514887626841954,0.6148027648013755,0.09991513795942154,0.10939409656435839,0.06436821520199576,0.13297209758700398,0.3925,/Users/ryangichuru/Documents/SSD-K/Uni/3rd year/NLP-ready/benchmark/runtime/results/qwen3-lmstudio/ctrl_study_b_multi_turn_generations.jsonl,/Users/ryangichuru/Documents/SSD-K/Uni/3rd year/NLP-ready/benchmark/runtime/results/qwen3-lmstudio/ctrl_study_b_multi_turn_generations.jsonl
controllability,study_b_multi_turn,qwen3-lmstudio,explicit_control,reasoning_marker_present,ok,,30,1.0,1.0,0.0,0.0,0.0,0.0,0.3925,/Users/ryangichuru/Documents/SSD-K/Uni/3rd year/NLP-ready/benchmark/runtime/results/qwen3-lmstudio/ctrl_study_b_multi_turn_generations.jsonl,/Users/ryangichuru/Documents/SSD-K/Uni/3rd year/NLP-ready/benchmark/runtime/results/qwen3-lmstudio/ctrl_study_b_multi_turn_generations.jsonl
controllability,study_b_multi_turn,qwen3-lmstudio,explicit_control,final_answer_marker_present,ok,,30,0.0,0.0,0.0,0.0,0.0,0.0,0.3925,/Users/ryangichuru/Documents/SSD-K/Uni/3rd year/NLP-ready/benchmark/runtime/results/qwen3-lmstudio/ctrl_study_b_multi_turn_generations.jsonl,/Users/ryangichuru/Documents/SSD-K/Uni/3rd year/NLP-ready/benchmark/runtime/results/qwen3-lmstudio/ctrl_study_b_multi_turn_generations.jsonl
controllability,study_b_multi_turn,qwen3-lmstudio,explicit_control,control_phrase_adherence,not_measurable,no_control_prompt_rule,0,,,,,,,0.3925,/Users/ryangichuru/Documents/SSD-K/Uni/3rd year/NLP-ready/benchmark/runtime/results/qwen3-lmstudio/ctrl_study_b_multi_turn_generations.jsonl,/Users/ryangichuru/Documents/SSD-K/Uni/3rd year/NLP-ready/benchmark/runtime/results/qwen3-lmstudio/ctrl_study_b_multi_turn_generations.jsonl
controllability,study_b_multi_turn,qwen3-lmstudio,explicit_control,meta_discussion_present,ok,,30,0.5,0.8666666666666667,0.36666666666666664,0.0,0.13333333333333333,0.5666666666666667,0.3925,/Users/ryangichuru/Documents/SSD-K/Uni/3rd year/NLP-ready/benchmark/runtime/results/qwen3-lmstudio/ctrl_study_b_multi_turn_generations.jsonl,/Users/ryangichuru/Documents/SSD-K/Uni/3rd year/NLP-ready/benchmark/runtime/results/qwen3-lmstudio/ctrl_study_b_multi_turn_generations.jsonl
controllability,study_b_multi_turn,qwen3-lmstudio,explicit_control,reasoning_control_success_proxy,ok,,30,1.0,1.0,0.0,0.0,0.0,0.0,0.3925,/Users/ryangichuru/Documents/SSD-K/Uni/3rd year/NLP-ready/benchmark/runtime/results/qwen3-lmstudio/ctrl_study_b_multi_turn_generations.jsonl,/Users/ryangichuru/Documents/SSD-K/Uni/3rd year/NLP-ready/benchmark/runtime/results/qwen3-lmstudio/ctrl_study_b_multi_turn_generations.jsonl
controllability,study_b_multi_turn,qwen3-lmstudio,explicit_control,output_control_success_proxy,ok,,30,0.0,0.0,0.0,0.0,0.0,0.0,0.3925,/Users/ryangichuru/Documents/SSD-K/Uni/3rd year/NLP-ready/benchmark/runtime/results/qwen3-lmstudio/ctrl_study_b_multi_turn_generations.jsonl,/Users/ryangichuru/Documents/SSD-K/Uni/3rd year/NLP-ready/benchmark/runtime/results/qwen3-lmstudio/ctrl_study_b_multi_turn_generations.jsonl
controllability,study_b_multi_turn,qwen3-lmstudio,explicit_control,control_adherence_without_meta_discussion,not_measurable,metric_not_applicable,0,,,,,,,0.3925,/Users/ryangichuru/Documents/SSD-K/Uni/3rd year/NLP-ready/benchmark/runtime/results/qwen3-lmstudio/ctrl_study_b_multi_turn_generations.jsonl,/Users/ryangichuru/Documents/SSD-K/Uni/3rd year/NLP-ready/benchmark/runtime/results/qwen3-lmstudio/ctrl_study_b_multi_turn_generations.jsonl
controllability,study_c,qwen3-lmstudio,generic_control,visible_reasoning_tokens,ok,,30,240.1,485.3,245.2,236.0,197.7,304.06666666666666,0.0,/Users/ryangichuru/Documents/SSD-K/Uni/3rd year/NLP-ready/benchmark/runtime/results/qwen3-lmstudio/ctrl_study_c_generations.jsonl,/Users/ryangichuru/Documents/SSD-K/Uni/3rd year/NLP-ready/benchmark/runtime/results/qwen3-lmstudio/ctrl_study_c_generations.jsonl
controllability,study_c,qwen3-lmstudio,generic_control,output_tokens,ok,,30,309.6333333333333,488.3,178.66666666666666,160.0,125.16666666666667,233.83333333333334,0.0,/Users/ryangichuru/Documents/SSD-K/Uni/3rd year/NLP-ready/benchmark/runtime/results/qwen3-lmstudio/ctrl_study_c_generations.jsonl,/Users/ryangichuru/Documents/SSD-K/Uni/3rd year/NLP-ready/benchmark/runtime/results/qwen3-lmstudio/ctrl_study_c_generations.jsonl
controllability,study_c,qwen3-lmstudio,generic_control,reasoning_share,ok,,30,0.7683372352386003,0.9933903513886031,0.22505311615000273,0.21948504789014017,0.2076891094058919,0.24205311980968902,0.0,/Users/ryangichuru/Documents/SSD-K/Uni/3rd year/NLP-ready/benchmark/runtime/results/qwen3-lmstudio/ctrl_study_c_generations.jsonl,/Users/ryangichuru/Documents/SSD-K/Uni/3rd year/NLP-ready/benchmark/runtime/results/qwen3-lmstudio/ctrl_study_c_generations.jsonl
controllability,study_c,qwen3-lmstudio,generic_control,reasoning_marker_present,ok,,30,1.0,1.0,0.0,0.0,0.0,0.0,0.0,/Users/ryangichuru/Documents/SSD-K/Uni/3rd year/NLP-ready/benchmark/runtime/results/qwen3-lmstudio/ctrl_study_c_generations.jsonl,/Users/ryangichuru/Documents/SSD-K/Uni/3rd year/NLP-ready/benchmark/runtime/results/qwen3-lmstudio/ctrl_study_c_generations.jsonl
controllability,study_c,qwen3-lmstudio,generic_control,final_answer_marker_present,ok,,30,0.0,0.0,0.0,0.0,0.0,0.0,0.0,/Users/ryangichuru/Documents/SSD-K/Uni/3rd year/NLP-ready/benchmark/runtime/results/qwen3-lmstudio/ctrl_study_c_generations.jsonl,/Users/ryangichuru/Documents/SSD-K/Uni/3rd year/NLP-ready/benchmark/runtime/results/qwen3-lmstudio/ctrl_study_c_generations.jsonl
controllability,study_c,qwen3-lmstudio,generic_control,control_phrase_adherence,not_measurable,no_control_prompt_rule,0,,,,,,,0.0,/Users/ryangichuru/Documents/SSD-K/Uni/3rd year/NLP-ready/benchmark/runtime/results/qwen3-lmstudio/ctrl_study_c_generations.jsonl,/Users/ryangichuru/Documents/SSD-K/Uni/3rd year/NLP-ready/benchmark/runtime/results/qwen3-lmstudio/ctrl_study_c_generations.jsonl
controllability,study_c,qwen3-lmstudio,generic_control,meta_discussion_present,ok,,30,0.1,0.6333333333333333,0.5333333333333333,1.0,0.3333333333333333,0.7333333333333333,0.0,/Users/ryangichuru/Documents/SSD-K/Uni/3rd year/NLP-ready/benchmark/runtime/results/qwen3-lmstudio/ctrl_study_c_generations.jsonl,/Users/ryangichuru/Documents/SSD-K/Uni/3rd year/NLP-ready/benchmark/runtime/results/qwen3-lmstudio/ctrl_study_c_generations.jsonl
controllability,study_c,qwen3-lmstudio,generic_control,reasoning_control_success_proxy,ok,,30,1.0,1.0,0.0,0.0,0.0,0.0,0.0,/Users/ryangichuru/Documents/SSD-K/Uni/3rd year/NLP-ready/benchmark/runtime/results/qwen3-lmstudio/ctrl_study_c_generations.jsonl,/Users/ryangichuru/Documents/SSD-K/Uni/3rd year/NLP-ready/benchmark/runtime/results/qwen3-lmstudio/ctrl_study_c_generations.jsonl
controllability,study_c,qwen3-lmstudio,generic_control,output_control_success_proxy,ok,,30,0.0,0.0,0.0,0.0,0.0,0.0,0.0,/Users/ryangichuru/Documents/SSD-K/Uni/3rd year/NLP-ready/benchmark/runtime/results/qwen3-lmstudio/ctrl_study_c_generations.jsonl,/Users/ryangichuru/Documents/SSD-K/Uni/3rd year/NLP-ready/benchmark/runtime/results/qwen3-lmstudio/ctrl_study_c_generations.jsonl
controllability,study_c,qwen3-lmstudio,generic_control,control_adherence_without_meta_discussion,not_measurable,metric_not_applicable,0,,,,,,,0.0,/Users/ryangichuru/Documents/SSD-K/Uni/3rd year/NLP-ready/benchmark/runtime/results/qwen3-lmstudio/ctrl_study_c_generations.jsonl,/Users/ryangichuru/Documents/SSD-K/Uni/3rd year/NLP-ready/benchmark/runtime/results/qwen3-lmstudio/ctrl_study_c_generations.jsonl
controllability,study_c,qwen3-lmstudio,explicit_control,visible_reasoning_tokens,ok,,30,240.1,561.8,321.7,284.0,258.76666666666665,399.46666666666664,0.0,/Users/ryangichuru/Documents/SSD-K/Uni/3rd year/NLP-ready/benchmark/runtime/results/qwen3-lmstudio/ctrl_study_c_generations.jsonl,/Users/ryangichuru/Documents/SSD-K/Uni/3rd year/NLP-ready/benchmark/runtime/results/qwen3-lmstudio/ctrl_study_c_generations.jsonl
controllability,study_c,qwen3-lmstudio,explicit_control,output_tokens,ok,,30,309.6333333333333,564.8,255.16666666666666,216.5,185.96666666666667,332.46666666666664,0.0,/Users/ryangichuru/Documents/SSD-K/Uni/3rd year/NLP-ready/benchmark/runtime/results/qwen3-lmstudio/ctrl_study_c_generations.jsonl,/Users/ryangichuru/Documents/SSD-K/Uni/3rd year/NLP-ready/benchmark/runtime/results/qwen3-lmstudio/ctrl_study_c_generations.jsonl
controllability,study_c,qwen3-lmstudio,explicit_control,reasoning_share,ok,,30,0.7683372352386003,0.9941786853013037,0.2258414500627034,0.2188687322220893,0.20922339714486354,0.24212154363443433,0.0,/Users/ryangichuru/Documents/SSD-K/Uni/3rd year/NLP-ready/benchmark/runtime/results/qwen3-lmstudio/ctrl_study_c_generations.jsonl,/Users/ryangichuru/Documents/SSD-K/Uni/3rd year/NLP-ready/benchmark/runtime/results/qwen3-lmstudio/ctrl_study_c_generations.jsonl
controllability,study_c,qwen3-lmstudio,explicit_control,reasoning_marker_present,ok,,30,1.0,1.0,0.0,0.0,0.0,0.0,0.0,/Users/ryangichuru/Documents/SSD-K/Uni/3rd year/NLP-ready/benchmark/runtime/results/qwen3-lmstudio/ctrl_study_c_generations.jsonl,/Users/ryangichuru/Documents/SSD-K/Uni/3rd year/NLP-ready/benchmark/runtime/results/qwen3-lmstudio/ctrl_study_c_generations.jsonl
controllability,study_c,qwen3-lmstudio,explicit_control,final_answer_marker_present,ok,,30,0.0,0.0,0.0,0.0,0.0,0.0,0.0,/Users/ryangichuru/Documents/SSD-K/Uni/3rd year/NLP-ready/benchmark/runtime/results/qwen3-lmstudio/ctrl_study_c_generations.jsonl,/Users/ryangichuru/Documents/SSD-K/Uni/3rd year/NLP-ready/benchmark/runtime/results/qwen3-lmstudio/ctrl_study_c_generations.jsonl
controllability,study_c,qwen3-lmstudio,explicit_control,control_phrase_adherence,not_measurable,no_control_prompt_rule,0,,,,,,,0.0,/Users/ryangichuru/Documents/SSD-K/Uni/3rd year/NLP-ready/benchmark/runtime/results/qwen3-lmstudio/ctrl_study_c_generations.jsonl,/Users/ryangichuru/Documents/SSD-K/Uni/3rd year/NLP-ready/benchmark/runtime/results/qwen3-lmstudio/ctrl_study_c_generations.jsonl
controllability,study_c,qwen3-lmstudio,explicit_control,meta_discussion_present,ok,,30,0.1,0.8666666666666667,0.7666666666666667,1.0,0.5333333333333333,0.9333333333333333,0.0,/Users/ryangichuru/Documents/SSD-K/Uni/3rd year/NLP-ready/benchmark/runtime/results/qwen3-lmstudio/ctrl_study_c_generations.jsonl,/Users/ryangichuru/Documents/SSD-K/Uni/3rd year/NLP-ready/benchmark/runtime/results/qwen3-lmstudio/ctrl_study_c_generations.jsonl
controllability,study_c,qwen3-lmstudio,explicit_control,reasoning_control_success_proxy,ok,,30,1.0,1.0,0.0,0.0,0.0,0.0,0.0,/Users/ryangichuru/Documents/SSD-K/Uni/3rd year/NLP-ready/benchmark/runtime/results/qwen3-lmstudio/ctrl_study_c_generations.jsonl,/Users/ryangichuru/Documents/SSD-K/Uni/3rd year/NLP-ready/benchmark/runtime/results/qwen3-lmstudio/ctrl_study_c_generations.jsonl
controllability,study_c,qwen3-lmstudio,explicit_control,output_control_success_proxy,ok,,30,0.0,0.0,0.0,0.0,0.0,0.0,0.0,/Users/ryangichuru/Documents/SSD-K/Uni/3rd year/NLP-ready/benchmark/runtime/results/qwen3-lmstudio/ctrl_study_c_generations.jsonl,/Users/ryangichuru/Documents/SSD-K/Uni/3rd year/NLP-ready/benchmark/runtime/results/qwen3-lmstudio/ctrl_study_c_generations.jsonl
controllability,study_c,qwen3-lmstudio,explicit_control,control_adherence_without_meta_discussion,not_measurable,metric_not_applicable,0,,,,,,,0.0,/Users/ryangichuru/Documents/SSD-K/Uni/3rd year/NLP-ready/benchmark/runtime/results/qwen3-lmstudio/ctrl_study_c_generations.jsonl,/Users/ryangichuru/Documents/SSD-K/Uni/3rd year/NLP-ready/benchmark/runtime/results/qwen3-lmstudio/ctrl_study_c_generations.jsonl
controllability,study_a,gpt-oss-20b,generic_control,visible_reasoning_tokens,ok,,300,35.57,59.553333333333335,23.983333333333334,22.0,18.27,29.346666666666668,0.0,/Users/ryangichuru/Documents/SSD-K/Uni/3rd year/NLP-ready/benchmark/runtime/results/gpt-oss-20b/ctrl_study_a_generations.jsonl,/Users/ryangichuru/Documents/SSD-K/Uni/3rd year/NLP-ready/benchmark/runtime/results/gpt-oss-20b/ctrl_study_a_generations.jsonl
controllability,study_a,gpt-oss-20b,generic_control,output_tokens,ok,,300,498.62,554.1233333333333,55.50333333333333,53.0,38.736666666666665,73.63333333333334,0.0,/Users/ryangichuru/Documents/SSD-K/Uni/3rd year/NLP-ready/benchmark/runtime/results/gpt-oss-20b/ctrl_study_a_generations.jsonl,/Users/ryangichuru/Documents/SSD-K/Uni/3rd year/NLP-ready/benchmark/runtime/results/gpt-oss-20b/ctrl_study_a_generations.jsonl
controllability,study_a,gpt-oss-20b,generic_control,reasoning_share,ok,,300,0.07163526276055145,0.11000511813315486,0.0383698553726034,0.03281749139991118,0.029143812095427008,0.0476298087069944,0.0,/Users/ryangichuru/Documents/SSD-K/Uni/3rd year/NLP-ready/benchmark/runtime/results/gpt-oss-20b/ctrl_study_a_generations.jsonl,/Users/ryangichuru/Documents/SSD-K/Uni/3rd year/NLP-ready/benchmark/runtime/results/gpt-oss-20b/ctrl_study_a_generations.jsonl
controllability,study_a,gpt-oss-20b,generic_control,reasoning_marker_present,ok,,300,1.0,1.0,0.0,0.0,0.0,0.0,0.0,/Users/ryangichuru/Documents/SSD-K/Uni/3rd year/NLP-ready/benchmark/runtime/results/gpt-oss-20b/ctrl_study_a_generations.jsonl,/Users/ryangichuru/Documents/SSD-K/Uni/3rd year/NLP-ready/benchmark/runtime/results/gpt-oss-20b/ctrl_study_a_generations.jsonl
controllability,study_a,gpt-oss-20b,generic_control,final_answer_marker_present,ok,,300,0.06,0.006666666666666667,-0.05333333333333334,0.0,-0.08333333333333333,-0.02666666666666667,0.0,/Users/ryangichuru/Documents/SSD-K/Uni/3rd year/NLP-ready/benchmark/runtime/results/gpt-oss-20b/ctrl_study_a_generations.jsonl,/Users/ryangichuru/Documents/SSD-K/Uni/3rd year/NLP-ready/benchmark/runtime/results/gpt-oss-20b/ctrl_study_a_generations.jsonl
controllability,study_a,gpt-oss-20b,generic_control,control_phrase_adherence,not_measurable,no_control_prompt_rule,0,,,,,,,0.0,/Users/ryangichuru/Documents/SSD-K/Uni/3rd year/NLP-ready/benchmark/runtime/results/gpt-oss-20b/ctrl_study_a_generations.jsonl,/Users/ryangichuru/Documents/SSD-K/Uni/3rd year/NLP-ready/benchmark/runtime/results/gpt-oss-20b/ctrl_study_a_generations.jsonl
controllability,study_a,gpt-oss-20b,generic_control,meta_discussion_present,ok,,300,0.6066666666666667,0.6833333333333333,0.07666666666666666,0.0,0.0033333333333333335,0.14333333333333334,0.0,/Users/ryangichuru/Documents/SSD-K/Uni/3rd year/NLP-ready/benchmark/runtime/results/gpt-oss-20b/ctrl_study_a_generations.jsonl,/Users/ryangichuru/Documents/SSD-K/Uni/3rd year/NLP-ready/benchmark/runtime/results/gpt-oss-20b/ctrl_study_a_generations.jsonl
controllability,study_a,gpt-oss-20b,generic_control,reasoning_control_success_proxy,ok,,300,1.0,1.0,0.0,0.0,0.0,0.0,0.0,/Users/ryangichuru/Documents/SSD-K/Uni/3rd year/NLP-ready/benchmark/runtime/results/gpt-oss-20b/ctrl_study_a_generations.jsonl,/Users/ryangichuru/Documents/SSD-K/Uni/3rd year/NLP-ready/benchmark/runtime/results/gpt-oss-20b/ctrl_study_a_generations.jsonl
controllability,study_a,gpt-oss-20b,generic_control,output_control_success_proxy,ok,,300,0.06,0.006666666666666667,-0.05333333333333334,0.0,-0.08333333333333333,-0.02666666666666667,0.0,/Users/ryangichuru/Documents/SSD-K/Uni/3rd year/NLP-ready/benchmark/runtime/results/gpt-oss-20b/ctrl_study_a_generations.jsonl,/Users/ryangichuru/Documents/SSD-K/Uni/3rd year/NLP-ready/benchmark/runtime/results/gpt-oss-20b/ctrl_study_a_generations.jsonl
controllability,study_a,gpt-oss-20b,generic_control,control_adherence_without_meta_discussion,not_measurable,metric_not_applicable,0,,,,,,,0.0,/Users/ryangichuru/Documents/SSD-K/Uni/3rd year/NLP-ready/benchmark/runtime/results/gpt-oss-20b/ctrl_study_a_generations.jsonl,/Users/ryangichuru/Documents/SSD-K/Uni/3rd year/NLP-ready/benchmark/runtime/results/gpt-oss-20b/ctrl_study_a_generations.jsonl
controllability,study_a,gpt-oss-20b,explicit_control,visible_reasoning_tokens,ok,,300,35.57,57.52,21.95,12.0,15.146666666666667,29.5,0.0,/Users/ryangichuru/Documents/SSD-K/Uni/3rd year/NLP-ready/benchmark/runtime/results/gpt-oss-20b/ctrl_study_a_generations.jsonl,/Users/ryangichuru/Documents/SSD-K/Uni/3rd year/NLP-ready/benchmark/runtime/results/gpt-oss-20b/ctrl_study_a_generations.jsonl
controllability,study_a,gpt-oss-20b,explicit_control,output_tokens,ok,,300,498.62,531.9366666666666,33.31666666666667,30.0,17.133333333333333,49.623333333333335,0.0,/Users/ryangichuru/Documents/SSD-K/Uni/3rd year/NLP-ready/benchmark/runtime/results/gpt-oss-20b/ctrl_study_a_generations.jsonl,/Users/ryangichuru/Documents/SSD-K/Uni/3rd year/NLP-ready/benchmark/runtime/results/gpt-oss-20b/ctrl_study_a_generations.jsonl
controllability,study_a,gpt-oss-20b,explicit_control,reasoning_share,ok,,300,0.07163526276055145,0.10394627349722609,0.03231101073667464,0.022903746315557815,0.021998325374363154,0.04149842432152421,0.0,/Users/ryangichuru/Documents/SSD-K/Uni/3rd year/NLP-ready/benchmark/runtime/results/gpt-oss-20b/ctrl_study_a_generations.jsonl,/Users/ryangichuru/Documents/SSD-K/Uni/3rd year/NLP-ready/benchmark/runtime/results/gpt-oss-20b/ctrl_study_a_generations.jsonl
controllability,study_a,gpt-oss-20b,explicit_control,reasoning_marker_present,ok,,300,1.0,1.0,0.0,0.0,0.0,0.0,0.0,/Users/ryangichuru/Documents/SSD-K/Uni/3rd year/NLP-ready/benchmark/runtime/results/gpt-oss-20b/ctrl_study_a_generations.jsonl,/Users/ryangichuru/Documents/SSD-K/Uni/3rd year/NLP-ready/benchmark/runtime/results/gpt-oss-20b/ctrl_study_a_generations.jsonl
controllability,study_a,gpt-oss-20b,explicit_control,final_answer_marker_present,ok,,300,0.06,0.10333333333333333,0.043333333333333335,0.0,0.0,0.09,0.0,/Users/ryangichuru/Documents/SSD-K/Uni/3rd year/NLP-ready/benchmark/runtime/results/gpt-oss-20b/ctrl_study_a_generations.jsonl,/Users/ryangichuru/Documents/SSD-K/Uni/3rd year/NLP-ready/benchmark/runtime/results/gpt-oss-20b/ctrl_study_a_generations.jsonl
controllability,study_a,gpt-oss-20b,explicit_control,control_phrase_adherence,not_measurable,no_control_prompt_rule,0,,,,,,,0.0,/Users/ryangichuru/Documents/SSD-K/Uni/3rd year/NLP-ready/benchmark/runtime/results/gpt-oss-20b/ctrl_study_a_generations.jsonl,/Users/ryangichuru/Documents/SSD-K/Uni/3rd year/NLP-ready/benchmark/runtime/results/gpt-oss-20b/ctrl_study_a_generations.jsonl
controllability,study_a,gpt-oss-20b,explicit_control,meta_discussion_present,ok,,300,0.6066666666666667,0.62,0.013333333333333334,0.0,-0.056666666666666664,0.08333333333333333,0.0,/Users/ryangichuru/Documents/SSD-K/Uni/3rd year/NLP-ready/benchmark/runtime/results/gpt-oss-20b/ctrl_study_a_generations.jsonl,/Users/ryangichuru/Documents/SSD-K/Uni/3rd year/NLP-ready/benchmark/runtime/results/gpt-oss-20b/ctrl_study_a_generations.jsonl
controllability,study_a,gpt-oss-20b,explicit_control,reasoning_control_success_proxy,ok,,300,1.0,1.0,0.0,0.0,0.0,0.0,0.0,/Users/ryangichuru/Documents/SSD-K/Uni/3rd year/NLP-ready/benchmark/runtime/results/gpt-oss-20b/ctrl_study_a_generations.jsonl,/Users/ryangichuru/Documents/SSD-K/Uni/3rd year/NLP-ready/benchmark/runtime/results/gpt-oss-20b/ctrl_study_a_generations.jsonl
controllability,study_a,gpt-oss-20b,explicit_control,output_control_success_proxy,ok,,300,0.06,0.10333333333333333,0.043333333333333335,0.0,0.0,0.09,0.0,/Users/ryangichuru/Documents/SSD-K/Uni/3rd year/NLP-ready/benchmark/runtime/results/gpt-oss-20b/ctrl_study_a_generations.jsonl,/Users/ryangichuru/Documents/SSD-K/Uni/3rd year/NLP-ready/benchmark/runtime/results/gpt-oss-20b/ctrl_study_a_generations.jsonl
controllability,study_a,gpt-oss-20b,explicit_control,control_adherence_without_meta_discussion,not_measurable,metric_not_applicable,0,,,,,,,0.0,/Users/ryangichuru/Documents/SSD-K/Uni/3rd year/NLP-ready/benchmark/runtime/results/gpt-oss-20b/ctrl_study_a_generations.jsonl,/Users/ryangichuru/Documents/SSD-K/Uni/3rd year/NLP-ready/benchmark/runtime/results/gpt-oss-20b/ctrl_study_a_generations.jsonl
controllability,study_a_bias,gpt-oss-20b,generic_control,visible_reasoning_tokens,ok,,532,71.24248120300751,85.81390977443608,14.571428571428571,15.0,9.296992481203008,19.50375939849624,0.0018796992481203,/Users/ryangichuru/Documents/SSD-K/Uni/3rd year/NLP-ready/benchmark/runtime/results/gpt-oss-20b/ctrl_study_a_bias_generations.jsonl,/Users/ryangichuru/Documents/SSD-K/Uni/3rd year/NLP-ready/benchmark/runtime/results/gpt-oss-20b/ctrl_study_a_bias_generations.jsonl
controllability,study_a_bias,gpt-oss-20b,generic_control,output_tokens,ok,,532,429.890977443609,336.5883458646617,-93.30263157894737,-94.0,-103.15977443609023,-83.85902255639098,0.0018796992481203,/Users/ryangichuru/Documents/SSD-K/Uni/3rd year/NLP-ready/benchmark/runtime/results/gpt-oss-20b/ctrl_study_a_bias_generations.jsonl,/Users/ryangichuru/Documents/SSD-K/Uni/3rd year/NLP-ready/benchmark/runtime/results/gpt-oss-20b/ctrl_study_a_bias_generations.jsonl
controllability,study_a_bias,gpt-oss-20b,generic_control,reasoning_share,ok,,532,0.17566367876945677,0.2582678634038937,0.08260418463443694,0.08196770155754637,0.07121563416261517,0.0952700271697809,0.0018796992481203,/Users/ryangichuru/Documents/SSD-K/Uni/3rd year/NLP-ready/benchmark/runtime/results/gpt-oss-20b/ctrl_study_a_bias_generations.jsonl,/Users/ryangichuru/Documents/SSD-K/Uni/3rd year/NLP-ready/benchmark/runtime/results/gpt-oss-20b/ctrl_study_a_bias_generations.jsonl
controllability,study_a_bias,gpt-oss-20b,generic_control,reasoning_marker_present,ok,,532,1.0,1.0,0.0,0.0,0.0,0.0,0.0018796992481203,/Users/ryangichuru/Documents/SSD-K/Uni/3rd year/NLP-ready/benchmark/runtime/results/gpt-oss-20b/ctrl_study_a_bias_generations.jsonl,/Users/ryangichuru/Documents/SSD-K/Uni/3rd year/NLP-ready/benchmark/runtime/results/gpt-oss-20b/ctrl_study_a_bias_generations.jsonl
controllability,study_a_bias,gpt-oss-20b,generic_control,final_answer_marker_present,ok,,532,0.16353383458646617,0.38721804511278196,0.2236842105263158,0.0,0.17105263157894737,0.27631578947368424,0.0018796992481203,/Users/ryangichuru/Documents/SSD-K/Uni/3rd year/NLP-ready/benchmark/runtime/results/gpt-oss-20b/ctrl_study_a_bias_generations.jsonl,/Users/ryangichuru/Documents/SSD-K/Uni/3rd year/NLP-ready/benchmark/runtime/results/gpt-oss-20b/ctrl_study_a_bias_generations.jsonl
controllability,study_a_bias,gpt-oss-20b,generic_control,control_phrase_adherence,ok,,532,1.0,0.7957393483709273,-0.20426065162907273,-0.33333333333333337,-0.21867167919799502,-0.1904761904761905,0.0018796992481203,/Users/ryangichuru/Documents/SSD-K/Uni/3rd year/NLP-ready/benchmark/runtime/results/gpt-oss-20b/ctrl_study_a_bias_generations.jsonl,/Users/ryangichuru/Documents/SSD-K/Uni/3rd year/NLP-ready/benchmark/runtime/results/gpt-oss-20b/ctrl_study_a_bias_generations.jsonl
controllability,study_a_bias,gpt-oss-20b,generic_control,meta_discussion_present,ok,,532,0.4906015037593985,0.29699248120300753,-0.19360902255639098,0.0,-0.24436090225563908,-0.14097744360902256,0.0018796992481203,/Users/ryangichuru/Documents/SSD-K/Uni/3rd year/NLP-ready/benchmark/runtime/results/gpt-oss-20b/ctrl_study_a_bias_generations.jsonl,/Users/ryangichuru/Documents/SSD-K/Uni/3rd year/NLP-ready/benchmark/runtime/results/gpt-oss-20b/ctrl_study_a_bias_generations.jsonl
controllability,study_a_bias,gpt-oss-20b,generic_control,reasoning_control_success_proxy,ok,,532,1.0,1.0,0.0,0.0,0.0,0.0,0.0018796992481203,/Users/ryangichuru/Documents/SSD-K/Uni/3rd year/NLP-ready/benchmark/runtime/results/gpt-oss-20b/ctrl_study_a_bias_generations.jsonl,/Users/ryangichuru/Documents/SSD-K/Uni/3rd year/NLP-ready/benchmark/runtime/results/gpt-oss-20b/ctrl_study_a_bias_generations.jsonl
controllability,study_a_bias,gpt-oss-20b,generic_control,output_control_success_proxy,ok,,532,0.16353383458646617,0.38721804511278196,0.2236842105263158,0.0,0.17105263157894737,0.2744360902255639,0.0018796992481203,/Users/ryangichuru/Documents/SSD-K/Uni/3rd year/NLP-ready/benchmark/runtime/results/gpt-oss-20b/ctrl_study_a_bias_generations.jsonl,/Users/ryangichuru/Documents/SSD-K/Uni/3rd year/NLP-ready/benchmark/runtime/results/gpt-oss-20b/ctrl_study_a_bias_generations.jsonl
controllability,study_a_bias,gpt-oss-20b,generic_control,control_adherence_without_meta_discussion,ok,,532,0.5093984962406015,0.7030075187969925,0.19360902255639098,0.0,0.14661654135338345,0.2424812030075188,0.0018796992481203,/Users/ryangichuru/Documents/SSD-K/Uni/3rd year/NLP-ready/benchmark/runtime/results/gpt-oss-20b/ctrl_study_a_bias_generations.jsonl,/Users/ryangichuru/Documents/SSD-K/Uni/3rd year/NLP-ready/benchmark/runtime/results/gpt-oss-20b/ctrl_study_a_bias_generations.jsonl
controllability,study_a_bias,gpt-oss-20b,explicit_control,visible_reasoning_tokens,ok,,532,71.24248120300751,58.847744360902254,-12.394736842105264,-3.5,-17.293233082706767,-7.870300751879699,0.0,/Users/ryangichuru/Documents/SSD-K/Uni/3rd year/NLP-ready/benchmark/runtime/results/gpt-oss-20b/ctrl_study_a_bias_generations.jsonl,/Users/ryangichuru/Documents/SSD-K/Uni/3rd year/NLP-ready/benchmark/runtime/results/gpt-oss-20b/ctrl_study_a_bias_generations.jsonl
controllability,study_a_bias,gpt-oss-20b,explicit_control,output_tokens,ok,,532,429.890977443609,410.42293233082705,-19.468045112781954,-21.5,-29.163533834586467,-9.522556390977444,0.0,/Users/ryangichuru/Documents/SSD-K/Uni/3rd year/NLP-ready/benchmark/runtime/results/gpt-oss-20b/ctrl_study_a_bias_generations.jsonl,/Users/ryangichuru/Documents/SSD-K/Uni/3rd year/NLP-ready/benchmark/runtime/results/gpt-oss-20b/ctrl_study_a_bias_generations.jsonl
controllability,study_a_bias,gpt-oss-20b,explicit_control,reasoning_share,ok,,532,0.17566367876945677,0.14275982115403704,-0.0329038576154197,-0.010068050935618085,-0.043658221843594955,-0.022261112079869635,0.0,/Users/ryangichuru/Documents/SSD-K/Uni/3rd year/NLP-ready/benchmark/runtime/results/gpt-oss-20b/ctrl_study_a_bias_generations.jsonl,/Users/ryangichuru/Documents/SSD-K/Uni/3rd year/NLP-ready/benchmark/runtime/results/gpt-oss-20b/ctrl_study_a_bias_generations.jsonl
controllability,study_a_bias,gpt-oss-20b,explicit_control,reasoning_marker_present,ok,,532,1.0,1.0,0.0,0.0,0.0,0.0,0.0,/Users/ryangichuru/Documents/SSD-K/Uni/3rd year/NLP-ready/benchmark/runtime/results/gpt-oss-20b/ctrl_study_a_bias_generations.jsonl,/Users/ryangichuru/Documents/SSD-K/Uni/3rd year/NLP-ready/benchmark/runtime/results/gpt-oss-20b/ctrl_study_a_bias_generations.jsonl
controllability,study_a_bias,gpt-oss-20b,explicit_control,final_answer_marker_present,ok,,532,0.16353383458646617,0.5883458646616542,0.424812030075188,0.0,0.37218045112781956,0.47368421052631576,0.0,/Users/ryangichuru/Documents/SSD-K/Uni/3rd year/NLP-ready/benchmark/runtime/results/gpt-oss-20b/ctrl_study_a_bias_generations.jsonl,/Users/ryangichuru/Documents/SSD-K/Uni/3rd year/NLP-ready/benchmark/runtime/results/gpt-oss-20b/ctrl_study_a_bias_generations.jsonl
controllability,study_a_bias,gpt-oss-20b,explicit_control,control_phrase_adherence,ok,,532,1.0,0.8627819548872181,-0.137218045112782,0.0,-0.15162907268170428,-0.12406015037593987,0.0,/Users/ryangichuru/Documents/SSD-K/Uni/3rd year/NLP-ready/benchmark/runtime/results/gpt-oss-20b/ctrl_study_a_bias_generations.jsonl,/Users/ryangichuru/Documents/SSD-K/Uni/3rd year/NLP-ready/benchmark/runtime/results/gpt-oss-20b/ctrl_study_a_bias_generations.jsonl
controllability,study_a_bias,gpt-oss-20b,explicit_control,meta_discussion_present,ok,,532,0.4906015037593985,0.34022556390977443,-0.15037593984962405,0.0,-0.20488721804511278,-0.10150375939849623,0.0,/Users/ryangichuru/Documents/SSD-K/Uni/3rd year/NLP-ready/benchmark/runtime/results/gpt-oss-20b/ctrl_study_a_bias_generations.jsonl,/Users/ryangichuru/Documents/SSD-K/Uni/3rd year/NLP-ready/benchmark/runtime/results/gpt-oss-20b/ctrl_study_a_bias_generations.jsonl
controllability,study_a_bias,gpt-oss-20b,explicit_control,reasoning_control_success_proxy,ok,,532,1.0,1.0,0.0,0.0,0.0,0.0,0.0,/Users/ryangichuru/Documents/SSD-K/Uni/3rd year/NLP-ready/benchmark/runtime/results/gpt-oss-20b/ctrl_study_a_bias_generations.jsonl,/Users/ryangichuru/Documents/SSD-K/Uni/3rd year/NLP-ready/benchmark/runtime/results/gpt-oss-20b/ctrl_study_a_bias_generations.jsonl
controllability,study_a_bias,gpt-oss-20b,explicit_control,output_control_success_proxy,ok,,532,0.16353383458646617,0.5883458646616542,0.424812030075188,0.0,0.37218045112781956,0.4755639097744361,0.0,/Users/ryangichuru/Documents/SSD-K/Uni/3rd year/NLP-ready/benchmark/runtime/results/gpt-oss-20b/ctrl_study_a_bias_generations.jsonl,/Users/ryangichuru/Documents/SSD-K/Uni/3rd year/NLP-ready/benchmark/runtime/results/gpt-oss-20b/ctrl_study_a_bias_generations.jsonl
controllability,study_a_bias,gpt-oss-20b,explicit_control,control_adherence_without_meta_discussion,ok,,532,0.5093984962406015,0.6597744360902256,0.15037593984962405,0.0,0.09962406015037593,0.20488721804511278,0.0,/Users/ryangichuru/Documents/SSD-K/Uni/3rd year/NLP-ready/benchmark/runtime/results/gpt-oss-20b/ctrl_study_a_bias_generations.jsonl,/Users/ryangichuru/Documents/SSD-K/Uni/3rd year/NLP-ready/benchmark/runtime/results/gpt-oss-20b/ctrl_study_a_bias_generations.jsonl
controllability,study_b,gpt-oss-20b,generic_control,visible_reasoning_tokens,ok,,300,9.656666666666666,58.913333333333334,49.25666666666667,40.0,45.36,53.52333333333333,0.0333333333333333,/Users/ryangichuru/Documents/SSD-K/Uni/3rd year/NLP-ready/benchmark/runtime/results/gpt-oss-20b/ctrl_study_b_generations.jsonl,/Users/ryangichuru/Documents/SSD-K/Uni/3rd year/NLP-ready/benchmark/runtime/results/gpt-oss-20b/ctrl_study_b_generations.jsonl
controllability,study_b,gpt-oss-20b,generic_control,output_tokens,ok,,300,546.9033333333333,245.11,-301.79333333333335,-321.5,-322.22,-280.51,0.0333333333333333,/Users/ryangichuru/Documents/SSD-K/Uni/3rd year/NLP-ready/benchmark/runtime/results/gpt-oss-20b/ctrl_study_b_generations.jsonl,/Users/ryangichuru/Documents/SSD-K/Uni/3rd year/NLP-ready/benchmark/runtime/results/gpt-oss-20b/ctrl_study_b_generations.jsonl
controllability,study_b,gpt-oss-20b,generic_control,reasoning_share,ok,,300,0.023680140296215898,0.25097950036924965,0.22729936007303375,0.2159529852462945,0.21296649232016973,0.24148496485079501,0.0333333333333333,/Users/ryangichuru/Documents/SSD-K/Uni/3rd year/NLP-ready/benchmark/runtime/results/gpt-oss-20b/ctrl_study_b_generations.jsonl,/Users/ryangichuru/Documents/SSD-K/Uni/3rd year/NLP-ready/benchmark/runtime/results/gpt-oss-20b/ctrl_study_b_generations.jsonl
controllability,study_b,gpt-oss-20b,generic_control,reasoning_marker_present,ok,,300,1.0,1.0,0.0,0.0,0.0,0.0,0.0333333333333333,/Users/ryangichuru/Documents/SSD-K/Uni/3rd year/NLP-ready/benchmark/runtime/results/gpt-oss-20b/ctrl_study_b_generations.jsonl,/Users/ryangichuru/Documents/SSD-K/Uni/3rd year/NLP-ready/benchmark/runtime/results/gpt-oss-20b/ctrl_study_b_generations.jsonl
controllability,study_b,gpt-oss-20b,generic_control,final_answer_marker_present,ok,,300,0.0,0.023333333333333334,0.023333333333333334,0.0,0.01,0.043333333333333335,0.0333333333333333,/Users/ryangichuru/Documents/SSD-K/Uni/3rd year/NLP-ready/benchmark/runtime/results/gpt-oss-20b/ctrl_study_b_generations.jsonl,/Users/ryangichuru/Documents/SSD-K/Uni/3rd year/NLP-ready/benchmark/runtime/results/gpt-oss-20b/ctrl_study_b_generations.jsonl
controllability,study_b,gpt-oss-20b,generic_control,control_phrase_adherence,not_measurable,no_control_prompt_rule,0,,,,,,,0.0333333333333333,/Users/ryangichuru/Documents/SSD-K/Uni/3rd year/NLP-ready/benchmark/runtime/results/gpt-oss-20b/ctrl_study_b_generations.jsonl,/Users/ryangichuru/Documents/SSD-K/Uni/3rd year/NLP-ready/benchmark/runtime/results/gpt-oss-20b/ctrl_study_b_generations.jsonl
controllability,study_b,gpt-oss-20b,generic_control,meta_discussion_present,ok,,300,0.39,0.38333333333333336,-0.006666666666666667,0.0,-0.07333333333333333,0.06333333333333334,0.0333333333333333,/Users/ryangichuru/Documents/SSD-K/Uni/3rd year/NLP-ready/benchmark/runtime/results/gpt-oss-20b/ctrl_study_b_generations.jsonl,/Users/ryangichuru/Documents/SSD-K/Uni/3rd year/NLP-ready/benchmark/runtime/results/gpt-oss-20b/ctrl_study_b_generations.jsonl
controllability,study_b,gpt-oss-20b,generic_control,reasoning_control_success_proxy,ok,,300,1.0,1.0,0.0,0.0,0.0,0.0,0.0333333333333333,/Users/ryangichuru/Documents/SSD-K/Uni/3rd year/NLP-ready/benchmark/runtime/results/gpt-oss-20b/ctrl_study_b_generations.jsonl,/Users/ryangichuru/Documents/SSD-K/Uni/3rd year/NLP-ready/benchmark/runtime/results/gpt-oss-20b/ctrl_study_b_generations.jsonl
controllability,study_b,gpt-oss-20b,generic_control,output_control_success_proxy,ok,,300,0.0,0.023333333333333334,0.023333333333333334,0.0,0.01,0.04,0.0333333333333333,/Users/ryangichuru/Documents/SSD-K/Uni/3rd year/NLP-ready/benchmark/runtime/results/gpt-oss-20b/ctrl_study_b_generations.jsonl,/Users/ryangichuru/Documents/SSD-K/Uni/3rd year/NLP-ready/benchmark/runtime/results/gpt-oss-20b/ctrl_study_b_generations.jsonl
controllability,study_b,gpt-oss-20b,generic_control,control_adherence_without_meta_discussion,not_measurable,metric_not_applicable,0,,,,,,,0.0333333333333333,/Users/ryangichuru/Documents/SSD-K/Uni/3rd year/NLP-ready/benchmark/runtime/results/gpt-oss-20b/ctrl_study_b_generations.jsonl,/Users/ryangichuru/Documents/SSD-K/Uni/3rd year/NLP-ready/benchmark/runtime/results/gpt-oss-20b/ctrl_study_b_generations.jsonl
controllability,study_b,gpt-oss-20b,explicit_control,visible_reasoning_tokens,ok,,300,9.656666666666666,51.24666666666667,41.59,39.0,38.526666666666664,44.86666666666667,0.1466666666666666,/Users/ryangichuru/Documents/SSD-K/Uni/3rd year/NLP-ready/benchmark/runtime/results/gpt-oss-20b/ctrl_study_b_generations.jsonl,/Users/ryangichuru/Documents/SSD-K/Uni/3rd year/NLP-ready/benchmark/runtime/results/gpt-oss-20b/ctrl_study_b_generations.jsonl
controllability,study_b,gpt-oss-20b,explicit_control,output_tokens,ok,,300,546.9033333333333,359.1,-187.80333333333334,-187.0,-205.30333333333334,-168.25,0.1466666666666666,/Users/ryangichuru/Documents/SSD-K/Uni/3rd year/NLP-ready/benchmark/runtime/results/gpt-oss-20b/ctrl_study_b_generations.jsonl,/Users/ryangichuru/Documents/SSD-K/Uni/3rd year/NLP-ready/benchmark/runtime/results/gpt-oss-20b/ctrl_study_b_generations.jsonl
controllability,study_b,gpt-oss-20b,explicit_control,reasoning_share,ok,,300,0.023680140296215898,0.1500652688217526,0.1263851285255367,0.1223683158962406,0.1155189235833683,0.13523898731706624,0.1466666666666666,/Users/ryangichuru/Documents/SSD-K/Uni/3rd year/NLP-ready/benchmark/runtime/results/gpt-oss-20b/ctrl_study_b_generations.jsonl,/Users/ryangichuru/Documents/SSD-K/Uni/3rd year/NLP-ready/benchmark/runtime/results/gpt-oss-20b/ctrl_study_b_generations.jsonl
controllability,study_b,gpt-oss-20b,explicit_control,reasoning_marker_present,ok,,300,1.0,1.0,0.0,0.0,0.0,0.0,0.1466666666666666,/Users/ryangichuru/Documents/SSD-K/Uni/3rd year/NLP-ready/benchmark/runtime/results/gpt-oss-20b/ctrl_study_b_generations.jsonl,/Users/ryangichuru/Documents/SSD-K/Uni/3rd year/NLP-ready/benchmark/runtime/results/gpt-oss-20b/ctrl_study_b_generations.jsonl
controllability,study_b,gpt-oss-20b,explicit_control,final_answer_marker_present,ok,,300,0.0,0.0033333333333333335,0.0033333333333333335,0.0,0.0,0.01,0.1466666666666666,/Users/ryangichuru/Documents/SSD-K/Uni/3rd year/NLP-ready/benchmark/runtime/results/gpt-oss-20b/ctrl_study_b_generations.jsonl,/Users/ryangichuru/Documents/SSD-K/Uni/3rd year/NLP-ready/benchmark/runtime/results/gpt-oss-20b/ctrl_study_b_generations.jsonl
controllability,study_b,gpt-oss-20b,explicit_control,control_phrase_adherence,not_measurable,no_control_prompt_rule,0,,,,,,,0.1466666666666666,/Users/ryangichuru/Documents/SSD-K/Uni/3rd year/NLP-ready/benchmark/runtime/results/gpt-oss-20b/ctrl_study_b_generations.jsonl,/Users/ryangichuru/Documents/SSD-K/Uni/3rd year/NLP-ready/benchmark/runtime/results/gpt-oss-20b/ctrl_study_b_generations.jsonl
controllability,study_b,gpt-oss-20b,explicit_control,meta_discussion_present,ok,,300,0.39,0.58,0.19,0.0,0.11333333333333333,0.26,0.1466666666666666,/Users/ryangichuru/Documents/SSD-K/Uni/3rd year/NLP-ready/benchmark/runtime/results/gpt-oss-20b/ctrl_study_b_generations.jsonl,/Users/ryangichuru/Documents/SSD-K/Uni/3rd year/NLP-ready/benchmark/runtime/results/gpt-oss-20b/ctrl_study_b_generations.jsonl
controllability,study_b,gpt-oss-20b,explicit_control,reasoning_control_success_proxy,ok,,300,1.0,1.0,0.0,0.0,0.0,0.0,0.1466666666666666,/Users/ryangichuru/Documents/SSD-K/Uni/3rd year/NLP-ready/benchmark/runtime/results/gpt-oss-20b/ctrl_study_b_generations.jsonl,/Users/ryangichuru/Documents/SSD-K/Uni/3rd year/NLP-ready/benchmark/runtime/results/gpt-oss-20b/ctrl_study_b_generations.jsonl
controllability,study_b,gpt-oss-20b,explicit_control,output_control_success_proxy,ok,,300,0.0,0.0033333333333333335,0.0033333333333333335,0.0,0.0,0.01,0.1466666666666666,/Users/ryangichuru/Documents/SSD-K/Uni/3rd year/NLP-ready/benchmark/runtime/results/gpt-oss-20b/ctrl_study_b_generations.jsonl,/Users/ryangichuru/Documents/SSD-K/Uni/3rd year/NLP-ready/benchmark/runtime/results/gpt-oss-20b/ctrl_study_b_generations.jsonl
controllability,study_b,gpt-oss-20b,explicit_control,control_adherence_without_meta_discussion,not_measurable,metric_not_applicable,0,,,,,,,0.1466666666666666,/Users/ryangichuru/Documents/SSD-K/Uni/3rd year/NLP-ready/benchmark/runtime/results/gpt-oss-20b/ctrl_study_b_generations.jsonl,/Users/ryangichuru/Documents/SSD-K/Uni/3rd year/NLP-ready/benchmark/runtime/results/gpt-oss-20b/ctrl_study_b_generations.jsonl
controllability,study_b_multi_turn,gpt-oss-20b,generic_control,visible_reasoning_tokens,ok,,30,10.766666666666667,8.933333333333334,-1.8333333333333333,-2.0,-3.3666666666666667,-0.4666666666666667,0.0666666666666666,/Users/ryangichuru/Documents/SSD-K/Uni/3rd year/NLP-ready/benchmark/runtime/results/gpt-oss-20b/ctrl_study_b_multi_turn_generations.jsonl,/Users/ryangichuru/Documents/SSD-K/Uni/3rd year/NLP-ready/benchmark/runtime/results/gpt-oss-20b/ctrl_study_b_multi_turn_generations.jsonl
controllability,study_b_multi_turn,gpt-oss-20b,generic_control,output_tokens,ok,,30,338.76666666666665,377.2,38.43333333333333,37.0,-42.5,124.66666666666667,0.0666666666666666,/Users/ryangichuru/Documents/SSD-K/Uni/3rd year/NLP-ready/benchmark/runtime/results/gpt-oss-20b/ctrl_study_b_multi_turn_generations.jsonl,/Users/ryangichuru/Documents/SSD-K/Uni/3rd year/NLP-ready/benchmark/runtime/results/gpt-oss-20b/ctrl_study_b_multi_turn_generations.jsonl
controllability,study_b_multi_turn,gpt-oss-20b,generic_control,reasoning_share,ok,,30,0.0361864235763771,0.03228579042496985,-0.00390063315140725,-0.0015142155386589952,-0.012031533300898187,0.003665846285415822,0.0666666666666666,/Users/ryangichuru/Documents/SSD-K/Uni/3rd year/NLP-ready/benchmark/runtime/results/gpt-oss-20b/ctrl_study_b_multi_turn_generations.jsonl,/Users/ryangichuru/Documents/SSD-K/Uni/3rd year/NLP-ready/benchmark/runtime/results/gpt-oss-20b/ctrl_study_b_multi_turn_generations.jsonl
controllability,study_b_multi_turn,gpt-oss-20b,generic_control,reasoning_marker_present,ok,,30,1.0,1.0,0.0,0.0,0.0,0.0,0.0666666666666666,/Users/ryangichuru/Documents/SSD-K/Uni/3rd year/NLP-ready/benchmark/runtime/results/gpt-oss-20b/ctrl_study_b_multi_turn_generations.jsonl,/Users/ryangichuru/Documents/SSD-K/Uni/3rd year/NLP-ready/benchmark/runtime/results/gpt-oss-20b/ctrl_study_b_multi_turn_generations.jsonl
controllability,study_b_multi_turn,gpt-oss-20b,generic_control,final_answer_marker_present,ok,,30,0.0,0.0,0.0,0.0,0.0,0.0,0.0666666666666666,/Users/ryangichuru/Documents/SSD-K/Uni/3rd year/NLP-ready/benchmark/runtime/results/gpt-oss-20b/ctrl_study_b_multi_turn_generations.jsonl,/Users/ryangichuru/Documents/SSD-K/Uni/3rd year/NLP-ready/benchmark/runtime/results/gpt-oss-20b/ctrl_study_b_multi_turn_generations.jsonl
controllability,study_b_multi_turn,gpt-oss-20b,generic_control,control_phrase_adherence,not_measurable,no_control_prompt_rule,0,,,,,,,0.0666666666666666,/Users/ryangichuru/Documents/SSD-K/Uni/3rd year/NLP-ready/benchmark/runtime/results/gpt-oss-20b/ctrl_study_b_multi_turn_generations.jsonl,/Users/ryangichuru/Documents/SSD-K/Uni/3rd year/NLP-ready/benchmark/runtime/results/gpt-oss-20b/ctrl_study_b_multi_turn_generations.jsonl
controllability,study_b_multi_turn,gpt-oss-20b,generic_control,meta_discussion_present,ok,,30,0.3,0.5,0.2,0.0,-0.06666666666666667,0.43333333333333335,0.0666666666666666,/Users/ryangichuru/Documents/SSD-K/Uni/3rd year/NLP-ready/benchmark/runtime/results/gpt-oss-20b/ctrl_study_b_multi_turn_generations.jsonl,/Users/ryangichuru/Documents/SSD-K/Uni/3rd year/NLP-ready/benchmark/runtime/results/gpt-oss-20b/ctrl_study_b_multi_turn_generations.jsonl
controllability,study_b_multi_turn,gpt-oss-20b,generic_control,reasoning_control_success_proxy,ok,,30,1.0,1.0,0.0,0.0,0.0,0.0,0.0666666666666666,/Users/ryangichuru/Documents/SSD-K/Uni/3rd year/NLP-ready/benchmark/runtime/results/gpt-oss-20b/ctrl_study_b_multi_turn_generations.jsonl,/Users/ryangichuru/Documents/SSD-K/Uni/3rd year/NLP-ready/benchmark/runtime/results/gpt-oss-20b/ctrl_study_b_multi_turn_generations.jsonl
controllability,study_b_multi_turn,gpt-oss-20b,generic_control,output_control_success_proxy,ok,,30,0.0,0.0,0.0,0.0,0.0,0.0,0.0666666666666666,/Users/ryangichuru/Documents/SSD-K/Uni/3rd year/NLP-ready/benchmark/runtime/results/gpt-oss-20b/ctrl_study_b_multi_turn_generations.jsonl,/Users/ryangichuru/Documents/SSD-K/Uni/3rd year/NLP-ready/benchmark/runtime/results/gpt-oss-20b/ctrl_study_b_multi_turn_generations.jsonl
controllability,study_b_multi_turn,gpt-oss-20b,generic_control,control_adherence_without_meta_discussion,not_measurable,metric_not_applicable,0,,,,,,,0.0666666666666666,/Users/ryangichuru/Documents/SSD-K/Uni/3rd year/NLP-ready/benchmark/runtime/results/gpt-oss-20b/ctrl_study_b_multi_turn_generations.jsonl,/Users/ryangichuru/Documents/SSD-K/Uni/3rd year/NLP-ready/benchmark/runtime/results/gpt-oss-20b/ctrl_study_b_multi_turn_generations.jsonl
controllability,study_b_multi_turn,gpt-oss-20b,explicit_control,visible_reasoning_tokens,ok,,30,10.766666666666667,11.033333333333333,0.26666666666666666,-0.5,-1.7,2.6666666666666665,0.0,/Users/ryangichuru/Documents/SSD-K/Uni/3rd year/NLP-ready/benchmark/runtime/results/gpt-oss-20b/ctrl_study_b_multi_turn_generations.jsonl,/Users/ryangichuru/Documents/SSD-K/Uni/3rd year/NLP-ready/benchmark/runtime/results/gpt-oss-20b/ctrl_study_b_multi_turn_generations.jsonl
controllability,study_b_multi_turn,gpt-oss-20b,explicit_control,output_tokens,ok,,30,338.76666666666665,341.5,2.7333333333333334,-41.5,-67.06666666666666,77.8,0.0,/Users/ryangichuru/Documents/SSD-K/Uni/3rd year/NLP-ready/benchmark/runtime/results/gpt-oss-20b/ctrl_study_b_multi_turn_generations.jsonl,/Users/ryangichuru/Documents/SSD-K/Uni/3rd year/NLP-ready/benchmark/runtime/results/gpt-oss-20b/ctrl_study_b_multi_turn_generations.jsonl
controllability,study_b_multi_turn,gpt-oss-20b,explicit_control,reasoning_share,ok,,30,0.0361864235763771,0.04927365483718777,0.013087231260810666,0.003921088150389562,-0.0037849300444552647,0.03446884496527083,0.0,/Users/ryangichuru/Documents/SSD-K/Uni/3rd year/NLP-ready/benchmark/runtime/results/gpt-oss-20b/ctrl_study_b_multi_turn_generations.jsonl,/Users/ryangichuru/Documents/SSD-K/Uni/3rd year/NLP-ready/benchmark/runtime/results/gpt-oss-20b/ctrl_study_b_multi_turn_generations.jsonl
controllability,study_b_multi_turn,gpt-oss-20b,explicit_control,reasoning_marker_present,ok,,30,1.0,1.0,0.0,0.0,0.0,0.0,0.0,/Users/ryangichuru/Documents/SSD-K/Uni/3rd year/NLP-ready/benchmark/runtime/results/gpt-oss-20b/ctrl_study_b_multi_turn_generations.jsonl,/Users/ryangichuru/Documents/SSD-K/Uni/3rd year/NLP-ready/benchmark/runtime/results/gpt-oss-20b/ctrl_study_b_multi_turn_generations.jsonl
controllability,study_b_multi_turn,gpt-oss-20b,explicit_control,final_answer_marker_present,ok,,30,0.0,0.0,0.0,0.0,0.0,0.0,0.0,/Users/ryangichuru/Documents/SSD-K/Uni/3rd year/NLP-ready/benchmark/runtime/results/gpt-oss-20b/ctrl_study_b_multi_turn_generations.jsonl,/Users/ryangichuru/Documents/SSD-K/Uni/3rd year/NLP-ready/benchmark/runtime/results/gpt-oss-20b/ctrl_study_b_multi_turn_generations.jsonl
controllability,study_b_multi_turn,gpt-oss-20b,explicit_control,control_phrase_adherence,not_measurable,no_control_prompt_rule,0,,,,,,,0.0,/Users/ryangichuru/Documents/SSD-K/Uni/3rd year/NLP-ready/benchmark/runtime/results/gpt-oss-20b/ctrl_study_b_multi_turn_generations.jsonl,/Users/ryangichuru/Documents/SSD-K/Uni/3rd year/NLP-ready/benchmark/runtime/results/gpt-oss-20b/ctrl_study_b_multi_turn_generations.jsonl
controllability,study_b_multi_turn,gpt-oss-20b,explicit_control,meta_discussion_present,ok,,30,0.3,0.4666666666666667,0.16666666666666666,0.0,-0.1,0.43333333333333335,0.0,/Users/ryangichuru/Documents/SSD-K/Uni/3rd year/NLP-ready/benchmark/runtime/results/gpt-oss-20b/ctrl_study_b_multi_turn_generations.jsonl,/Users/ryangichuru/Documents/SSD-K/Uni/3rd year/NLP-ready/benchmark/runtime/results/gpt-oss-20b/ctrl_study_b_multi_turn_generations.jsonl
controllability,study_b_multi_turn,gpt-oss-20b,explicit_control,reasoning_control_success_proxy,ok,,30,1.0,1.0,0.0,0.0,0.0,0.0,0.0,/Users/ryangichuru/Documents/SSD-K/Uni/3rd year/NLP-ready/benchmark/runtime/results/gpt-oss-20b/ctrl_study_b_multi_turn_generations.jsonl,/Users/ryangichuru/Documents/SSD-K/Uni/3rd year/NLP-ready/benchmark/runtime/results/gpt-oss-20b/ctrl_study_b_multi_turn_generations.jsonl
controllability,study_b_multi_turn,gpt-oss-20b,explicit_control,output_control_success_proxy,ok,,30,0.0,0.0,0.0,0.0,0.0,0.0,0.0,/Users/ryangichuru/Documents/SSD-K/Uni/3rd year/NLP-ready/benchmark/runtime/results/gpt-oss-20b/ctrl_study_b_multi_turn_generations.jsonl,/Users/ryangichuru/Documents/SSD-K/Uni/3rd year/NLP-ready/benchmark/runtime/results/gpt-oss-20b/ctrl_study_b_multi_turn_generations.jsonl
controllability,study_b_multi_turn,gpt-oss-20b,explicit_control,control_adherence_without_meta_discussion,not_measurable,metric_not_applicable,0,,,,,,,0.0,/Users/ryangichuru/Documents/SSD-K/Uni/3rd year/NLP-ready/benchmark/runtime/results/gpt-oss-20b/ctrl_study_b_multi_turn_generations.jsonl,/Users/ryangichuru/Documents/SSD-K/Uni/3rd year/NLP-ready/benchmark/runtime/results/gpt-oss-20b/ctrl_study_b_multi_turn_generations.jsonl
controllability,study_c,gpt-oss-20b,generic_control,visible_reasoning_tokens,ok,,30,3.2,44.03333333333333,40.833333333333336,38.0,32.43333333333333,51.166666666666664,0.0,/Users/ryangichuru/Documents/SSD-K/Uni/3rd year/NLP-ready/benchmark/runtime/results/gpt-oss-20b/ctrl_study_c_generations.jsonl,/Users/ryangichuru/Documents/SSD-K/Uni/3rd year/NLP-ready/benchmark/runtime/results/gpt-oss-20b/ctrl_study_c_generations.jsonl
controllability,study_c,gpt-oss-20b,generic_control,output_tokens,ok,,30,107.83333333333333,173.53333333333333,65.7,70.0,47.733333333333334,86.06666666666666,0.0,/Users/ryangichuru/Documents/SSD-K/Uni/3rd year/NLP-ready/benchmark/runtime/results/gpt-oss-20b/ctrl_study_c_generations.jsonl,/Users/ryangichuru/Documents/SSD-K/Uni/3rd year/NLP-ready/benchmark/runtime/results/gpt-oss-20b/ctrl_study_c_generations.jsonl
controllability,study_c,gpt-oss-20b,generic_control,reasoning_share,ok,,30,0.03109180900960059,0.24039642656616575,0.20930461755656518,0.2048522597156466,0.17562623052060639,0.24163694317364115,0.0,/Users/ryangichuru/Documents/SSD-K/Uni/3rd year/NLP-ready/benchmark/runtime/results/gpt-oss-20b/ctrl_study_c_generations.jsonl,/Users/ryangichuru/Documents/SSD-K/Uni/3rd year/NLP-ready/benchmark/runtime/results/gpt-oss-20b/ctrl_study_c_generations.jsonl
controllability,study_c,gpt-oss-20b,generic_control,reasoning_marker_present,ok,,30,1.0,1.0,0.0,0.0,0.0,0.0,0.0,/Users/ryangichuru/Documents/SSD-K/Uni/3rd year/NLP-ready/benchmark/runtime/results/gpt-oss-20b/ctrl_study_c_generations.jsonl,/Users/ryangichuru/Documents/SSD-K/Uni/3rd year/NLP-ready/benchmark/runtime/results/gpt-oss-20b/ctrl_study_c_generations.jsonl
controllability,study_c,gpt-oss-20b,generic_control,final_answer_marker_present,ok,,30,0.0,0.0,0.0,0.0,0.0,0.0,0.0,/Users/ryangichuru/Documents/SSD-K/Uni/3rd year/NLP-ready/benchmark/runtime/results/gpt-oss-20b/ctrl_study_c_generations.jsonl,/Users/ryangichuru/Documents/SSD-K/Uni/3rd year/NLP-ready/benchmark/runtime/results/gpt-oss-20b/ctrl_study_c_generations.jsonl
controllability,study_c,gpt-oss-20b,generic_control,control_phrase_adherence,not_measurable,no_control_prompt_rule,0,,,,,,,0.0,/Users/ryangichuru/Documents/SSD-K/Uni/3rd year/NLP-ready/benchmark/runtime/results/gpt-oss-20b/ctrl_study_c_generations.jsonl,/Users/ryangichuru/Documents/SSD-K/Uni/3rd year/NLP-ready/benchmark/runtime/results/gpt-oss-20b/ctrl_study_c_generations.jsonl
controllability,study_c,gpt-oss-20b,generic_control,meta_discussion_present,ok,,30,0.03333333333333333,0.0,-0.03333333333333333,0.0,-0.1,0.0,0.0,/Users/ryangichuru/Documents/SSD-K/Uni/3rd year/NLP-ready/benchmark/runtime/results/gpt-oss-20b/ctrl_study_c_generations.jsonl,/Users/ryangichuru/Documents/SSD-K/Uni/3rd year/NLP-ready/benchmark/runtime/results/gpt-oss-20b/ctrl_study_c_generations.jsonl
controllability,study_c,gpt-oss-20b,generic_control,reasoning_control_success_proxy,ok,,30,1.0,1.0,0.0,0.0,0.0,0.0,0.0,/Users/ryangichuru/Documents/SSD-K/Uni/3rd year/NLP-ready/benchmark/runtime/results/gpt-oss-20b/ctrl_study_c_generations.jsonl,/Users/ryangichuru/Documents/SSD-K/Uni/3rd year/NLP-ready/benchmark/runtime/results/gpt-oss-20b/ctrl_study_c_generations.jsonl
controllability,study_c,gpt-oss-20b,generic_control,output_control_success_proxy,ok,,30,0.0,0.0,0.0,0.0,0.0,0.0,0.0,/Users/ryangichuru/Documents/SSD-K/Uni/3rd year/NLP-ready/benchmark/runtime/results/gpt-oss-20b/ctrl_study_c_generations.jsonl,/Users/ryangichuru/Documents/SSD-K/Uni/3rd year/NLP-ready/benchmark/runtime/results/gpt-oss-20b/ctrl_study_c_generations.jsonl
controllability,study_c,gpt-oss-20b,generic_control,control_adherence_without_meta_discussion,not_measurable,metric_not_applicable,0,,,,,,,0.0,/Users/ryangichuru/Documents/SSD-K/Uni/3rd year/NLP-ready/benchmark/runtime/results/gpt-oss-20b/ctrl_study_c_generations.jsonl,/Users/ryangichuru/Documents/SSD-K/Uni/3rd year/NLP-ready/benchmark/runtime/results/gpt-oss-20b/ctrl_study_c_generations.jsonl
controllability,study_c,gpt-oss-20b,explicit_control,visible_reasoning_tokens,ok,,30,3.2,32.36666666666667,29.166666666666668,28.5,24.366666666666667,34.0,0.0,/Users/ryangichuru/Documents/SSD-K/Uni/3rd year/NLP-ready/benchmark/runtime/results/gpt-oss-20b/ctrl_study_c_generations.jsonl,/Users/ryangichuru/Documents/SSD-K/Uni/3rd year/NLP-ready/benchmark/runtime/results/gpt-oss-20b/ctrl_study_c_generations.jsonl
controllability,study_c,gpt-oss-20b,explicit_control,output_tokens,ok,,30,107.83333333333333,187.93333333333334,80.1,79.5,67.26666666666667,92.66666666666667,0.0,/Users/ryangichuru/Documents/SSD-K/Uni/3rd year/NLP-ready/benchmark/runtime/results/gpt-oss-20b/ctrl_study_c_generations.jsonl,/Users/ryangichuru/Documents/SSD-K/Uni/3rd year/NLP-ready/benchmark/runtime/results/gpt-oss-20b/ctrl_study_c_generations.jsonl
controllability,study_c,gpt-oss-20b,explicit_control,reasoning_share,ok,,30,0.03109180900960059,0.17012701793584237,0.13903520892624177,0.1437610251462983,0.1175305368174581,0.1596902942520963,0.0,/Users/ryangichuru/Documents/SSD-K/Uni/3rd year/NLP-ready/benchmark/runtime/results/gpt-oss-20b/ctrl_study_c_generations.jsonl,/Users/ryangichuru/Documents/SSD-K/Uni/3rd year/NLP-ready/benchmark/runtime/results/gpt-oss-20b/ctrl_study_c_generations.jsonl
controllability,study_c,gpt-oss-20b,explicit_control,reasoning_marker_present,ok,,30,1.0,1.0,0.0,0.0,0.0,0.0,0.0,/Users/ryangichuru/Documents/SSD-K/Uni/3rd year/NLP-ready/benchmark/runtime/results/gpt-oss-20b/ctrl_study_c_generations.jsonl,/Users/ryangichuru/Documents/SSD-K/Uni/3rd year/NLP-ready/benchmark/runtime/results/gpt-oss-20b/ctrl_study_c_generations.jsonl
controllability,study_c,gpt-oss-20b,explicit_control,final_answer_marker_present,ok,,30,0.0,0.0,0.0,0.0,0.0,0.0,0.0,/Users/ryangichuru/Documents/SSD-K/Uni/3rd year/NLP-ready/benchmark/runtime/results/gpt-oss-20b/ctrl_study_c_generations.jsonl,/Users/ryangichuru/Documents/SSD-K/Uni/3rd year/NLP-ready/benchmark/runtime/results/gpt-oss-20b/ctrl_study_c_generations.jsonl
controllability,study_c,gpt-oss-20b,explicit_control,control_phrase_adherence,not_measurable,no_control_prompt_rule,0,,,,,,,0.0,/Users/ryangichuru/Documents/SSD-K/Uni/3rd year/NLP-ready/benchmark/runtime/results/gpt-oss-20b/ctrl_study_c_generations.jsonl,/Users/ryangichuru/Documents/SSD-K/Uni/3rd year/NLP-ready/benchmark/runtime/results/gpt-oss-20b/ctrl_study_c_generations.jsonl
controllability,study_c,gpt-oss-20b,explicit_control,meta_discussion_present,ok,,30,0.03333333333333333,0.23333333333333334,0.2,0.0,0.03333333333333333,0.36666666666666664,0.0,/Users/ryangichuru/Documents/SSD-K/Uni/3rd year/NLP-ready/benchmark/runtime/results/gpt-oss-20b/ctrl_study_c_generations.jsonl,/Users/ryangichuru/Documents/SSD-K/Uni/3rd year/NLP-ready/benchmark/runtime/results/gpt-oss-20b/ctrl_study_c_generations.jsonl
controllability,study_c,gpt-oss-20b,explicit_control,reasoning_control_success_proxy,ok,,30,1.0,1.0,0.0,0.0,0.0,0.0,0.0,/Users/ryangichuru/Documents/SSD-K/Uni/3rd year/NLP-ready/benchmark/runtime/results/gpt-oss-20b/ctrl_study_c_generations.jsonl,/Users/ryangichuru/Documents/SSD-K/Uni/3rd year/NLP-ready/benchmark/runtime/results/gpt-oss-20b/ctrl_study_c_generations.jsonl
controllability,study_c,gpt-oss-20b,explicit_control,output_control_success_proxy,ok,,30,0.0,0.0,0.0,0.0,0.0,0.0,0.0,/Users/ryangichuru/Documents/SSD-K/Uni/3rd year/NLP-ready/benchmark/runtime/results/gpt-oss-20b/ctrl_study_c_generations.jsonl,/Users/ryangichuru/Documents/SSD-K/Uni/3rd year/NLP-ready/benchmark/runtime/results/gpt-oss-20b/ctrl_study_c_generations.jsonl
controllability,study_c,gpt-oss-20b,explicit_control,control_adherence_without_meta_discussion,not_measurable,metric_not_applicable,0,,,,,,,0.0,/Users/ryangichuru/Documents/SSD-K/Uni/3rd year/NLP-ready/benchmark/runtime/results/gpt-oss-20b/ctrl_study_c_generations.jsonl,/Users/ryangichuru/Documents/SSD-K/Uni/3rd year/NLP-ready/benchmark/runtime/results/gpt-oss-20b/ctrl_study_c_generations.jsonl
controllability,study_a,psyche-r1-local,generic_control,visible_reasoning_tokens,missing_cache,missing_cache,0,,,,,,,0.01428571428571425,,
controllability,study_a,psyche-r1-local,generic_control,output_tokens,missing_cache,missing_cache,0,,,,,,,0.01428571428571425,,
controllability,study_a,psyche-r1-local,generic_control,reasoning_share,missing_cache,missing_cache,0,,,,,,,0.01428571428571425,,
controllability,study_a,psyche-r1-local,generic_control,reasoning_marker_present,missing_cache,missing_cache,0,,,,,,,0.01428571428571425,,
controllability,study_a,psyche-r1-local,generic_control,final_answer_marker_present,missing_cache,missing_cache,0,,,,,,,0.01428571428571425,,
controllability,study_a,psyche-r1-local,generic_control,control_phrase_adherence,missing_cache,missing_cache,0,,,,,,,0.01428571428571425,,
controllability,study_a,psyche-r1-local,generic_control,meta_discussion_present,missing_cache,missing_cache,0,,,,,,,0.01428571428571425,,
controllability,study_a,psyche-r1-local,generic_control,reasoning_control_success_proxy,missing_cache,missing_cache,0,,,,,,,0.01428571428571425,,
controllability,study_a,psyche-r1-local,generic_control,output_control_success_proxy,missing_cache,missing_cache,0,,,,,,,0.01428571428571425,,
controllability,study_a,psyche-r1-local,generic_control,control_adherence_without_meta_discussion,missing_cache,missing_cache,0,,,,,,,0.01428571428571425,,
controllability,study_a,psyche-r1-local,explicit_control,visible_reasoning_tokens,missing_cache,missing_cache,0,,,,,,,0.0146703296703296,,
controllability,study_a,psyche-r1-local,explicit_control,output_tokens,missing_cache,missing_cache,0,,,,,,,0.0146703296703296,,
controllability,study_a,psyche-r1-local,explicit_control,reasoning_share,missing_cache,missing_cache,0,,,,,,,0.0146703296703296,,
controllability,study_a,psyche-r1-local,explicit_control,reasoning_marker_present,missing_cache,missing_cache,0,,,,,,,0.0146703296703296,,
controllability,study_a,psyche-r1-local,explicit_control,final_answer_marker_present,missing_cache,missing_cache,0,,,,,,,0.0146703296703296,,
controllability,study_a,psyche-r1-local,explicit_control,control_phrase_adherence,missing_cache,missing_cache,0,,,,,,,0.0146703296703296,,
controllability,study_a,psyche-r1-local,explicit_control,meta_discussion_present,missing_cache,missing_cache,0,,,,,,,0.0146703296703296,,
controllability,study_a,psyche-r1-local,explicit_control,reasoning_control_success_proxy,missing_cache,missing_cache,0,,,,,,,0.0146703296703296,,
controllability,study_a,psyche-r1-local,explicit_control,output_control_success_proxy,missing_cache,missing_cache,0,,,,,,,0.0146703296703296,,
controllability,study_a,psyche-r1-local,explicit_control,control_adherence_without_meta_discussion,missing_cache,missing_cache,0,,,,,,,0.0146703296703296,,
controllability,study_a_bias,psyche-r1-local,generic_control,visible_reasoning_tokens,missing_cache,missing_cache,0,,,,,,,0.0,,
controllability,study_a_bias,psyche-r1-local,generic_control,output_tokens,missing_cache,missing_cache,0,,,,,,,0.0,,
controllability,study_a_bias,psyche-r1-local,generic_control,reasoning_share,missing_cache,missing_cache,0,,,,,,,0.0,,
controllability,study_a_bias,psyche-r1-local,generic_control,reasoning_marker_present,missing_cache,missing_cache,0,,,,,,,0.0,,
controllability,study_a_bias,psyche-r1-local,generic_control,final_answer_marker_present,missing_cache,missing_cache,0,,,,,,,0.0,,
controllability,study_a_bias,psyche-r1-local,generic_control,control_phrase_adherence,missing_cache,missing_cache,0,,,,,,,0.0,,
controllability,study_a_bias,psyche-r1-local,generic_control,meta_discussion_present,missing_cache,missing_cache,0,,,,,,,0.0,,
controllability,study_a_bias,psyche-r1-local,generic_control,reasoning_control_success_proxy,missing_cache,missing_cache,0,,,,,,,0.0,,
controllability,study_a_bias,psyche-r1-local,generic_control,output_control_success_proxy,missing_cache,missing_cache,0,,,,,,,0.0,,
controllability,study_a_bias,psyche-r1-local,generic_control,control_adherence_without_meta_discussion,missing_cache,missing_cache,0,,,,,,,0.0,,
controllability,study_a_bias,psyche-r1-local,explicit_control,visible_reasoning_tokens,missing_cache,missing_cache,0,,,,,,,0.0,,
controllability,study_a_bias,psyche-r1-local,explicit_control,output_tokens,missing_cache,missing_cache,0,,,,,,,0.0,,
controllability,study_a_bias,psyche-r1-local,explicit_control,reasoning_share,missing_cache,missing_cache,0,,,,,,,0.0,,
controllability,study_a_bias,psyche-r1-local,explicit_control,reasoning_marker_present,missing_cache,missing_cache,0,,,,,,,0.0,,
controllability,study_a_bias,psyche-r1-local,explicit_control,final_answer_marker_present,missing_cache,missing_cache,0,,,,,,,0.0,,
controllability,study_a_bias,psyche-r1-local,explicit_control,control_phrase_adherence,missing_cache,missing_cache,0,,,,,,,0.0,,
controllability,study_a_bias,psyche-r1-local,explicit_control,meta_discussion_present,missing_cache,missing_cache,0,,,,,,,0.0,,
controllability,study_a_bias,psyche-r1-local,explicit_control,reasoning_control_success_proxy,missing_cache,missing_cache,0,,,,,,,0.0,,
controllability,study_a_bias,psyche-r1-local,explicit_control,output_control_success_proxy,missing_cache,missing_cache,0,,,,,,,0.0,,
controllability,study_a_bias,psyche-r1-local,explicit_control,control_adherence_without_meta_discussion,missing_cache,missing_cache,0,,,,,,,0.0,,
controllability,study_b,psyche-r1-local,generic_control,visible_reasoning_tokens,ok,,87,2.6666666666666665,37.827586206896555,35.160919540229884,40.0,24.0,44.4367816091954,0.0705882352941176,/Users/ryangichuru/Documents/SSD-K/Uni/3rd year/NLP-ready/benchmark/runtime/results/psyche-r1-local/ctrl_study_b_generations.jsonl,/Users/ryangichuru/Documents/SSD-K/Uni/3rd year/NLP-ready/benchmark/runtime/results/psyche-r1-local/ctrl_study_b_generations.jsonl
controllability,study_b,psyche-r1-local,generic_control,output_tokens,ok,,87,255.44827586206895,103.01149425287356,-152.4367816091954,-179.0,-174.3448275862069,-128.70114942528735,0.0705882352941176,/Users/ryangichuru/Documents/SSD-K/Uni/3rd year/NLP-ready/benchmark/runtime/results/psyche-r1-local/ctrl_study_b_generations.jsonl,/Users/ryangichuru/Documents/SSD-K/Uni/3rd year/NLP-ready/benchmark/runtime/results/psyche-r1-local/ctrl_study_b_generations.jsonl
controllability,study_b,psyche-r1-local,generic_control,reasoning_share,ok,,87,0.008888888888888889,0.3888289070409266,0.3799400181520377,0.4125,0.2969284276153468,0.47015172478971407,0.0705882352941176,/Users/ryangichuru/Documents/SSD-K/Uni/3rd year/NLP-ready/benchmark/runtime/results/psyche-r1-local/ctrl_study_b_generations.jsonl,/Users/ryangichuru/Documents/SSD-K/Uni/3rd year/NLP-ready/benchmark/runtime/results/psyche-r1-local/ctrl_study_b_generations.jsonl
controllability,study_b,psyche-r1-local,generic_control,reasoning_marker_present,ok,,87,0.011494252873563218,0.5172413793103449,0.5057471264367817,1.0,0.39080459770114945,0.6206896551724138,0.0705882352941176,/Users/ryangichuru/Documents/SSD-K/Uni/3rd year/NLP-ready/benchmark/runtime/results/psyche-r1-local/ctrl_study_b_generations.jsonl,/Users/ryangichuru/Documents/SSD-K/Uni/3rd year/NLP-ready/benchmark/runtime/results/psyche-r1-local/ctrl_study_b_generations.jsonl
controllability,study_b,psyche-r1-local,generic_control,final_answer_marker_present,ok,,87,0.0,1.0,1.0,1.0,1.0,1.0,0.0705882352941176,/Users/ryangichuru/Documents/SSD-K/Uni/3rd year/NLP-ready/benchmark/runtime/results/psyche-r1-local/ctrl_study_b_generations.jsonl,/Users/ryangichuru/Documents/SSD-K/Uni/3rd year/NLP-ready/benchmark/runtime/results/psyche-r1-local/ctrl_study_b_generations.jsonl
controllability,study_b,psyche-r1-local,generic_control,control_phrase_adherence,not_measurable,no_control_prompt_rule,0,,,,,,,0.0705882352941176,/Users/ryangichuru/Documents/SSD-K/Uni/3rd year/NLP-ready/benchmark/runtime/results/psyche-r1-local/ctrl_study_b_generations.jsonl,/Users/ryangichuru/Documents/SSD-K/Uni/3rd year/NLP-ready/benchmark/runtime/results/psyche-r1-local/ctrl_study_b_generations.jsonl
controllability,study_b,psyche-r1-local,generic_control,meta_discussion_present,ok,,87,0.2413793103448276,0.1839080459770115,-0.05747126436781609,0.0,-0.1839080459770115,0.06896551724137931,0.0705882352941176,/Users/ryangichuru/Documents/SSD-K/Uni/3rd year/NLP-ready/benchmark/runtime/results/psyche-r1-local/ctrl_study_b_generations.jsonl,/Users/ryangichuru/Documents/SSD-K/Uni/3rd year/NLP-ready/benchmark/runtime/results/psyche-r1-local/ctrl_study_b_generations.jsonl
controllability,study_b,psyche-r1-local,generic_control,reasoning_control_success_proxy,ok,,87,0.011494252873563218,0.5172413793103449,0.5057471264367817,1.0,0.40229885057471265,0.6091954022988506,0.0705882352941176,/Users/ryangichuru/Documents/SSD-K/Uni/3rd year/NLP-ready/benchmark/runtime/results/psyche-r1-local/ctrl_study_b_generations.jsonl,/Users/ryangichuru/Documents/SSD-K/Uni/3rd year/NLP-ready/benchmark/runtime/results/psyche-r1-local/ctrl_study_b_generations.jsonl
controllability,study_b,psyche-r1-local,generic_control,output_control_success_proxy,ok,,87,0.0,1.0,1.0,1.0,1.0,1.0,0.0705882352941176,/Users/ryangichuru/Documents/SSD-K/Uni/3rd year/NLP-ready/benchmark/runtime/results/psyche-r1-local/ctrl_study_b_generations.jsonl,/Users/ryangichuru/Documents/SSD-K/Uni/3rd year/NLP-ready/benchmark/runtime/results/psyche-r1-local/ctrl_study_b_generations.jsonl
controllability,study_b,psyche-r1-local,generic_control,control_adherence_without_meta_discussion,not_measurable,metric_not_applicable,0,,,,,,,0.0705882352941176,/Users/ryangichuru/Documents/SSD-K/Uni/3rd year/NLP-ready/benchmark/runtime/results/psyche-r1-local/ctrl_study_b_generations.jsonl,/Users/ryangichuru/Documents/SSD-K/Uni/3rd year/NLP-ready/benchmark/runtime/results/psyche-r1-local/ctrl_study_b_generations.jsonl
controllability,study_b,psyche-r1-local,explicit_control,visible_reasoning_tokens,ok,,85,2.7294117647058824,17.611764705882354,14.882352941176471,0.0,3.988235294117647,25.741176470588236,0.1309523809523809,/Users/ryangichuru/Documents/SSD-K/Uni/3rd year/NLP-ready/benchmark/runtime/results/psyche-r1-local/ctrl_study_b_generations.jsonl,/Users/ryangichuru/Documents/SSD-K/Uni/3rd year/NLP-ready/benchmark/runtime/results/psyche-r1-local/ctrl_study_b_generations.jsonl
controllability,study_b,psyche-r1-local,explicit_control,output_tokens,ok,,85,257.3529411764706,207.9764705882353,-49.37647058823529,-63.0,-76.02352941176471,-22.294117647058822,0.1309523809523809,/Users/ryangichuru/Documents/SSD-K/Uni/3rd year/NLP-ready/benchmark/runtime/results/psyche-r1-local/ctrl_study_b_generations.jsonl,/Users/ryangichuru/Documents/SSD-K/Uni/3rd year/NLP-ready/benchmark/runtime/results/psyche-r1-local/ctrl_study_b_generations.jsonl
controllability,study_b,psyche-r1-local,explicit_control,reasoning_share,ok,,85,0.009098039215686275,0.07977309224853484,0.07067505303284856,0.0,0.022711235323692073,0.119699703343015,0.1309523809523809,/Users/ryangichuru/Documents/SSD-K/Uni/3rd year/NLP-ready/benchmark/runtime/results/psyche-r1-local/ctrl_study_b_generations.jsonl,/Users/ryangichuru/Documents/SSD-K/Uni/3rd year/NLP-ready/benchmark/runtime/results/psyche-r1-local/ctrl_study_b_generations.jsonl
controllability,study_b,psyche-r1-local,explicit_control,reasoning_marker_present,ok,,85,0.011764705882352941,0.1411764705882353,0.12941176470588237,0.0,0.058823529411764705,0.21176470588235294,0.1309523809523809,/Users/ryangichuru/Documents/SSD-K/Uni/3rd year/NLP-ready/benchmark/runtime/results/psyche-r1-local/ctrl_study_b_generations.jsonl,/Users/ryangichuru/Documents/SSD-K/Uni/3rd year/NLP-ready/benchmark/runtime/results/psyche-r1-local/ctrl_study_b_generations.jsonl
controllability,study_b,psyche-r1-local,explicit_control,final_answer_marker_present,ok,,85,0.0,0.8235294117647058,0.8235294117647058,1.0,0.7294117647058823,0.9058823529411765,0.1309523809523809,/Users/ryangichuru/Documents/SSD-K/Uni/3rd year/NLP-ready/benchmark/runtime/results/psyche-r1-local/ctrl_study_b_generations.jsonl,/Users/ryangichuru/Documents/SSD-K/Uni/3rd year/NLP-ready/benchmark/runtime/results/psyche-r1-local/ctrl_study_b_generations.jsonl
controllability,study_b,psyche-r1-local,explicit_control,control_phrase_adherence,not_measurable,no_control_prompt_rule,0,,,,,,,0.1309523809523809,/Users/ryangichuru/Documents/SSD-K/Uni/3rd year/NLP-ready/benchmark/runtime/results/psyche-r1-local/ctrl_study_b_generations.jsonl,/Users/ryangichuru/Documents/SSD-K/Uni/3rd year/NLP-ready/benchmark/runtime/results/psyche-r1-local/ctrl_study_b_generations.jsonl
controllability,study_b,psyche-r1-local,explicit_control,meta_discussion_present,ok,,85,0.24705882352941178,0.6235294117647059,0.3764705882352941,0.0,0.25882352941176473,0.49411764705882355,0.1309523809523809,/Users/ryangichuru/Documents/SSD-K/Uni/3rd year/NLP-ready/benchmark/runtime/results/psyche-r1-local/ctrl_study_b_generations.jsonl,/Users/ryangichuru/Documents/SSD-K/Uni/3rd year/NLP-ready/benchmark/runtime/results/psyche-r1-local/ctrl_study_b_generations.jsonl
controllability,study_b,psyche-r1-local,explicit_control,reasoning_control_success_proxy,ok,,85,0.011764705882352941,0.1411764705882353,0.12941176470588237,0.0,0.058823529411764705,0.21176470588235294,0.1309523809523809,/Users/ryangichuru/Documents/SSD-K/Uni/3rd year/NLP-ready/benchmark/runtime/results/psyche-r1-local/ctrl_study_b_generations.jsonl,/Users/ryangichuru/Documents/SSD-K/Uni/3rd year/NLP-ready/benchmark/runtime/results/psyche-r1-local/ctrl_study_b_generations.jsonl
controllability,study_b,psyche-r1-local,explicit_control,output_control_success_proxy,ok,,85,0.0,0.8235294117647058,0.8235294117647058,1.0,0.7411764705882353,0.9058823529411765,0.1309523809523809,/Users/ryangichuru/Documents/SSD-K/Uni/3rd year/NLP-ready/benchmark/runtime/results/psyche-r1-local/ctrl_study_b_generations.jsonl,/Users/ryangichuru/Documents/SSD-K/Uni/3rd year/NLP-ready/benchmark/runtime/results/psyche-r1-local/ctrl_study_b_generations.jsonl
controllability,study_b,psyche-r1-local,explicit_control,control_adherence_without_meta_discussion,not_measurable,metric_not_applicable,0,,,,,,,0.1309523809523809,/Users/ryangichuru/Documents/SSD-K/Uni/3rd year/NLP-ready/benchmark/runtime/results/psyche-r1-local/ctrl_study_b_generations.jsonl,/Users/ryangichuru/Documents/SSD-K/Uni/3rd year/NLP-ready/benchmark/runtime/results/psyche-r1-local/ctrl_study_b_generations.jsonl
controllability,study_b_multi_turn,psyche-r1-local,generic_control,visible_reasoning_tokens,not_measurable,no_visible_reasoning,0,,,,,,,0.0,/Users/ryangichuru/Documents/SSD-K/Uni/3rd year/NLP-ready/benchmark/runtime/results/psyche-r1-local/ctrl_study_b_multi_turn_generations.jsonl,/Users/ryangichuru/Documents/SSD-K/Uni/3rd year/NLP-ready/benchmark/runtime/results/psyche-r1-local/ctrl_study_b_multi_turn_generations.jsonl
controllability,study_b_multi_turn,psyche-r1-local,generic_control,output_tokens,ok,,209,288.1913875598086,88.08612440191388,-200.10526315789474,-230.0,-217.3684210526316,-182.27272727272728,0.0,/Users/ryangichuru/Documents/SSD-K/Uni/3rd year/NLP-ready/benchmark/runtime/results/psyche-r1-local/ctrl_study_b_multi_turn_generations.jsonl,/Users/ryangichuru/Documents/SSD-K/Uni/3rd year/NLP-ready/benchmark/runtime/results/psyche-r1-local/ctrl_study_b_multi_turn_generations.jsonl
controllability,study_b_multi_turn,psyche-r1-local,generic_control,reasoning_share,not_measurable,no_visible_reasoning,0,,,,,,,0.0,/Users/ryangichuru/Documents/SSD-K/Uni/3rd year/NLP-ready/benchmark/runtime/results/psyche-r1-local/ctrl_study_b_multi_turn_generations.jsonl,/Users/ryangichuru/Documents/SSD-K/Uni/3rd year/NLP-ready/benchmark/runtime/results/psyche-r1-local/ctrl_study_b_multi_turn_generations.jsonl
controllability,study_b_multi_turn,psyche-r1-local,generic_control,reasoning_marker_present,not_measurable,no_visible_reasoning,0,,,,,,,0.0,/Users/ryangichuru/Documents/SSD-K/Uni/3rd year/NLP-ready/benchmark/runtime/results/psyche-r1-local/ctrl_study_b_multi_turn_generations.jsonl,/Users/ryangichuru/Documents/SSD-K/Uni/3rd year/NLP-ready/benchmark/runtime/results/psyche-r1-local/ctrl_study_b_multi_turn_generations.jsonl
controllability,study_b_multi_turn,psyche-r1-local,generic_control,final_answer_marker_present,ok,,209,0.0,0.0,0.0,0.0,0.0,0.0,0.0,/Users/ryangichuru/Documents/SSD-K/Uni/3rd year/NLP-ready/benchmark/runtime/results/psyche-r1-local/ctrl_study_b_multi_turn_generations.jsonl,/Users/ryangichuru/Documents/SSD-K/Uni/3rd year/NLP-ready/benchmark/runtime/results/psyche-r1-local/ctrl_study_b_multi_turn_generations.jsonl
controllability,study_b_multi_turn,psyche-r1-local,generic_control,control_phrase_adherence,not_measurable,no_control_prompt_rule,0,,,,,,,0.0,/Users/ryangichuru/Documents/SSD-K/Uni/3rd year/NLP-ready/benchmark/runtime/results/psyche-r1-local/ctrl_study_b_multi_turn_generations.jsonl,/Users/ryangichuru/Documents/SSD-K/Uni/3rd year/NLP-ready/benchmark/runtime/results/psyche-r1-local/ctrl_study_b_multi_turn_generations.jsonl
controllability,study_b_multi_turn,psyche-r1-local,generic_control,meta_discussion_present,ok,,209,0.19617224880382775,0.0430622009569378,-0.15311004784688995,0.0,-0.21052631578947367,-0.10047846889952153,0.0,/Users/ryangichuru/Documents/SSD-K/Uni/3rd year/NLP-ready/benchmark/runtime/results/psyche-r1-local/ctrl_study_b_multi_turn_generations.jsonl,/Users/ryangichuru/Documents/SSD-K/Uni/3rd year/NLP-ready/benchmark/runtime/results/psyche-r1-local/ctrl_study_b_multi_turn_generations.jsonl
controllability,study_b_multi_turn,psyche-r1-local,generic_control,reasoning_control_success_proxy,ok,,209,0.0,0.0,0.0,0.0,0.0,0.0,0.0,/Users/ryangichuru/Documents/SSD-K/Uni/3rd year/NLP-ready/benchmark/runtime/results/psyche-r1-local/ctrl_study_b_multi_turn_generations.jsonl,/Users/ryangichuru/Documents/SSD-K/Uni/3rd year/NLP-ready/benchmark/runtime/results/psyche-r1-local/ctrl_study_b_multi_turn_generations.jsonl
controllability,study_b_multi_turn,psyche-r1-local,generic_control,output_control_success_proxy,ok,,209,0.0,0.0,0.0,0.0,0.0,0.0,0.0,/Users/ryangichuru/Documents/SSD-K/Uni/3rd year/NLP-ready/benchmark/runtime/results/psyche-r1-local/ctrl_study_b_multi_turn_generations.jsonl,/Users/ryangichuru/Documents/SSD-K/Uni/3rd year/NLP-ready/benchmark/runtime/results/psyche-r1-local/ctrl_study_b_multi_turn_generations.jsonl
controllability,study_b_multi_turn,psyche-r1-local,generic_control,control_adherence_without_meta_discussion,not_measurable,metric_not_applicable,0,,,,,,,0.0,/Users/ryangichuru/Documents/SSD-K/Uni/3rd year/NLP-ready/benchmark/runtime/results/psyche-r1-local/ctrl_study_b_multi_turn_generations.jsonl,/Users/ryangichuru/Documents/SSD-K/Uni/3rd year/NLP-ready/benchmark/runtime/results/psyche-r1-local/ctrl_study_b_multi_turn_generations.jsonl
controllability,study_b_multi_turn,psyche-r1-local,explicit_control,visible_reasoning_tokens,not_measurable,no_visible_reasoning,0,,,,,,,0.0,/Users/ryangichuru/Documents/SSD-K/Uni/3rd year/NLP-ready/benchmark/runtime/results/psyche-r1-local/ctrl_study_b_multi_turn_generations.jsonl,/Users/ryangichuru/Documents/SSD-K/Uni/3rd year/NLP-ready/benchmark/runtime/results/psyche-r1-local/ctrl_study_b_multi_turn_generations.jsonl
controllability,study_b_multi_turn,psyche-r1-local,explicit_control,output_tokens,ok,,209,288.1913875598086,79.23444976076556,-208.95693779904306,-235.0,-225.0334928229665,-193.7846889952153,0.0,/Users/ryangichuru/Documents/SSD-K/Uni/3rd year/NLP-ready/benchmark/runtime/results/psyche-r1-local/ctrl_study_b_multi_turn_generations.jsonl,/Users/ryangichuru/Documents/SSD-K/Uni/3rd year/NLP-ready/benchmark/runtime/results/psyche-r1-local/ctrl_study_b_multi_turn_generations.jsonl
controllability,study_b_multi_turn,psyche-r1-local,explicit_control,reasoning_share,not_measurable,no_visible_reasoning,0,,,,,,,0.0,/Users/ryangichuru/Documents/SSD-K/Uni/3rd year/NLP-ready/benchmark/runtime/results/psyche-r1-local/ctrl_study_b_multi_turn_generations.jsonl,/Users/ryangichuru/Documents/SSD-K/Uni/3rd year/NLP-ready/benchmark/runtime/results/psyche-r1-local/ctrl_study_b_multi_turn_generations.jsonl
controllability,study_b_multi_turn,psyche-r1-local,explicit_control,reasoning_marker_present,not_measurable,no_visible_reasoning,0,,,,,,,0.0,/Users/ryangichuru/Documents/SSD-K/Uni/3rd year/NLP-ready/benchmark/runtime/results/psyche-r1-local/ctrl_study_b_multi_turn_generations.jsonl,/Users/ryangichuru/Documents/SSD-K/Uni/3rd year/NLP-ready/benchmark/runtime/results/psyche-r1-local/ctrl_study_b_multi_turn_generations.jsonl
controllability,study_b_multi_turn,psyche-r1-local,explicit_control,final_answer_marker_present,ok,,209,0.0,0.0,0.0,0.0,0.0,0.0,0.0,/Users/ryangichuru/Documents/SSD-K/Uni/3rd year/NLP-ready/benchmark/runtime/results/psyche-r1-local/ctrl_study_b_multi_turn_generations.jsonl,/Users/ryangichuru/Documents/SSD-K/Uni/3rd year/NLP-ready/benchmark/runtime/results/psyche-r1-local/ctrl_study_b_multi_turn_generations.jsonl
controllability,study_b_multi_turn,psyche-r1-local,explicit_control,control_phrase_adherence,not_measurable,no_control_prompt_rule,0,,,,,,,0.0,/Users/ryangichuru/Documents/SSD-K/Uni/3rd year/NLP-ready/benchmark/runtime/results/psyche-r1-local/ctrl_study_b_multi_turn_generations.jsonl,/Users/ryangichuru/Documents/SSD-K/Uni/3rd year/NLP-ready/benchmark/runtime/results/psyche-r1-local/ctrl_study_b_multi_turn_generations.jsonl
controllability,study_b_multi_turn,psyche-r1-local,explicit_control,meta_discussion_present,ok,,209,0.19617224880382775,0.04784688995215311,-0.14832535885167464,0.0,-0.21052631578947367,-0.09090909090909091,0.0,/Users/ryangichuru/Documents/SSD-K/Uni/3rd year/NLP-ready/benchmark/runtime/results/psyche-r1-local/ctrl_study_b_multi_turn_generations.jsonl,/Users/ryangichuru/Documents/SSD-K/Uni/3rd year/NLP-ready/benchmark/runtime/results/psyche-r1-local/ctrl_study_b_multi_turn_generations.jsonl
controllability,study_b_multi_turn,psyche-r1-local,explicit_control,reasoning_control_success_proxy,ok,,209,0.0,0.0,0.0,0.0,0.0,0.0,0.0,/Users/ryangichuru/Documents/SSD-K/Uni/3rd year/NLP-ready/benchmark/runtime/results/psyche-r1-local/ctrl_study_b_multi_turn_generations.jsonl,/Users/ryangichuru/Documents/SSD-K/Uni/3rd year/NLP-ready/benchmark/runtime/results/psyche-r1-local/ctrl_study_b_multi_turn_generations.jsonl
controllability,study_b_multi_turn,psyche-r1-local,explicit_control,output_control_success_proxy,ok,,209,0.0,0.0,0.0,0.0,0.0,0.0,0.0,/Users/ryangichuru/Documents/SSD-K/Uni/3rd year/NLP-ready/benchmark/runtime/results/psyche-r1-local/ctrl_study_b_multi_turn_generations.jsonl,/Users/ryangichuru/Documents/SSD-K/Uni/3rd year/NLP-ready/benchmark/runtime/results/psyche-r1-local/ctrl_study_b_multi_turn_generations.jsonl
controllability,study_b_multi_turn,psyche-r1-local,explicit_control,control_adherence_without_meta_discussion,not_measurable,metric_not_applicable,0,,,,,,,0.0,/Users/ryangichuru/Documents/SSD-K/Uni/3rd year/NLP-ready/benchmark/runtime/results/psyche-r1-local/ctrl_study_b_multi_turn_generations.jsonl,/Users/ryangichuru/Documents/SSD-K/Uni/3rd year/NLP-ready/benchmark/runtime/results/psyche-r1-local/ctrl_study_b_multi_turn_generations.jsonl
controllability,study_c,psyche-r1-local,generic_control,visible_reasoning_tokens,ok,,500,0.0,99.51,99.51,101.0,96.63,102.174,0.0,/Users/ryangichuru/Documents/SSD-K/Uni/3rd year/NLP-ready/benchmark/runtime/results/psyche-r1-local/ctrl_study_c_generations.jsonl,/Users/ryangichuru/Documents/SSD-K/Uni/3rd year/NLP-ready/benchmark/runtime/results/psyche-r1-local/ctrl_study_c_generations.jsonl
controllability,study_c,psyche-r1-local,generic_control,output_tokens,ok,,500,56.612,104.972,48.36,49.0,46.082,50.708,0.0,/Users/ryangichuru/Documents/SSD-K/Uni/3rd year/NLP-ready/benchmark/runtime/results/psyche-r1-local/ctrl_study_c_generations.jsonl,/Users/ryangichuru/Documents/SSD-K/Uni/3rd year/NLP-ready/benchmark/runtime/results/psyche-r1-local/ctrl_study_c_generations.jsonl
controllability,study_c,psyche-r1-local,generic_control,reasoning_share,ok,,500,0.0,0.9456053347173057,0.9456053347173057,0.9901960784313726,0.9269571875408501,0.9622051083734905,0.0,/Users/ryangichuru/Documents/SSD-K/Uni/3rd year/NLP-ready/benchmark/runtime/results/psyche-r1-local/ctrl_study_c_generations.jsonl,/Users/ryangichuru/Documents/SSD-K/Uni/3rd year/NLP-ready/benchmark/runtime/results/psyche-r1-local/ctrl_study_c_generations.jsonl
controllability,study_c,psyche-r1-local,generic_control,reasoning_marker_present,ok,,500,0.0,0.958,0.958,1.0,0.94,0.974,0.0,/Users/ryangichuru/Documents/SSD-K/Uni/3rd year/NLP-ready/benchmark/runtime/results/psyche-r1-local/ctrl_study_c_generations.jsonl,/Users/ryangichuru/Documents/SSD-K/Uni/3rd year/NLP-ready/benchmark/runtime/results/psyche-r1-local/ctrl_study_c_generations.jsonl
controllability,study_c,psyche-r1-local,generic_control,final_answer_marker_present,ok,,500,0.0,0.002,0.002,0.0,0.0,0.006,0.0,/Users/ryangichuru/Documents/SSD-K/Uni/3rd year/NLP-ready/benchmark/runtime/results/psyche-r1-local/ctrl_study_c_generations.jsonl,/Users/ryangichuru/Documents/SSD-K/Uni/3rd year/NLP-ready/benchmark/runtime/results/psyche-r1-local/ctrl_study_c_generations.jsonl
controllability,study_c,psyche-r1-local,generic_control,control_phrase_adherence,not_measurable,no_control_prompt_rule,0,,,,,,,0.0,/Users/ryangichuru/Documents/SSD-K/Uni/3rd year/NLP-ready/benchmark/runtime/results/psyche-r1-local/ctrl_study_c_generations.jsonl,/Users/ryangichuru/Documents/SSD-K/Uni/3rd year/NLP-ready/benchmark/runtime/results/psyche-r1-local/ctrl_study_c_generations.jsonl
controllability,study_c,psyche-r1-local,generic_control,meta_discussion_present,ok,,500,0.076,0.082,0.006,0.0,-0.022,0.034,0.0,/Users/ryangichuru/Documents/SSD-K/Uni/3rd year/NLP-ready/benchmark/runtime/results/psyche-r1-local/ctrl_study_c_generations.jsonl,/Users/ryangichuru/Documents/SSD-K/Uni/3rd year/NLP-ready/benchmark/runtime/results/psyche-r1-local/ctrl_study_c_generations.jsonl
controllability,study_c,psyche-r1-local,generic_control,reasoning_control_success_proxy,ok,,500,0.0,0.958,0.958,1.0,0.938,0.976,0.0,/Users/ryangichuru/Documents/SSD-K/Uni/3rd year/NLP-ready/benchmark/runtime/results/psyche-r1-local/ctrl_study_c_generations.jsonl,/Users/ryangichuru/Documents/SSD-K/Uni/3rd year/NLP-ready/benchmark/runtime/results/psyche-r1-local/ctrl_study_c_generations.jsonl
controllability,study_c,psyche-r1-local,generic_control,output_control_success_proxy,ok,,500,0.0,0.002,0.002,0.0,0.0,0.006,0.0,/Users/ryangichuru/Documents/SSD-K/Uni/3rd year/NLP-ready/benchmark/runtime/results/psyche-r1-local/ctrl_study_c_generations.jsonl,/Users/ryangichuru/Documents/SSD-K/Uni/3rd year/NLP-ready/benchmark/runtime/results/psyche-r1-local/ctrl_study_c_generations.jsonl
controllability,study_c,psyche-r1-local,generic_control,control_adherence_without_meta_discussion,not_measurable,metric_not_applicable,0,,,,,,,0.0,/Users/ryangichuru/Documents/SSD-K/Uni/3rd year/NLP-ready/benchmark/runtime/results/psyche-r1-local/ctrl_study_c_generations.jsonl,/Users/ryangichuru/Documents/SSD-K/Uni/3rd year/NLP-ready/benchmark/runtime/results/psyche-r1-local/ctrl_study_c_generations.jsonl
controllability,study_c,psyche-r1-local,explicit_control,visible_reasoning_tokens,ok,,500,0.0,159.218,159.218,89.0,117.528,213.648,0.0,/Users/ryangichuru/Documents/SSD-K/Uni/3rd year/NLP-ready/benchmark/runtime/results/psyche-r1-local/ctrl_study_c_generations.jsonl,/Users/ryangichuru/Documents/SSD-K/Uni/3rd year/NLP-ready/benchmark/runtime/results/psyche-r1-local/ctrl_study_c_generations.jsonl
controllability,study_c,psyche-r1-local,explicit_control,output_tokens,ok,,500,56.612,174.098,117.486,40.0,77.192,168.02,0.0,/Users/ryangichuru/Documents/SSD-K/Uni/3rd year/NLP-ready/benchmark/runtime/results/psyche-r1-local/ctrl_study_c_generations.jsonl,/Users/ryangichuru/Documents/SSD-K/Uni/3rd year/NLP-ready/benchmark/runtime/results/psyche-r1-local/ctrl_study_c_generations.jsonl
controllability,study_c,psyche-r1-local,explicit_control,reasoning_share,ok,,500,0.0,0.9027411523771119,0.9027411523771119,0.9888888888888889,0.877751816735912,0.9249775394299276,0.0,/Users/ryangichuru/Documents/SSD-K/Uni/3rd year/NLP-ready/benchmark/runtime/results/psyche-r1-local/ctrl_study_c_generations.jsonl,/Users/ryangichuru/Documents/SSD-K/Uni/3rd year/NLP-ready/benchmark/runtime/results/psyche-r1-local/ctrl_study_c_generations.jsonl
controllability,study_c,psyche-r1-local,explicit_control,reasoning_marker_present,ok,,500,0.0,0.924,0.924,1.0,0.9,0.946,0.0,/Users/ryangichuru/Documents/SSD-K/Uni/3rd year/NLP-ready/benchmark/runtime/results/psyche-r1-local/ctrl_study_c_generations.jsonl,/Users/ryangichuru/Documents/SSD-K/Uni/3rd year/NLP-ready/benchmark/runtime/results/psyche-r1-local/ctrl_study_c_generations.jsonl
controllability,study_c,psyche-r1-local,explicit_control,final_answer_marker_present,ok,,500,0.0,0.006,0.006,0.0,0.0,0.014,0.0,/Users/ryangichuru/Documents/SSD-K/Uni/3rd year/NLP-ready/benchmark/runtime/results/psyche-r1-local/ctrl_study_c_generations.jsonl,/Users/ryangichuru/Documents/SSD-K/Uni/3rd year/NLP-ready/benchmark/runtime/results/psyche-r1-local/ctrl_study_c_generations.jsonl
controllability,study_c,psyche-r1-local,explicit_control,control_phrase_adherence,not_measurable,no_control_prompt_rule,0,,,,,,,0.0,/Users/ryangichuru/Documents/SSD-K/Uni/3rd year/NLP-ready/benchmark/runtime/results/psyche-r1-local/ctrl_study_c_generations.jsonl,/Users/ryangichuru/Documents/SSD-K/Uni/3rd year/NLP-ready/benchmark/runtime/results/psyche-r1-local/ctrl_study_c_generations.jsonl
controllability,study_c,psyche-r1-local,explicit_control,meta_discussion_present,ok,,500,0.076,0.11,0.034,0.0,0.004,0.064,0.0,/Users/ryangichuru/Documents/SSD-K/Uni/3rd year/NLP-ready/benchmark/runtime/results/psyche-r1-local/ctrl_study_c_generations.jsonl,/Users/ryangichuru/Documents/SSD-K/Uni/3rd year/NLP-ready/benchmark/runtime/results/psyche-r1-local/ctrl_study_c_generations.jsonl
controllability,study_c,psyche-r1-local,explicit_control,reasoning_control_success_proxy,ok,,500,0.0,0.924,0.924,1.0,0.898,0.946,0.0,/Users/ryangichuru/Documents/SSD-K/Uni/3rd year/NLP-ready/benchmark/runtime/results/psyche-r1-local/ctrl_study_c_generations.jsonl,/Users/ryangichuru/Documents/SSD-K/Uni/3rd year/NLP-ready/benchmark/runtime/results/psyche-r1-local/ctrl_study_c_generations.jsonl
controllability,study_c,psyche-r1-local,explicit_control,output_control_success_proxy,ok,,500,0.0,0.006,0.006,0.0,0.0,0.014,0.0,/Users/ryangichuru/Documents/SSD-K/Uni/3rd year/NLP-ready/benchmark/runtime/results/psyche-r1-local/ctrl_study_c_generations.jsonl,/Users/ryangichuru/Documents/SSD-K/Uni/3rd year/NLP-ready/benchmark/runtime/results/psyche-r1-local/ctrl_study_c_generations.jsonl
controllability,study_c,psyche-r1-local,explicit_control,control_adherence_without_meta_discussion,not_measurable,metric_not_applicable,0,,,,,,,0.0,/Users/ryangichuru/Documents/SSD-K/Uni/3rd year/NLP-ready/benchmark/runtime/results/psyche-r1-local/ctrl_study_c_generations.jsonl,/Users/ryangichuru/Documents/SSD-K/Uni/3rd year/NLP-ready/benchmark/runtime/results/psyche-r1-local/ctrl_study_c_generations.jsonl
controllability,study_a,psyllm-lmstudio,generic_control,visible_reasoning_tokens,missing_cache,missing_cache,0,,,,,,,0.0001774709564291,,
controllability,study_a,psyllm-lmstudio,generic_control,output_tokens,missing_cache,missing_cache,0,,,,,,,0.0001774709564291,,
controllability,study_a,psyllm-lmstudio,generic_control,reasoning_share,missing_cache,missing_cache,0,,,,,,,0.0001774709564291,,
controllability,study_a,psyllm-lmstudio,generic_control,reasoning_marker_present,missing_cache,missing_cache,0,,,,,,,0.0001774709564291,,
controllability,study_a,psyllm-lmstudio,generic_control,final_answer_marker_present,missing_cache,missing_cache,0,,,,,,,0.0001774709564291,,
controllability,study_a,psyllm-lmstudio,generic_control,control_phrase_adherence,missing_cache,missing_cache,0,,,,,,,0.0001774709564291,,
controllability,study_a,psyllm-lmstudio,generic_control,meta_discussion_present,missing_cache,missing_cache,0,,,,,,,0.0001774709564291,,
controllability,study_a,psyllm-lmstudio,generic_control,reasoning_control_success_proxy,missing_cache,missing_cache,0,,,,,,,0.0001774709564291,,
controllability,study_a,psyllm-lmstudio,generic_control,output_control_success_proxy,missing_cache,missing_cache,0,,,,,,,0.0001774709564291,,
controllability,study_a,psyllm-lmstudio,generic_control,control_adherence_without_meta_discussion,missing_cache,missing_cache,0,,,,,,,0.0001774709564291,,
controllability,study_a,psyllm-lmstudio,explicit_control,visible_reasoning_tokens,missing_cache,missing_cache,0,,,,,,,0.0051681813150494,,
controllability,study_a,psyllm-lmstudio,explicit_control,output_tokens,missing_cache,missing_cache,0,,,,,,,0.0051681813150494,,
controllability,study_a,psyllm-lmstudio,explicit_control,reasoning_share,missing_cache,missing_cache,0,,,,,,,0.0051681813150494,,
controllability,study_a,psyllm-lmstudio,explicit_control,reasoning_marker_present,missing_cache,missing_cache,0,,,,,,,0.0051681813150494,,
controllability,study_a,psyllm-lmstudio,explicit_control,final_answer_marker_present,missing_cache,missing_cache,0,,,,,,,0.0051681813150494,,
controllability,study_a,psyllm-lmstudio,explicit_control,control_phrase_adherence,missing_cache,missing_cache,0,,,,,,,0.0051681813150494,,
controllability,study_a,psyllm-lmstudio,explicit_control,meta_discussion_present,missing_cache,missing_cache,0,,,,,,,0.0051681813150494,,
controllability,study_a,psyllm-lmstudio,explicit_control,reasoning_control_success_proxy,missing_cache,missing_cache,0,,,,,,,0.0051681813150494,,
controllability,study_a,psyllm-lmstudio,explicit_control,output_control_success_proxy,missing_cache,missing_cache,0,,,,,,,0.0051681813150494,,
controllability,study_a,psyllm-lmstudio,explicit_control,control_adherence_without_meta_discussion,missing_cache,missing_cache,0,,,,,,,0.0051681813150494,,
controllability,study_a_bias,psyllm-lmstudio,generic_control,visible_reasoning_tokens,missing_cache,missing_cache,0,,,,,,,0.0,,
controllability,study_a_bias,psyllm-lmstudio,generic_control,output_tokens,missing_cache,missing_cache,0,,,,,,,0.0,,
controllability,study_a_bias,psyllm-lmstudio,generic_control,reasoning_share,missing_cache,missing_cache,0,,,,,,,0.0,,
controllability,study_a_bias,psyllm-lmstudio,generic_control,reasoning_marker_present,missing_cache,missing_cache,0,,,,,,,0.0,,
controllability,study_a_bias,psyllm-lmstudio,generic_control,final_answer_marker_present,missing_cache,missing_cache,0,,,,,,,0.0,,
controllability,study_a_bias,psyllm-lmstudio,generic_control,control_phrase_adherence,missing_cache,missing_cache,0,,,,,,,0.0,,
controllability,study_a_bias,psyllm-lmstudio,generic_control,meta_discussion_present,missing_cache,missing_cache,0,,,,,,,0.0,,
controllability,study_a_bias,psyllm-lmstudio,generic_control,reasoning_control_success_proxy,missing_cache,missing_cache,0,,,,,,,0.0,,
controllability,study_a_bias,psyllm-lmstudio,generic_control,output_control_success_proxy,missing_cache,missing_cache,0,,,,,,,0.0,,
controllability,study_a_bias,psyllm-lmstudio,generic_control,control_adherence_without_meta_discussion,missing_cache,missing_cache,0,,,,,,,0.0,,
controllability,study_a_bias,psyllm-lmstudio,explicit_control,visible_reasoning_tokens,missing_cache,missing_cache,0,,,,,,,0.0,,
controllability,study_a_bias,psyllm-lmstudio,explicit_control,output_tokens,missing_cache,missing_cache,0,,,,,,,0.0,,
controllability,study_a_bias,psyllm-lmstudio,explicit_control,reasoning_share,missing_cache,missing_cache,0,,,,,,,0.0,,
controllability,study_a_bias,psyllm-lmstudio,explicit_control,reasoning_marker_present,missing_cache,missing_cache,0,,,,,,,0.0,,
controllability,study_a_bias,psyllm-lmstudio,explicit_control,final_answer_marker_present,missing_cache,missing_cache,0,,,,,,,0.0,,
controllability,study_a_bias,psyllm-lmstudio,explicit_control,control_phrase_adherence,missing_cache,missing_cache,0,,,,,,,0.0,,
controllability,study_a_bias,psyllm-lmstudio,explicit_control,meta_discussion_present,missing_cache,missing_cache,0,,,,,,,0.0,,
controllability,study_a_bias,psyllm-lmstudio,explicit_control,reasoning_control_success_proxy,missing_cache,missing_cache,0,,,,,,,0.0,,
controllability,study_a_bias,psyllm-lmstudio,explicit_control,output_control_success_proxy,missing_cache,missing_cache,0,,,,,,,0.0,,
controllability,study_a_bias,psyllm-lmstudio,explicit_control,control_adherence_without_meta_discussion,missing_cache,missing_cache,0,,,,,,,0.0,,
controllability,study_b,psyllm-lmstudio,generic_control,visible_reasoning_tokens,missing_cache,missing_cache,0,,,,,,,0.02,,
controllability,study_b,psyllm-lmstudio,generic_control,output_tokens,missing_cache,missing_cache,0,,,,,,,0.02,,
controllability,study_b,psyllm-lmstudio,generic_control,reasoning_share,missing_cache,missing_cache,0,,,,,,,0.02,,
controllability,study_b,psyllm-lmstudio,generic_control,reasoning_marker_present,missing_cache,missing_cache,0,,,,,,,0.02,,
controllability,study_b,psyllm-lmstudio,generic_control,final_answer_marker_present,missing_cache,missing_cache,0,,,,,,,0.02,,
controllability,study_b,psyllm-lmstudio,generic_control,control_phrase_adherence,missing_cache,missing_cache,0,,,,,,,0.02,,
controllability,study_b,psyllm-lmstudio,generic_control,meta_discussion_present,missing_cache,missing_cache,0,,,,,,,0.02,,
controllability,study_b,psyllm-lmstudio,generic_control,reasoning_control_success_proxy,missing_cache,missing_cache,0,,,,,,,0.02,,
controllability,study_b,psyllm-lmstudio,generic_control,output_control_success_proxy,missing_cache,missing_cache,0,,,,,,,0.02,,
controllability,study_b,psyllm-lmstudio,generic_control,control_adherence_without_meta_discussion,missing_cache,missing_cache,0,,,,,,,0.02,,
controllability,study_b,psyllm-lmstudio,explicit_control,visible_reasoning_tokens,missing_cache,missing_cache,0,,,,,,,0.0133333333333333,,
controllability,study_b,psyllm-lmstudio,explicit_control,output_tokens,missing_cache,missing_cache,0,,,,,,,0.0133333333333333,,
controllability,study_b,psyllm-lmstudio,explicit_control,reasoning_share,missing_cache,missing_cache,0,,,,,,,0.0133333333333333,,
controllability,study_b,psyllm-lmstudio,explicit_control,reasoning_marker_present,missing_cache,missing_cache,0,,,,,,,0.0133333333333333,,
controllability,study_b,psyllm-lmstudio,explicit_control,final_answer_marker_present,missing_cache,missing_cache,0,,,,,,,0.0133333333333333,,
controllability,study_b,psyllm-lmstudio,explicit_control,control_phrase_adherence,missing_cache,missing_cache,0,,,,,,,0.0133333333333333,,
controllability,study_b,psyllm-lmstudio,explicit_control,meta_discussion_present,missing_cache,missing_cache,0,,,,,,,0.0133333333333333,,
controllability,study_b,psyllm-lmstudio,explicit_control,reasoning_control_success_proxy,missing_cache,missing_cache,0,,,,,,,0.0133333333333333,,
controllability,study_b,psyllm-lmstudio,explicit_control,output_control_success_proxy,missing_cache,missing_cache,0,,,,,,,0.0133333333333333,,
controllability,study_b,psyllm-lmstudio,explicit_control,control_adherence_without_meta_discussion,missing_cache,missing_cache,0,,,,,,,0.0133333333333333,,
controllability,study_b_multi_turn,psyllm-lmstudio,generic_control,visible_reasoning_tokens,missing_cache,missing_cache,0,,,,,,,0.0,,
controllability,study_b_multi_turn,psyllm-lmstudio,generic_control,output_tokens,missing_cache,missing_cache,0,,,,,,,0.0,,
controllability,study_b_multi_turn,psyllm-lmstudio,generic_control,reasoning_share,missing_cache,missing_cache,0,,,,,,,0.0,,
controllability,study_b_multi_turn,psyllm-lmstudio,generic_control,reasoning_marker_present,missing_cache,missing_cache,0,,,,,,,0.0,,
controllability,study_b_multi_turn,psyllm-lmstudio,generic_control,final_answer_marker_present,missing_cache,missing_cache,0,,,,,,,0.0,,
controllability,study_b_multi_turn,psyllm-lmstudio,generic_control,control_phrase_adherence,missing_cache,missing_cache,0,,,,,,,0.0,,
controllability,study_b_multi_turn,psyllm-lmstudio,generic_control,meta_discussion_present,missing_cache,missing_cache,0,,,,,,,0.0,,
controllability,study_b_multi_turn,psyllm-lmstudio,generic_control,reasoning_control_success_proxy,missing_cache,missing_cache,0,,,,,,,0.0,,
controllability,study_b_multi_turn,psyllm-lmstudio,generic_control,output_control_success_proxy,missing_cache,missing_cache,0,,,,,,,0.0,,
controllability,study_b_multi_turn,psyllm-lmstudio,generic_control,control_adherence_without_meta_discussion,missing_cache,missing_cache,0,,,,,,,0.0,,
controllability,study_b_multi_turn,psyllm-lmstudio,explicit_control,visible_reasoning_tokens,missing_cache,missing_cache,0,,,,,,,0.0,,
controllability,study_b_multi_turn,psyllm-lmstudio,explicit_control,output_tokens,missing_cache,missing_cache,0,,,,,,,0.0,,
controllability,study_b_multi_turn,psyllm-lmstudio,explicit_control,reasoning_share,missing_cache,missing_cache,0,,,,,,,0.0,,
controllability,study_b_multi_turn,psyllm-lmstudio,explicit_control,reasoning_marker_present,missing_cache,missing_cache,0,,,,,,,0.0,,
controllability,study_b_multi_turn,psyllm-lmstudio,explicit_control,final_answer_marker_present,missing_cache,missing_cache,0,,,,,,,0.0,,
controllability,study_b_multi_turn,psyllm-lmstudio,explicit_control,control_phrase_adherence,missing_cache,missing_cache,0,,,,,,,0.0,,
controllability,study_b_multi_turn,psyllm-lmstudio,explicit_control,meta_discussion_present,missing_cache,missing_cache,0,,,,,,,0.0,,
controllability,study_b_multi_turn,psyllm-lmstudio,explicit_control,reasoning_control_success_proxy,missing_cache,missing_cache,0,,,,,,,0.0,,
controllability,study_b_multi_turn,psyllm-lmstudio,explicit_control,output_control_success_proxy,missing_cache,missing_cache,0,,,,,,,0.0,,
controllability,study_b_multi_turn,psyllm-lmstudio,explicit_control,control_adherence_without_meta_discussion,missing_cache,missing_cache,0,,,,,,,0.0,,
controllability,study_c,psyllm-lmstudio,generic_control,visible_reasoning_tokens,missing_cache,missing_cache,0,,,,,,,0.0,,
controllability,study_c,psyllm-lmstudio,generic_control,output_tokens,missing_cache,missing_cache,0,,,,,,,0.0,,
controllability,study_c,psyllm-lmstudio,generic_control,reasoning_share,missing_cache,missing_cache,0,,,,,,,0.0,,
controllability,study_c,psyllm-lmstudio,generic_control,reasoning_marker_present,missing_cache,missing_cache,0,,,,,,,0.0,,
controllability,study_c,psyllm-lmstudio,generic_control,final_answer_marker_present,missing_cache,missing_cache,0,,,,,,,0.0,,
controllability,study_c,psyllm-lmstudio,generic_control,control_phrase_adherence,missing_cache,missing_cache,0,,,,,,,0.0,,
controllability,study_c,psyllm-lmstudio,generic_control,meta_discussion_present,missing_cache,missing_cache,0,,,,,,,0.0,,
controllability,study_c,psyllm-lmstudio,generic_control,reasoning_control_success_proxy,missing_cache,missing_cache,0,,,,,,,0.0,,
controllability,study_c,psyllm-lmstudio,generic_control,output_control_success_proxy,missing_cache,missing_cache,0,,,,,,,0.0,,
controllability,study_c,psyllm-lmstudio,generic_control,control_adherence_without_meta_discussion,missing_cache,missing_cache,0,,,,,,,0.0,,
controllability,study_c,psyllm-lmstudio,explicit_control,visible_reasoning_tokens,missing_cache,missing_cache,0,,,,,,,0.0,,
controllability,study_c,psyllm-lmstudio,explicit_control,output_tokens,missing_cache,missing_cache,0,,,,,,,0.0,,
controllability,study_c,psyllm-lmstudio,explicit_control,reasoning_share,missing_cache,missing_cache,0,,,,,,,0.0,,
controllability,study_c,psyllm-lmstudio,explicit_control,reasoning_marker_present,missing_cache,missing_cache,0,,,,,,,0.0,,
controllability,study_c,psyllm-lmstudio,explicit_control,final_answer_marker_present,missing_cache,missing_cache,0,,,,,,,0.0,,
controllability,study_c,psyllm-lmstudio,explicit_control,control_phrase_adherence,missing_cache,missing_cache,0,,,,,,,0.0,,
controllability,study_c,psyllm-lmstudio,explicit_control,meta_discussion_present,missing_cache,missing_cache,0,,,,,,,0.0,,
controllability,study_c,psyllm-lmstudio,explicit_control,reasoning_control_success_proxy,missing_cache,missing_cache,0,,,,,,,0.0,,
controllability,study_c,psyllm-lmstudio,explicit_control,output_control_success_proxy,missing_cache,missing_cache,0,,,,,,,0.0,,
controllability,study_c,psyllm-lmstudio,explicit_control,control_adherence_without_meta_discussion,missing_cache,missing_cache,0,,,,,,,0.0,,
invariance,study_a,deepseek-r1-lmstudio,invariance,visible_reasoning_tokens,missing_cache,missing_cache,0,,,,,,,,/Users/ryangichuru/Documents/SSD-K/Uni/3rd year/NLP-ready/benchmark/runtime/results/deepseek-r1-lmstudio/study_a_generations.jsonl,
invariance,study_a,deepseek-r1-lmstudio,invariance,output_tokens,missing_cache,missing_cache,0,,,,,,,,/Users/ryangichuru/Documents/SSD-K/Uni/3rd year/NLP-ready/benchmark/runtime/results/deepseek-r1-lmstudio/study_a_generations.jsonl,
invariance,study_a,deepseek-r1-lmstudio,invariance,reasoning_share,missing_cache,missing_cache,0,,,,,,,,/Users/ryangichuru/Documents/SSD-K/Uni/3rd year/NLP-ready/benchmark/runtime/results/deepseek-r1-lmstudio/study_a_generations.jsonl,
invariance,study_a,deepseek-r1-lmstudio,invariance,reasoning_marker_present,missing_cache,missing_cache,0,,,,,,,,/Users/ryangichuru/Documents/SSD-K/Uni/3rd year/NLP-ready/benchmark/runtime/results/deepseek-r1-lmstudio/study_a_generations.jsonl,
invariance,study_a,deepseek-r1-lmstudio,invariance,final_answer_marker_present,missing_cache,missing_cache,0,,,,,,,,/Users/ryangichuru/Documents/SSD-K/Uni/3rd year/NLP-ready/benchmark/runtime/results/deepseek-r1-lmstudio/study_a_generations.jsonl,
invariance,study_a,deepseek-r1-lmstudio,invariance,control_phrase_adherence,missing_cache,missing_cache,0,,,,,,,,/Users/ryangichuru/Documents/SSD-K/Uni/3rd year/NLP-ready/benchmark/runtime/results/deepseek-r1-lmstudio/study_a_generations.jsonl,
invariance,study_a,deepseek-r1-lmstudio,invariance,meta_discussion_present,missing_cache,missing_cache,0,,,,,,,,/Users/ryangichuru/Documents/SSD-K/Uni/3rd year/NLP-ready/benchmark/runtime/results/deepseek-r1-lmstudio/study_a_generations.jsonl,
invariance,study_a,deepseek-r1-lmstudio,invariance,reasoning_control_success_proxy,missing_cache,missing_cache,0,,,,,,,,/Users/ryangichuru/Documents/SSD-K/Uni/3rd year/NLP-ready/benchmark/runtime/results/deepseek-r1-lmstudio/study_a_generations.jsonl,
invariance,study_a,deepseek-r1-lmstudio,invariance,output_control_success_proxy,missing_cache,missing_cache,0,,,,,,,,/Users/ryangichuru/Documents/SSD-K/Uni/3rd year/NLP-ready/benchmark/runtime/results/deepseek-r1-lmstudio/study_a_generations.jsonl,
invariance,study_a,deepseek-r1-lmstudio,invariance,control_adherence_without_meta_discussion,missing_cache,missing_cache,0,,,,,,,,/Users/ryangichuru/Documents/SSD-K/Uni/3rd year/NLP-ready/benchmark/runtime/results/deepseek-r1-lmstudio/study_a_generations.jsonl,
invariance,study_a_bias,deepseek-r1-lmstudio,invariance,visible_reasoning_tokens,missing_cache,missing_cache,0,,,,,,,,/Users/ryangichuru/Documents/SSD-K/Uni/3rd year/NLP-ready/benchmark/runtime/results/deepseek-r1-lmstudio/study_a_bias_generations.jsonl,
invariance,study_a_bias,deepseek-r1-lmstudio,invariance,output_tokens,missing_cache,missing_cache,0,,,,,,,,/Users/ryangichuru/Documents/SSD-K/Uni/3rd year/NLP-ready/benchmark/runtime/results/deepseek-r1-lmstudio/study_a_bias_generations.jsonl,
invariance,study_a_bias,deepseek-r1-lmstudio,invariance,reasoning_share,missing_cache,missing_cache,0,,,,,,,,/Users/ryangichuru/Documents/SSD-K/Uni/3rd year/NLP-ready/benchmark/runtime/results/deepseek-r1-lmstudio/study_a_bias_generations.jsonl,
invariance,study_a_bias,deepseek-r1-lmstudio,invariance,reasoning_marker_present,missing_cache,missing_cache,0,,,,,,,,/Users/ryangichuru/Documents/SSD-K/Uni/3rd year/NLP-ready/benchmark/runtime/results/deepseek-r1-lmstudio/study_a_bias_generations.jsonl,
invariance,study_a_bias,deepseek-r1-lmstudio,invariance,final_answer_marker_present,missing_cache,missing_cache,0,,,,,,,,/Users/ryangichuru/Documents/SSD-K/Uni/3rd year/NLP-ready/benchmark/runtime/results/deepseek-r1-lmstudio/study_a_bias_generations.jsonl,
invariance,study_a_bias,deepseek-r1-lmstudio,invariance,control_phrase_adherence,missing_cache,missing_cache,0,,,,,,,,/Users/ryangichuru/Documents/SSD-K/Uni/3rd year/NLP-ready/benchmark/runtime/results/deepseek-r1-lmstudio/study_a_bias_generations.jsonl,
invariance,study_a_bias,deepseek-r1-lmstudio,invariance,meta_discussion_present,missing_cache,missing_cache,0,,,,,,,,/Users/ryangichuru/Documents/SSD-K/Uni/3rd year/NLP-ready/benchmark/runtime/results/deepseek-r1-lmstudio/study_a_bias_generations.jsonl,
invariance,study_a_bias,deepseek-r1-lmstudio,invariance,reasoning_control_success_proxy,missing_cache,missing_cache,0,,,,,,,,/Users/ryangichuru/Documents/SSD-K/Uni/3rd year/NLP-ready/benchmark/runtime/results/deepseek-r1-lmstudio/study_a_bias_generations.jsonl,
invariance,study_a_bias,deepseek-r1-lmstudio,invariance,output_control_success_proxy,missing_cache,missing_cache,0,,,,,,,,/Users/ryangichuru/Documents/SSD-K/Uni/3rd year/NLP-ready/benchmark/runtime/results/deepseek-r1-lmstudio/study_a_bias_generations.jsonl,
invariance,study_a_bias,deepseek-r1-lmstudio,invariance,control_adherence_without_meta_discussion,missing_cache,missing_cache,0,,,,,,,,/Users/ryangichuru/Documents/SSD-K/Uni/3rd year/NLP-ready/benchmark/runtime/results/deepseek-r1-lmstudio/study_a_bias_generations.jsonl,
invariance,study_b,deepseek-r1-lmstudio,invariance,visible_reasoning_tokens,missing_cache,missing_cache,0,,,,,,,,/Users/ryangichuru/Documents/SSD-K/Uni/3rd year/NLP-ready/benchmark/runtime/results/deepseek-r1-lmstudio/study_b_generations.jsonl,
invariance,study_b,deepseek-r1-lmstudio,invariance,output_tokens,missing_cache,missing_cache,0,,,,,,,,/Users/ryangichuru/Documents/SSD-K/Uni/3rd year/NLP-ready/benchmark/runtime/results/deepseek-r1-lmstudio/study_b_generations.jsonl,
invariance,study_b,deepseek-r1-lmstudio,invariance,reasoning_share,missing_cache,missing_cache,0,,,,,,,,/Users/ryangichuru/Documents/SSD-K/Uni/3rd year/NLP-ready/benchmark/runtime/results/deepseek-r1-lmstudio/study_b_generations.jsonl,
invariance,study_b,deepseek-r1-lmstudio,invariance,reasoning_marker_present,missing_cache,missing_cache,0,,,,,,,,/Users/ryangichuru/Documents/SSD-K/Uni/3rd year/NLP-ready/benchmark/runtime/results/deepseek-r1-lmstudio/study_b_generations.jsonl,
invariance,study_b,deepseek-r1-lmstudio,invariance,final_answer_marker_present,missing_cache,missing_cache,0,,,,,,,,/Users/ryangichuru/Documents/SSD-K/Uni/3rd year/NLP-ready/benchmark/runtime/results/deepseek-r1-lmstudio/study_b_generations.jsonl,
invariance,study_b,deepseek-r1-lmstudio,invariance,control_phrase_adherence,missing_cache,missing_cache,0,,,,,,,,/Users/ryangichuru/Documents/SSD-K/Uni/3rd year/NLP-ready/benchmark/runtime/results/deepseek-r1-lmstudio/study_b_generations.jsonl,
invariance,study_b,deepseek-r1-lmstudio,invariance,meta_discussion_present,missing_cache,missing_cache,0,,,,,,,,/Users/ryangichuru/Documents/SSD-K/Uni/3rd year/NLP-ready/benchmark/runtime/results/deepseek-r1-lmstudio/study_b_generations.jsonl,
invariance,study_b,deepseek-r1-lmstudio,invariance,reasoning_control_success_proxy,missing_cache,missing_cache,0,,,,,,,,/Users/ryangichuru/Documents/SSD-K/Uni/3rd year/NLP-ready/benchmark/runtime/results/deepseek-r1-lmstudio/study_b_generations.jsonl,
invariance,study_b,deepseek-r1-lmstudio,invariance,output_control_success_proxy,missing_cache,missing_cache,0,,,,,,,,/Users/ryangichuru/Documents/SSD-K/Uni/3rd year/NLP-ready/benchmark/runtime/results/deepseek-r1-lmstudio/study_b_generations.jsonl,
invariance,study_b,deepseek-r1-lmstudio,invariance,control_adherence_without_meta_discussion,missing_cache,missing_cache,0,,,,,,,,/Users/ryangichuru/Documents/SSD-K/Uni/3rd year/NLP-ready/benchmark/runtime/results/deepseek-r1-lmstudio/study_b_generations.jsonl,
invariance,study_b_multi_turn,deepseek-r1-lmstudio,invariance,visible_reasoning_tokens,missing_cache,missing_cache,0,,,,,,,,/Users/ryangichuru/Documents/SSD-K/Uni/3rd year/NLP-ready/benchmark/runtime/results/deepseek-r1-lmstudio/study_b_multi_turn_generations.jsonl,
invariance,study_b_multi_turn,deepseek-r1-lmstudio,invariance,output_tokens,missing_cache,missing_cache,0,,,,,,,,/Users/ryangichuru/Documents/SSD-K/Uni/3rd year/NLP-ready/benchmark/runtime/results/deepseek-r1-lmstudio/study_b_multi_turn_generations.jsonl,
invariance,study_b_multi_turn,deepseek-r1-lmstudio,invariance,reasoning_share,missing_cache,missing_cache,0,,,,,,,,/Users/ryangichuru/Documents/SSD-K/Uni/3rd year/NLP-ready/benchmark/runtime/results/deepseek-r1-lmstudio/study_b_multi_turn_generations.jsonl,
invariance,study_b_multi_turn,deepseek-r1-lmstudio,invariance,reasoning_marker_present,missing_cache,missing_cache,0,,,,,,,,/Users/ryangichuru/Documents/SSD-K/Uni/3rd year/NLP-ready/benchmark/runtime/results/deepseek-r1-lmstudio/study_b_multi_turn_generations.jsonl,
invariance,study_b_multi_turn,deepseek-r1-lmstudio,invariance,final_answer_marker_present,missing_cache,missing_cache,0,,,,,,,,/Users/ryangichuru/Documents/SSD-K/Uni/3rd year/NLP-ready/benchmark/runtime/results/deepseek-r1-lmstudio/study_b_multi_turn_generations.jsonl,
invariance,study_b_multi_turn,deepseek-r1-lmstudio,invariance,control_phrase_adherence,missing_cache,missing_cache,0,,,,,,,,/Users/ryangichuru/Documents/SSD-K/Uni/3rd year/NLP-ready/benchmark/runtime/results/deepseek-r1-lmstudio/study_b_multi_turn_generations.jsonl,
invariance,study_b_multi_turn,deepseek-r1-lmstudio,invariance,meta_discussion_present,missing_cache,missing_cache,0,,,,,,,,/Users/ryangichuru/Documents/SSD-K/Uni/3rd year/NLP-ready/benchmark/runtime/results/deepseek-r1-lmstudio/study_b_multi_turn_generations.jsonl,
invariance,study_b_multi_turn,deepseek-r1-lmstudio,invariance,reasoning_control_success_proxy,missing_cache,missing_cache,0,,,,,,,,/Users/ryangichuru/Documents/SSD-K/Uni/3rd year/NLP-ready/benchmark/runtime/results/deepseek-r1-lmstudio/study_b_multi_turn_generations.jsonl,
invariance,study_b_multi_turn,deepseek-r1-lmstudio,invariance,output_control_success_proxy,missing_cache,missing_cache,0,,,,,,,,/Users/ryangichuru/Documents/SSD-K/Uni/3rd year/NLP-ready/benchmark/runtime/results/deepseek-r1-lmstudio/study_b_multi_turn_generations.jsonl,
invariance,study_b_multi_turn,deepseek-r1-lmstudio,invariance,control_adherence_without_meta_discussion,missing_cache,missing_cache,0,,,,,,,,/Users/ryangichuru/Documents/SSD-K/Uni/3rd year/NLP-ready/benchmark/runtime/results/deepseek-r1-lmstudio/study_b_multi_turn_generations.jsonl,
invariance,study_c,deepseek-r1-lmstudio,invariance,visible_reasoning_tokens,missing_cache,missing_cache,0,,,,,,,,/Users/ryangichuru/Documents/SSD-K/Uni/3rd year/NLP-ready/benchmark/runtime/results/deepseek-r1-lmstudio/study_c_generations.jsonl,
invariance,study_c,deepseek-r1-lmstudio,invariance,output_tokens,missing_cache,missing_cache,0,,,,,,,,/Users/ryangichuru/Documents/SSD-K/Uni/3rd year/NLP-ready/benchmark/runtime/results/deepseek-r1-lmstudio/study_c_generations.jsonl,
invariance,study_c,deepseek-r1-lmstudio,invariance,reasoning_share,missing_cache,missing_cache,0,,,,,,,,/Users/ryangichuru/Documents/SSD-K/Uni/3rd year/NLP-ready/benchmark/runtime/results/deepseek-r1-lmstudio/study_c_generations.jsonl,
invariance,study_c,deepseek-r1-lmstudio,invariance,reasoning_marker_present,missing_cache,missing_cache,0,,,,,,,,/Users/ryangichuru/Documents/SSD-K/Uni/3rd year/NLP-ready/benchmark/runtime/results/deepseek-r1-lmstudio/study_c_generations.jsonl,
invariance,study_c,deepseek-r1-lmstudio,invariance,final_answer_marker_present,missing_cache,missing_cache,0,,,,,,,,/Users/ryangichuru/Documents/SSD-K/Uni/3rd year/NLP-ready/benchmark/runtime/results/deepseek-r1-lmstudio/study_c_generations.jsonl,
invariance,study_c,deepseek-r1-lmstudio,invariance,control_phrase_adherence,missing_cache,missing_cache,0,,,,,,,,/Users/ryangichuru/Documents/SSD-K/Uni/3rd year/NLP-ready/benchmark/runtime/results/deepseek-r1-lmstudio/study_c_generations.jsonl,
invariance,study_c,deepseek-r1-lmstudio,invariance,meta_discussion_present,missing_cache,missing_cache,0,,,,,,,,/Users/ryangichuru/Documents/SSD-K/Uni/3rd year/NLP-ready/benchmark/runtime/results/deepseek-r1-lmstudio/study_c_generations.jsonl,
invariance,study_c,deepseek-r1-lmstudio,invariance,reasoning_control_success_proxy,missing_cache,missing_cache,0,,,,,,,,/Users/ryangichuru/Documents/SSD-K/Uni/3rd year/NLP-ready/benchmark/runtime/results/deepseek-r1-lmstudio/study_c_generations.jsonl,
invariance,study_c,deepseek-r1-lmstudio,invariance,output_control_success_proxy,missing_cache,missing_cache,0,,,,,,,,/Users/ryangichuru/Documents/SSD-K/Uni/3rd year/NLP-ready/benchmark/runtime/results/deepseek-r1-lmstudio/study_c_generations.jsonl,
invariance,study_c,deepseek-r1-lmstudio,invariance,control_adherence_without_meta_discussion,missing_cache,missing_cache,0,,,,,,,,/Users/ryangichuru/Documents/SSD-K/Uni/3rd year/NLP-ready/benchmark/runtime/results/deepseek-r1-lmstudio/study_c_generations.jsonl,
invariance,study_a,piaget-8b-local,invariance,visible_reasoning_tokens,ok,,150,578.2066666666667,585.12,6.913333333333333,12.5,-34.60666666666667,49.96666666666667,,/Users/ryangichuru/Documents/SSD-K/Uni/3rd year/NLP-ready/benchmark/runtime/results/piaget-8b-local/study_a_generations.jsonl,/Users/ryangichuru/Documents/SSD-K/Uni/3rd year/NLP-ready/benchmark/runtime/results_invariance/piaget-8b-local/study_a_invariance_generations.jsonl
invariance,study_a,piaget-8b-local,invariance,output_tokens,ok,,150,969.4733333333334,828.3466666666667,-141.12666666666667,0.5,-389.36,20.14666666666667,,/Users/ryangichuru/Documents/SSD-K/Uni/3rd year/NLP-ready/benchmark/runtime/results/piaget-8b-local/study_a_generations.jsonl,/Users/ryangichuru/Documents/SSD-K/Uni/3rd year/NLP-ready/benchmark/runtime/results_invariance/piaget-8b-local/study_a_invariance_generations.jsonl
invariance,study_a,piaget-8b-local,invariance,reasoning_share,ok,,150,0.6964764658623138,0.7029860959740382,0.00650963011172428,0.006938707555029067,-0.03200812233991078,0.04720527330696068,,/Users/ryangichuru/Documents/SSD-K/Uni/3rd year/NLP-ready/benchmark/runtime/results/piaget-8b-local/study_a_generations.jsonl,/Users/ryangichuru/Documents/SSD-K/Uni/3rd year/NLP-ready/benchmark/runtime/results_invariance/piaget-8b-local/study_a_invariance_generations.jsonl
invariance,study_a,piaget-8b-local,invariance,reasoning_marker_present,ok,,150,1.0,1.0,0.0,0.0,0.0,0.0,,/Users/ryangichuru/Documents/SSD-K/Uni/3rd year/NLP-ready/benchmark/runtime/results/piaget-8b-local/study_a_generations.jsonl,/Users/ryangichuru/Documents/SSD-K/Uni/3rd year/NLP-ready/benchmark/runtime/results_invariance/piaget-8b-local/study_a_invariance_generations.jsonl
invariance,study_a,piaget-8b-local,invariance,final_answer_marker_present,ok,,150,0.72,0.7333333333333333,0.013333333333333334,0.0,-0.08,0.10666666666666667,,/Users/ryangichuru/Documents/SSD-K/Uni/3rd year/NLP-ready/benchmark/runtime/results/piaget-8b-local/study_a_generations.jsonl,/Users/ryangichuru/Documents/SSD-K/Uni/3rd year/NLP-ready/benchmark/runtime/results_invariance/piaget-8b-local/study_a_invariance_generations.jsonl
invariance,study_a,piaget-8b-local,invariance,control_phrase_adherence,not_measurable,no_control_prompt_rule,0,,,,,,,,/Users/ryangichuru/Documents/SSD-K/Uni/3rd year/NLP-ready/benchmark/runtime/results/piaget-8b-local/study_a_generations.jsonl,/Users/ryangichuru/Documents/SSD-K/Uni/3rd year/NLP-ready/benchmark/runtime/results_invariance/piaget-8b-local/study_a_invariance_generations.jsonl
invariance,study_a,piaget-8b-local,invariance,meta_discussion_present,ok,,150,0.7466666666666667,0.7533333333333333,0.006666666666666667,0.0,-0.06666666666666667,0.08,,/Users/ryangichuru/Documents/SSD-K/Uni/3rd year/NLP-ready/benchmark/runtime/results/piaget-8b-local/study_a_generations.jsonl,/Users/ryangichuru/Documents/SSD-K/Uni/3rd year/NLP-ready/benchmark/runtime/results_invariance/piaget-8b-local/study_a_invariance_generations.jsonl
invariance,study_a,piaget-8b-local,invariance,reasoning_control_success_proxy,ok,,150,1.0,1.0,0.0,0.0,0.0,0.0,,/Users/ryangichuru/Documents/SSD-K/Uni/3rd year/NLP-ready/benchmark/runtime/results/piaget-8b-local/study_a_generations.jsonl,/Users/ryangichuru/Documents/SSD-K/Uni/3rd year/NLP-ready/benchmark/runtime/results_invariance/piaget-8b-local/study_a_invariance_generations.jsonl
invariance,study_a,piaget-8b-local,invariance,output_control_success_proxy,ok,,150,0.72,0.7333333333333333,0.013333333333333334,0.0,-0.07333333333333333,0.1,,/Users/ryangichuru/Documents/SSD-K/Uni/3rd year/NLP-ready/benchmark/runtime/results/piaget-8b-local/study_a_generations.jsonl,/Users/ryangichuru/Documents/SSD-K/Uni/3rd year/NLP-ready/benchmark/runtime/results_invariance/piaget-8b-local/study_a_invariance_generations.jsonl
invariance,study_a,piaget-8b-local,invariance,control_adherence_without_meta_discussion,not_measurable,metric_not_applicable,0,,,,,,,,/Users/ryangichuru/Documents/SSD-K/Uni/3rd year/NLP-ready/benchmark/runtime/results/piaget-8b-local/study_a_generations.jsonl,/Users/ryangichuru/Documents/SSD-K/Uni/3rd year/NLP-ready/benchmark/runtime/results_invariance/piaget-8b-local/study_a_invariance_generations.jsonl
invariance,study_a_bias,piaget-8b-local,invariance,visible_reasoning_tokens,ok,,150,611.5266666666666,765.8,154.27333333333334,166.5,94.40666666666667,209.74,,/Users/ryangichuru/Documents/SSD-K/Uni/3rd year/NLP-ready/benchmark/runtime/results/piaget-8b-local/study_a_bias_generations.jsonl,/Users/ryangichuru/Documents/SSD-K/Uni/3rd year/NLP-ready/benchmark/runtime/results_invariance/piaget-8b-local/study_a_bias_invariance_generations.jsonl
invariance,study_a_bias,piaget-8b-local,invariance,output_tokens,ok,,150,1007.9,959.5133333333333,-48.38666666666666,-22.5,-179.31333333333333,37.346666666666664,,/Users/ryangichuru/Documents/SSD-K/Uni/3rd year/NLP-ready/benchmark/runtime/results/piaget-8b-local/study_a_bias_generations.jsonl,/Users/ryangichuru/Documents/SSD-K/Uni/3rd year/NLP-ready/benchmark/runtime/results_invariance/piaget-8b-local/study_a_bias_invariance_generations.jsonl
invariance,study_a_bias,piaget-8b-local,invariance,reasoning_share,ok,,149,0.6240758053315374,0.7942483505025315,0.170172545170994,0.20765353669261166,0.12870616849414143,0.20756959355402968,,/Users/ryangichuru/Documents/SSD-K/Uni/3rd year/NLP-ready/benchmark/runtime/results/piaget-8b-local/study_a_bias_generations.jsonl,/Users/ryangichuru/Documents/SSD-K/Uni/3rd year/NLP-ready/benchmark/runtime/results_invariance/piaget-8b-local/study_a_bias_invariance_generations.jsonl
invariance,study_a_bias,piaget-8b-local,invariance,reasoning_marker_present,ok,,150,0.9933333333333333,1.0,0.006666666666666667,0.0,0.0,0.02,,/Users/ryangichuru/Documents/SSD-K/Uni/3rd year/NLP-ready/benchmark/runtime/results/piaget-8b-local/study_a_bias_generations.jsonl,/Users/ryangichuru/Documents/SSD-K/Uni/3rd year/NLP-ready/benchmark/runtime/results_invariance/piaget-8b-local/study_a_bias_invariance_generations.jsonl
invariance,study_a_bias,piaget-8b-local,invariance,final_answer_marker_present,ok,,150,0.6466666666666666,0.48,-0.16666666666666666,0.0,-0.2733333333333333,-0.06,,/Users/ryangichuru/Documents/SSD-K/Uni/3rd year/NLP-ready/benchmark/runtime/results/piaget-8b-local/study_a_bias_generations.jsonl,/Users/ryangichuru/Documents/SSD-K/Uni/3rd year/NLP-ready/benchmark/runtime/results_invariance/piaget-8b-local/study_a_bias_invariance_generations.jsonl
invariance,study_a_bias,piaget-8b-local,invariance,control_phrase_adherence,ok,,150,0.9933333333333333,1.0,0.006666666666666667,0.0,0.0,0.02,,/Users/ryangichuru/Documents/SSD-K/Uni/3rd year/NLP-ready/benchmark/runtime/results/piaget-8b-local/study_a_bias_generations.jsonl,/Users/ryangichuru/Documents/SSD-K/Uni/3rd year/NLP-ready/benchmark/runtime/results_invariance/piaget-8b-local/study_a_bias_invariance_generations.jsonl
invariance,study_a_bias,piaget-8b-local,invariance,meta_discussion_present,ok,,150,0.7466666666666667,0.7333333333333333,-0.013333333333333334,0.0,-0.10666666666666667,0.08,,/Users/ryangichuru/Documents/SSD-K/Uni/3rd year/NLP-ready/benchmark/runtime/results/piaget-8b-local/study_a_bias_generations.jsonl,/Users/ryangichuru/Documents/SSD-K/Uni/3rd year/NLP-ready/benchmark/runtime/results_invariance/piaget-8b-local/study_a_bias_invariance_generations.jsonl
invariance,study_a_bias,piaget-8b-local,invariance,reasoning_control_success_proxy,ok,,150,0.9933333333333333,1.0,0.006666666666666667,0.0,0.0,0.02,,/Users/ryangichuru/Documents/SSD-K/Uni/3rd year/NLP-ready/benchmark/runtime/results/piaget-8b-local/study_a_bias_generations.jsonl,/Users/ryangichuru/Documents/SSD-K/Uni/3rd year/NLP-ready/benchmark/runtime/results_invariance/piaget-8b-local/study_a_bias_invariance_generations.jsonl
invariance,study_a_bias,piaget-8b-local,invariance,output_control_success_proxy,ok,,150,0.6466666666666666,0.48,-0.16666666666666666,0.0,-0.2733333333333333,-0.06666666666666667,,/Users/ryangichuru/Documents/SSD-K/Uni/3rd year/NLP-ready/benchmark/runtime/results/piaget-8b-local/study_a_bias_generations.jsonl,/Users/ryangichuru/Documents/SSD-K/Uni/3rd year/NLP-ready/benchmark/runtime/results_invariance/piaget-8b-local/study_a_bias_invariance_generations.jsonl
invariance,study_a_bias,piaget-8b-local,invariance,control_adherence_without_meta_discussion,ok,,150,0.24666666666666667,0.26666666666666666,0.02,0.0,-0.07333333333333333,0.11333333333333333,,/Users/ryangichuru/Documents/SSD-K/Uni/3rd year/NLP-ready/benchmark/runtime/results/piaget-8b-local/study_a_bias_generations.jsonl,/Users/ryangichuru/Documents/SSD-K/Uni/3rd year/NLP-ready/benchmark/runtime/results_invariance/piaget-8b-local/study_a_bias_invariance_generations.jsonl
invariance,study_b,piaget-8b-local,invariance,visible_reasoning_tokens,ok,,160,310.86875,283.59375,-27.275,-28.0,-54.7125,-1.04375,,/Users/ryangichuru/Documents/SSD-K/Uni/3rd year/NLP-ready/benchmark/runtime/results/piaget-8b-local/study_b_generations.jsonl,/Users/ryangichuru/Documents/SSD-K/Uni/3rd year/NLP-ready/benchmark/runtime/results_invariance/piaget-8b-local/study_b_invariance_generations.jsonl
invariance,study_b,piaget-8b-local,invariance,output_tokens,ok,,160,678.1625,696.09375,17.93125,-10.0,-21.85625,60.4,,/Users/ryangichuru/Documents/SSD-K/Uni/3rd year/NLP-ready/benchmark/runtime/results/piaget-8b-local/study_b_generations.jsonl,/Users/ryangichuru/Documents/SSD-K/Uni/3rd year/NLP-ready/benchmark/runtime/results_invariance/piaget-8b-local/study_b_invariance_generations.jsonl
invariance,study_b,piaget-8b-local,invariance,reasoning_share,ok,,158,0.44184697672177686,0.4098780505378761,-0.031968926183900674,-0.054091778165554466,-0.05528949079630614,-0.006892752506255608,,/Users/ryangichuru/Documents/SSD-K/Uni/3rd year/NLP-ready/benchmark/runtime/results/piaget-8b-local/study_b_generations.jsonl,/Users/ryangichuru/Documents/SSD-K/Uni/3rd year/NLP-ready/benchmark/runtime/results_invariance/piaget-8b-local/study_b_invariance_generations.jsonl
invariance,study_b,piaget-8b-local,invariance,reasoning_marker_present,ok,,160,0.94375,0.9875,0.04375,0.0,0.00625,0.08125,,/Users/ryangichuru/Documents/SSD-K/Uni/3rd year/NLP-ready/benchmark/runtime/results/piaget-8b-local/study_b_generations.jsonl,/Users/ryangichuru/Documents/SSD-K/Uni/3rd year/NLP-ready/benchmark/runtime/results_invariance/piaget-8b-local/study_b_invariance_generations.jsonl
invariance,study_b,piaget-8b-local,invariance,final_answer_marker_present,ok,,160,0.0,0.0,0.0,0.0,0.0,0.0,,/Users/ryangichuru/Documents/SSD-K/Uni/3rd year/NLP-ready/benchmark/runtime/results/piaget-8b-local/study_b_generations.jsonl,/Users/ryangichuru/Documents/SSD-K/Uni/3rd year/NLP-ready/benchmark/runtime/results_invariance/piaget-8b-local/study_b_invariance_generations.jsonl
invariance,study_b,piaget-8b-local,invariance,control_phrase_adherence,not_measurable,no_control_prompt_rule,0,,,,,,,,/Users/ryangichuru/Documents/SSD-K/Uni/3rd year/NLP-ready/benchmark/runtime/results/piaget-8b-local/study_b_generations.jsonl,/Users/ryangichuru/Documents/SSD-K/Uni/3rd year/NLP-ready/benchmark/runtime/results_invariance/piaget-8b-local/study_b_invariance_generations.jsonl
invariance,study_b,piaget-8b-local,invariance,meta_discussion_present,ok,,160,0.65625,0.46875,-0.1875,0.0,-0.2875,-0.0875,,/Users/ryangichuru/Documents/SSD-K/Uni/3rd year/NLP-ready/benchmark/runtime/results/piaget-8b-local/study_b_generations.jsonl,/Users/ryangichuru/Documents/SSD-K/Uni/3rd year/NLP-ready/benchmark/runtime/results_invariance/piaget-8b-local/study_b_invariance_generations.jsonl
invariance,study_b,piaget-8b-local,invariance,reasoning_control_success_proxy,ok,,160,0.94375,0.9875,0.04375,0.0,0.00625,0.0875,,/Users/ryangichuru/Documents/SSD-K/Uni/3rd year/NLP-ready/benchmark/runtime/results/piaget-8b-local/study_b_generations.jsonl,/Users/ryangichuru/Documents/SSD-K/Uni/3rd year/NLP-ready/benchmark/runtime/results_invariance/piaget-8b-local/study_b_invariance_generations.jsonl
invariance,study_b,piaget-8b-local,invariance,output_control_success_proxy,ok,,160,0.0,0.0,0.0,0.0,0.0,0.0,,/Users/ryangichuru/Documents/SSD-K/Uni/3rd year/NLP-ready/benchmark/runtime/results/piaget-8b-local/study_b_generations.jsonl,/Users/ryangichuru/Documents/SSD-K/Uni/3rd year/NLP-ready/benchmark/runtime/results_invariance/piaget-8b-local/study_b_invariance_generations.jsonl
invariance,study_b,piaget-8b-local,invariance,control_adherence_without_meta_discussion,not_measurable,metric_not_applicable,0,,,,,,,,/Users/ryangichuru/Documents/SSD-K/Uni/3rd year/NLP-ready/benchmark/runtime/results/piaget-8b-local/study_b_generations.jsonl,/Users/ryangichuru/Documents/SSD-K/Uni/3rd year/NLP-ready/benchmark/runtime/results_invariance/piaget-8b-local/study_b_invariance_generations.jsonl
invariance,study_b_multi_turn,piaget-8b-local,invariance,visible_reasoning_tokens,ok,,12,298.9166666666667,262.9166666666667,-36.0,-35.0,-103.58333333333333,19.083333333333332,,/Users/ryangichuru/Documents/SSD-K/Uni/3rd year/NLP-ready/benchmark/runtime/results/piaget-8b-local/study_b_multi_turn_generations.jsonl,/Users/ryangichuru/Documents/SSD-K/Uni/3rd year/NLP-ready/benchmark/runtime/results_invariance/piaget-8b-local/study_b_multi_turn_invariance_generations.jsonl
invariance,study_b_multi_turn,piaget-8b-local,invariance,output_tokens,ok,,12,620.4166666666666,584.8333333333334,-35.583333333333336,-47.5,-138.58333333333334,70.08333333333333,,/Users/ryangichuru/Documents/SSD-K/Uni/3rd year/NLP-ready/benchmark/runtime/results/piaget-8b-local/study_b_multi_turn_generations.jsonl,/Users/ryangichuru/Documents/SSD-K/Uni/3rd year/NLP-ready/benchmark/runtime/results_invariance/piaget-8b-local/study_b_multi_turn_invariance_generations.jsonl
invariance,study_b_multi_turn,piaget-8b-local,invariance,reasoning_share,ok,,12,0.490038121738067,0.44805864035515935,-0.04197948138290771,-0.07549343756774113,-0.12720517612017715,0.04921735024977562,,/Users/ryangichuru/Documents/SSD-K/Uni/3rd year/NLP-ready/benchmark/runtime/results/piaget-8b-local/study_b_multi_turn_generations.jsonl,/Users/ryangichuru/Documents/SSD-K/Uni/3rd year/NLP-ready/benchmark/runtime/results_invariance/piaget-8b-local/study_b_multi_turn_invariance_generations.jsonl
invariance,study_b_multi_turn,piaget-8b-local,invariance,reasoning_marker_present,ok,,12,1.0,1.0,0.0,0.0,0.0,0.0,,/Users/ryangichuru/Documents/SSD-K/Uni/3rd year/NLP-ready/benchmark/runtime/results/piaget-8b-local/study_b_multi_turn_generations.jsonl,/Users/ryangichuru/Documents/SSD-K/Uni/3rd year/NLP-ready/benchmark/runtime/results_invariance/piaget-8b-local/study_b_multi_turn_invariance_generations.jsonl
invariance,study_b_multi_turn,piaget-8b-local,invariance,final_answer_marker_present,ok,,12,0.0,0.0,0.0,0.0,0.0,0.0,,/Users/ryangichuru/Documents/SSD-K/Uni/3rd year/NLP-ready/benchmark/runtime/results/piaget-8b-local/study_b_multi_turn_generations.jsonl,/Users/ryangichuru/Documents/SSD-K/Uni/3rd year/NLP-ready/benchmark/runtime/results_invariance/piaget-8b-local/study_b_multi_turn_invariance_generations.jsonl
invariance,study_b_multi_turn,piaget-8b-local,invariance,control_phrase_adherence,not_measurable,no_control_prompt_rule,0,,,,,,,,/Users/ryangichuru/Documents/SSD-K/Uni/3rd year/NLP-ready/benchmark/runtime/results/piaget-8b-local/study_b_multi_turn_generations.jsonl,/Users/ryangichuru/Documents/SSD-K/Uni/3rd year/NLP-ready/benchmark/runtime/results_invariance/piaget-8b-local/study_b_multi_turn_invariance_generations.jsonl
invariance,study_b_multi_turn,piaget-8b-local,invariance,meta_discussion_present,ok,,12,0.75,0.16666666666666666,-0.5833333333333334,-1.0,-0.8333333333333334,-0.3333333333333333,,/Users/ryangichuru/Documents/SSD-K/Uni/3rd year/NLP-ready/benchmark/runtime/results/piaget-8b-local/study_b_multi_turn_generations.jsonl,/Users/ryangichuru/Documents/SSD-K/Uni/3rd year/NLP-ready/benchmark/runtime/results_invariance/piaget-8b-local/study_b_multi_turn_invariance_generations.jsonl
invariance,study_b_multi_turn,piaget-8b-local,invariance,reasoning_control_success_proxy,ok,,12,1.0,1.0,0.0,0.0,0.0,0.0,,/Users/ryangichuru/Documents/SSD-K/Uni/3rd year/NLP-ready/benchmark/runtime/results/piaget-8b-local/study_b_multi_turn_generations.jsonl,/Users/ryangichuru/Documents/SSD-K/Uni/3rd year/NLP-ready/benchmark/runtime/results_invariance/piaget-8b-local/study_b_multi_turn_invariance_generations.jsonl
invariance,study_b_multi_turn,piaget-8b-local,invariance,output_control_success_proxy,ok,,12,0.0,0.0,0.0,0.0,0.0,0.0,,/Users/ryangichuru/Documents/SSD-K/Uni/3rd year/NLP-ready/benchmark/runtime/results/piaget-8b-local/study_b_multi_turn_generations.jsonl,/Users/ryangichuru/Documents/SSD-K/Uni/3rd year/NLP-ready/benchmark/runtime/results_invariance/piaget-8b-local/study_b_multi_turn_invariance_generations.jsonl
invariance,study_b_multi_turn,piaget-8b-local,invariance,control_adherence_without_meta_discussion,not_measurable,metric_not_applicable,0,,,,,,,,/Users/ryangichuru/Documents/SSD-K/Uni/3rd year/NLP-ready/benchmark/runtime/results/piaget-8b-local/study_b_multi_turn_generations.jsonl,/Users/ryangichuru/Documents/SSD-K/Uni/3rd year/NLP-ready/benchmark/runtime/results_invariance/piaget-8b-local/study_b_multi_turn_invariance_generations.jsonl
invariance,study_c,piaget-8b-local,invariance,visible_reasoning_tokens,ok,,15,205.93333333333334,267.8666666666667,61.93333333333333,28.0,4.933333333333334,122.13333333333334,,/Users/ryangichuru/Documents/SSD-K/Uni/3rd year/NLP-ready/benchmark/runtime/results/piaget-8b-local/study_c_generations.jsonl,/Users/ryangichuru/Documents/SSD-K/Uni/3rd year/NLP-ready/benchmark/runtime/results_invariance/piaget-8b-local/study_c_invariance_generations.jsonl
invariance,study_c,piaget-8b-local,invariance,output_tokens,ok,,15,458.8,685.6,226.8,261.0,120.53333333333333,330.4,,/Users/ryangichuru/Documents/SSD-K/Uni/3rd year/NLP-ready/benchmark/runtime/results/piaget-8b-local/study_c_generations.jsonl,/Users/ryangichuru/Documents/SSD-K/Uni/3rd year/NLP-ready/benchmark/runtime/results_invariance/piaget-8b-local/study_c_invariance_generations.jsonl
invariance,study_c,piaget-8b-local,invariance,reasoning_share,ok,,15,0.4435634445862963,0.3886204144160976,-0.054943030170198685,-0.05589854401399391,-0.14364937049977244,0.040251643308400115,,/Users/ryangichuru/Documents/SSD-K/Uni/3rd year/NLP-ready/benchmark/runtime/results/piaget-8b-local/study_c_generations.jsonl,/Users/ryangichuru/Documents/SSD-K/Uni/3rd year/NLP-ready/benchmark/runtime/results_invariance/piaget-8b-local/study_c_invariance_generations.jsonl
invariance,study_c,piaget-8b-local,invariance,reasoning_marker_present,ok,,15,0.9333333333333333,1.0,0.06666666666666667,0.0,0.0,0.2,,/Users/ryangichuru/Documents/SSD-K/Uni/3rd year/NLP-ready/benchmark/runtime/results/piaget-8b-local/study_c_generations.jsonl,/Users/ryangichuru/Documents/SSD-K/Uni/3rd year/NLP-ready/benchmark/runtime/results_invariance/piaget-8b-local/study_c_invariance_generations.jsonl
invariance,study_c,piaget-8b-local,invariance,final_answer_marker_present,ok,,15,0.0,0.0,0.0,0.0,0.0,0.0,,/Users/ryangichuru/Documents/SSD-K/Uni/3rd year/NLP-ready/benchmark/runtime/results/piaget-8b-local/study_c_generations.jsonl,/Users/ryangichuru/Documents/SSD-K/Uni/3rd year/NLP-ready/benchmark/runtime/results_invariance/piaget-8b-local/study_c_invariance_generations.jsonl
invariance,study_c,piaget-8b-local,invariance,control_phrase_adherence,not_measurable,no_control_prompt_rule,0,,,,,,,,/Users/ryangichuru/Documents/SSD-K/Uni/3rd year/NLP-ready/benchmark/runtime/results/piaget-8b-local/study_c_generations.jsonl,/Users/ryangichuru/Documents/SSD-K/Uni/3rd year/NLP-ready/benchmark/runtime/results_invariance/piaget-8b-local/study_c_invariance_generations.jsonl
invariance,study_c,piaget-8b-local,invariance,meta_discussion_present,ok,,15,0.3333333333333333,0.06666666666666667,-0.26666666666666666,0.0,-0.5333333333333333,0.0,,/Users/ryangichuru/Documents/SSD-K/Uni/3rd year/NLP-ready/benchmark/runtime/results/piaget-8b-local/study_c_generations.jsonl,/Users/ryangichuru/Documents/SSD-K/Uni/3rd year/NLP-ready/benchmark/runtime/results_invariance/piaget-8b-local/study_c_invariance_generations.jsonl
invariance,study_c,piaget-8b-local,invariance,reasoning_control_success_proxy,ok,,15,0.9333333333333333,1.0,0.06666666666666667,0.0,0.0,0.2,,/Users/ryangichuru/Documents/SSD-K/Uni/3rd year/NLP-ready/benchmark/runtime/results/piaget-8b-local/study_c_generations.jsonl,/Users/ryangichuru/Documents/SSD-K/Uni/3rd year/NLP-ready/benchmark/runtime/results_invariance/piaget-8b-local/study_c_invariance_generations.jsonl
invariance,study_c,piaget-8b-local,invariance,output_control_success_proxy,ok,,15,0.0,0.0,0.0,0.0,0.0,0.0,,/Users/ryangichuru/Documents/SSD-K/Uni/3rd year/NLP-ready/benchmark/runtime/results/piaget-8b-local/study_c_generations.jsonl,/Users/ryangichuru/Documents/SSD-K/Uni/3rd year/NLP-ready/benchmark/runtime/results_invariance/piaget-8b-local/study_c_invariance_generations.jsonl
invariance,study_c,piaget-8b-local,invariance,control_adherence_without_meta_discussion,not_measurable,metric_not_applicable,0,,,,,,,,/Users/ryangichuru/Documents/SSD-K/Uni/3rd year/NLP-ready/benchmark/runtime/results/piaget-8b-local/study_c_generations.jsonl,/Users/ryangichuru/Documents/SSD-K/Uni/3rd year/NLP-ready/benchmark/runtime/results_invariance/piaget-8b-local/study_c_invariance_generations.jsonl
invariance,study_a,qwen3-lmstudio,invariance,visible_reasoning_tokens,ok,,150,570.3866666666667,561.96,-8.426666666666666,-1.0,-45.36666666666667,30.113333333333333,,/Users/ryangichuru/Documents/SSD-K/Uni/3rd year/NLP-ready/benchmark/runtime/results/qwen3-lmstudio/study_a_generations.jsonl,/Users/ryangichuru/Documents/SSD-K/Uni/3rd year/NLP-ready/benchmark/runtime/results_invariance/qwen3-lmstudio/study_a_invariance_generations.jsonl
invariance,study_a,qwen3-lmstudio,invariance,output_tokens,ok,,150,971.12,955.9933333333333,-15.126666666666667,-25.0,-48.233333333333334,18.513333333333332,,/Users/ryangichuru/Documents/SSD-K/Uni/3rd year/NLP-ready/benchmark/runtime/results/qwen3-lmstudio/study_a_generations.jsonl,/Users/ryangichuru/Documents/SSD-K/Uni/3rd year/NLP-ready/benchmark/runtime/results_invariance/qwen3-lmstudio/study_a_invariance_generations.jsonl
invariance,study_a,qwen3-lmstudio,invariance,reasoning_share,ok,,150,0.5838606059095901,0.5829713923992208,-0.0008892135103691956,0.0008796546430490104,-0.0314767101097548,0.028301498864285932,,/Users/ryangichuru/Documents/SSD-K/Uni/3rd year/NLP-ready/benchmark/runtime/results/qwen3-lmstudio/study_a_generations.jsonl,/Users/ryangichuru/Documents/SSD-K/Uni/3rd year/NLP-ready/benchmark/runtime/results_invariance/qwen3-lmstudio/study_a_invariance_generations.jsonl
invariance,study_a,qwen3-lmstudio,invariance,reasoning_marker_present,ok,,150,1.0,1.0,0.0,0.0,0.0,0.0,,/Users/ryangichuru/Documents/SSD-K/Uni/3rd year/NLP-ready/benchmark/runtime/results/qwen3-lmstudio/study_a_generations.jsonl,/Users/ryangichuru/Documents/SSD-K/Uni/3rd year/NLP-ready/benchmark/runtime/results_invariance/qwen3-lmstudio/study_a_invariance_generations.jsonl
invariance,study_a,qwen3-lmstudio,invariance,final_answer_marker_present,ok,,150,0.68,0.6133333333333333,-0.06666666666666667,0.0,-0.17333333333333334,0.03333333333333333,,/Users/ryangichuru/Documents/SSD-K/Uni/3rd year/NLP-ready/benchmark/runtime/results/qwen3-lmstudio/study_a_generations.jsonl,/Users/ryangichuru/Documents/SSD-K/Uni/3rd year/NLP-ready/benchmark/runtime/results_invariance/qwen3-lmstudio/study_a_invariance_generations.jsonl
invariance,study_a,qwen3-lmstudio,invariance,control_phrase_adherence,not_measurable,no_control_prompt_rule,0,,,,,,,,/Users/ryangichuru/Documents/SSD-K/Uni/3rd year/NLP-ready/benchmark/runtime/results/qwen3-lmstudio/study_a_generations.jsonl,/Users/ryangichuru/Documents/SSD-K/Uni/3rd year/NLP-ready/benchmark/runtime/results_invariance/qwen3-lmstudio/study_a_invariance_generations.jsonl
invariance,study_a,qwen3-lmstudio,invariance,meta_discussion_present,ok,,150,0.7866666666666666,0.72,-0.06666666666666667,0.0,-0.14666666666666667,0.006666666666666667,,/Users/ryangichuru/Documents/SSD-K/Uni/3rd year/NLP-ready/benchmark/runtime/results/qwen3-lmstudio/study_a_generations.jsonl,/Users/ryangichuru/Documents/SSD-K/Uni/3rd year/NLP-ready/benchmark/runtime/results_invariance/qwen3-lmstudio/study_a_invariance_generations.jsonl
invariance,study_a,qwen3-lmstudio,invariance,reasoning_control_success_proxy,ok,,150,1.0,1.0,0.0,0.0,0.0,0.0,,/Users/ryangichuru/Documents/SSD-K/Uni/3rd year/NLP-ready/benchmark/runtime/results/qwen3-lmstudio/study_a_generations.jsonl,/Users/ryangichuru/Documents/SSD-K/Uni/3rd year/NLP-ready/benchmark/runtime/results_invariance/qwen3-lmstudio/study_a_invariance_generations.jsonl
invariance,study_a,qwen3-lmstudio,invariance,output_control_success_proxy,ok,,150,0.68,0.6133333333333333,-0.06666666666666667,0.0,-0.17333333333333334,0.03333333333333333,,/Users/ryangichuru/Documents/SSD-K/Uni/3rd year/NLP-ready/benchmark/runtime/results/qwen3-lmstudio/study_a_generations.jsonl,/Users/ryangichuru/Documents/SSD-K/Uni/3rd year/NLP-ready/benchmark/runtime/results_invariance/qwen3-lmstudio/study_a_invariance_generations.jsonl
invariance,study_a,qwen3-lmstudio,invariance,control_adherence_without_meta_discussion,not_measurable,metric_not_applicable,0,,,,,,,,/Users/ryangichuru/Documents/SSD-K/Uni/3rd year/NLP-ready/benchmark/runtime/results/qwen3-lmstudio/study_a_generations.jsonl,/Users/ryangichuru/Documents/SSD-K/Uni/3rd year/NLP-ready/benchmark/runtime/results_invariance/qwen3-lmstudio/study_a_invariance_generations.jsonl
invariance,study_a_bias,qwen3-lmstudio,invariance,visible_reasoning_tokens,ok,,150,688.9733333333334,902.4,213.42666666666668,191.5,166.82,264.62666666666667,,/Users/ryangichuru/Documents/SSD-K/Uni/3rd year/NLP-ready/benchmark/runtime/results/qwen3-lmstudio/study_a_bias_generations.jsonl,/Users/ryangichuru/Documents/SSD-K/Uni/3rd year/NLP-ready/benchmark/runtime/results_invariance/qwen3-lmstudio/study_a_bias_invariance_generations.jsonl
invariance,study_a_bias,qwen3-lmstudio,invariance,output_tokens,ok,,150,1004.3866666666667,1259.1533333333334,254.76666666666668,272.5,206.54,302.70666666666665,,/Users/ryangichuru/Documents/SSD-K/Uni/3rd year/NLP-ready/benchmark/runtime/results/qwen3-lmstudio/study_a_bias_generations.jsonl,/Users/ryangichuru/Documents/SSD-K/Uni/3rd year/NLP-ready/benchmark/runtime/results_invariance/qwen3-lmstudio/study_a_bias_invariance_generations.jsonl
invariance,study_a_bias,qwen3-lmstudio,invariance,reasoning_share,ok,,150,0.6782234612836404,0.7108492089098045,0.032625747626164145,0.011718024218732248,0.00635137220484014,0.05840695126167623,,/Users/ryangichuru/Documents/SSD-K/Uni/3rd year/NLP-ready/benchmark/runtime/results/qwen3-lmstudio/study_a_bias_generations.jsonl,/Users/ryangichuru/Documents/SSD-K/Uni/3rd year/NLP-ready/benchmark/runtime/results_invariance/qwen3-lmstudio/study_a_bias_invariance_generations.jsonl
invariance,study_a_bias,qwen3-lmstudio,invariance,reasoning_marker_present,ok,,150,1.0,1.0,0.0,0.0,0.0,0.0,,/Users/ryangichuru/Documents/SSD-K/Uni/3rd year/NLP-ready/benchmark/runtime/results/qwen3-lmstudio/study_a_bias_generations.jsonl,/Users/ryangichuru/Documents/SSD-K/Uni/3rd year/NLP-ready/benchmark/runtime/results_invariance/qwen3-lmstudio/study_a_bias_invariance_generations.jsonl
invariance,study_a_bias,qwen3-lmstudio,invariance,final_answer_marker_present,ok,,150,0.3933333333333333,0.3333333333333333,-0.06,0.0,-0.18,0.04666666666666667,,/Users/ryangichuru/Documents/SSD-K/Uni/3rd year/NLP-ready/benchmark/runtime/results/qwen3-lmstudio/study_a_bias_generations.jsonl,/Users/ryangichuru/Documents/SSD-K/Uni/3rd year/NLP-ready/benchmark/runtime/results_invariance/qwen3-lmstudio/study_a_bias_invariance_generations.jsonl
invariance,study_a_bias,qwen3-lmstudio,invariance,control_phrase_adherence,ok,,150,1.0,1.0,0.0,0.0,0.0,0.0,,/Users/ryangichuru/Documents/SSD-K/Uni/3rd year/NLP-ready/benchmark/runtime/results/qwen3-lmstudio/study_a_bias_generations.jsonl,/Users/ryangichuru/Documents/SSD-K/Uni/3rd year/NLP-ready/benchmark/runtime/results_invariance/qwen3-lmstudio/study_a_bias_invariance_generations.jsonl
invariance,study_a_bias,qwen3-lmstudio,invariance,meta_discussion_present,ok,,150,0.4866666666666667,0.6133333333333333,0.12666666666666668,0.0,0.02666666666666667,0.22666666666666666,,/Users/ryangichuru/Documents/SSD-K/Uni/3rd year/NLP-ready/benchmark/runtime/results/qwen3-lmstudio/study_a_bias_generations.jsonl,/Users/ryangichuru/Documents/SSD-K/Uni/3rd year/NLP-ready/benchmark/runtime/results_invariance/qwen3-lmstudio/study_a_bias_invariance_generations.jsonl
invariance,study_a_bias,qwen3-lmstudio,invariance,reasoning_control_success_proxy,ok,,150,1.0,1.0,0.0,0.0,0.0,0.0,,/Users/ryangichuru/Documents/SSD-K/Uni/3rd year/NLP-ready/benchmark/runtime/results/qwen3-lmstudio/study_a_bias_generations.jsonl,/Users/ryangichuru/Documents/SSD-K/Uni/3rd year/NLP-ready/benchmark/runtime/results_invariance/qwen3-lmstudio/study_a_bias_invariance_generations.jsonl
invariance,study_a_bias,qwen3-lmstudio,invariance,output_control_success_proxy,ok,,150,0.3933333333333333,0.3333333333333333,-0.06,0.0,-0.16666666666666666,0.04666666666666667,,/Users/ryangichuru/Documents/SSD-K/Uni/3rd year/NLP-ready/benchmark/runtime/results/qwen3-lmstudio/study_a_bias_generations.jsonl,/Users/ryangichuru/Documents/SSD-K/Uni/3rd year/NLP-ready/benchmark/runtime/results_invariance/qwen3-lmstudio/study_a_bias_invariance_generations.jsonl
invariance,study_a_bias,qwen3-lmstudio,invariance,control_adherence_without_meta_discussion,ok,,150,0.5133333333333333,0.38666666666666666,-0.12666666666666668,0.0,-0.22666666666666666,-0.03333333333333333,,/Users/ryangichuru/Documents/SSD-K/Uni/3rd year/NLP-ready/benchmark/runtime/results/qwen3-lmstudio/study_a_bias_generations.jsonl,/Users/ryangichuru/Documents/SSD-K/Uni/3rd year/NLP-ready/benchmark/runtime/results_invariance/qwen3-lmstudio/study_a_bias_invariance_generations.jsonl
invariance,study_b,qwen3-lmstudio,invariance,visible_reasoning_tokens,ok,,160,335.75625,334.78125,-0.975,-3.5,-16.89375,16.06875,,/Users/ryangichuru/Documents/SSD-K/Uni/3rd year/NLP-ready/benchmark/runtime/results/qwen3-lmstudio/study_b_generations.jsonl,/Users/ryangichuru/Documents/SSD-K/Uni/3rd year/NLP-ready/benchmark/runtime/results_invariance/qwen3-lmstudio/study_b_invariance_generations.jsonl
invariance,study_b,qwen3-lmstudio,invariance,output_tokens,ok,,160,876.70625,876.44375,-0.2625,-18.0,-23.15625,24.79375,,/Users/ryangichuru/Documents/SSD-K/Uni/3rd year/NLP-ready/benchmark/runtime/results/qwen3-lmstudio/study_b_generations.jsonl,/Users/ryangichuru/Documents/SSD-K/Uni/3rd year/NLP-ready/benchmark/runtime/results_invariance/qwen3-lmstudio/study_b_invariance_generations.jsonl
invariance,study_b,qwen3-lmstudio,invariance,reasoning_share,ok,,160,0.39119153938623946,0.3895709708948001,-0.0016205684914393863,0.001652022817042853,-0.01604007456856222,0.013077630758650722,,/Users/ryangichuru/Documents/SSD-K/Uni/3rd year/NLP-ready/benchmark/runtime/results/qwen3-lmstudio/study_b_generations.jsonl,/Users/ryangichuru/Documents/SSD-K/Uni/3rd year/NLP-ready/benchmark/runtime/results_invariance/qwen3-lmstudio/study_b_invariance_generations.jsonl
invariance,study_b,qwen3-lmstudio,invariance,reasoning_marker_present,ok,,160,1.0,1.0,0.0,0.0,0.0,0.0,,/Users/ryangichuru/Documents/SSD-K/Uni/3rd year/NLP-ready/benchmark/runtime/results/qwen3-lmstudio/study_b_generations.jsonl,/Users/ryangichuru/Documents/SSD-K/Uni/3rd year/NLP-ready/benchmark/runtime/results_invariance/qwen3-lmstudio/study_b_invariance_generations.jsonl
invariance,study_b,qwen3-lmstudio,invariance,final_answer_marker_present,ok,,160,0.0,0.0,0.0,0.0,0.0,0.0,,/Users/ryangichuru/Documents/SSD-K/Uni/3rd year/NLP-ready/benchmark/runtime/results/qwen3-lmstudio/study_b_generations.jsonl,/Users/ryangichuru/Documents/SSD-K/Uni/3rd year/NLP-ready/benchmark/runtime/results_invariance/qwen3-lmstudio/study_b_invariance_generations.jsonl
invariance,study_b,qwen3-lmstudio,invariance,control_phrase_adherence,not_measurable,no_control_prompt_rule,0,,,,,,,,/Users/ryangichuru/Documents/SSD-K/Uni/3rd year/NLP-ready/benchmark/runtime/results/qwen3-lmstudio/study_b_generations.jsonl,/Users/ryangichuru/Documents/SSD-K/Uni/3rd year/NLP-ready/benchmark/runtime/results_invariance/qwen3-lmstudio/study_b_invariance_generations.jsonl
invariance,study_b,qwen3-lmstudio,invariance,meta_discussion_present,ok,,160,0.63125,0.58125,-0.05,0.0,-0.14375,0.05,,/Users/ryangichuru/Documents/SSD-K/Uni/3rd year/NLP-ready/benchmark/runtime/results/qwen3-lmstudio/study_b_generations.jsonl,/Users/ryangichuru/Documents/SSD-K/Uni/3rd year/NLP-ready/benchmark/runtime/results_invariance/qwen3-lmstudio/study_b_invariance_generations.jsonl
invariance,study_b,qwen3-lmstudio,invariance,reasoning_control_success_proxy,ok,,160,1.0,1.0,0.0,0.0,0.0,0.0,,/Users/ryangichuru/Documents/SSD-K/Uni/3rd year/NLP-ready/benchmark/runtime/results/qwen3-lmstudio/study_b_generations.jsonl,/Users/ryangichuru/Documents/SSD-K/Uni/3rd year/NLP-ready/benchmark/runtime/results_invariance/qwen3-lmstudio/study_b_invariance_generations.jsonl
invariance,study_b,qwen3-lmstudio,invariance,output_control_success_proxy,ok,,160,0.0,0.0,0.0,0.0,0.0,0.0,,/Users/ryangichuru/Documents/SSD-K/Uni/3rd year/NLP-ready/benchmark/runtime/results/qwen3-lmstudio/study_b_generations.jsonl,/Users/ryangichuru/Documents/SSD-K/Uni/3rd year/NLP-ready/benchmark/runtime/results_invariance/qwen3-lmstudio/study_b_invariance_generations.jsonl
invariance,study_b,qwen3-lmstudio,invariance,control_adherence_without_meta_discussion,not_measurable,metric_not_applicable,0,,,,,,,,/Users/ryangichuru/Documents/SSD-K/Uni/3rd year/NLP-ready/benchmark/runtime/results/qwen3-lmstudio/study_b_generations.jsonl,/Users/ryangichuru/Documents/SSD-K/Uni/3rd year/NLP-ready/benchmark/runtime/results_invariance/qwen3-lmstudio/study_b_invariance_generations.jsonl
invariance,study_b_multi_turn,qwen3-lmstudio,invariance,visible_reasoning_tokens,ok,,24,277.2083333333333,289.4166666666667,12.208333333333334,20.5,-36.916666666666664,56.875,,/Users/ryangichuru/Documents/SSD-K/Uni/3rd year/NLP-ready/benchmark/runtime/results/qwen3-lmstudio/study_b_multi_turn_generations.jsonl,/Users/ryangichuru/Documents/SSD-K/Uni/3rd year/NLP-ready/benchmark/runtime/results_invariance/qwen3-lmstudio/study_b_multi_turn_invariance_generations.jsonl
invariance,study_b_multi_turn,qwen3-lmstudio,invariance,output_tokens,ok,,24,709.75,716.7916666666666,7.041666666666667,53.5,-83.75,85.5,,/Users/ryangichuru/Documents/SSD-K/Uni/3rd year/NLP-ready/benchmark/runtime/results/qwen3-lmstudio/study_b_multi_turn_generations.jsonl,/Users/ryangichuru/Documents/SSD-K/Uni/3rd year/NLP-ready/benchmark/runtime/results_invariance/qwen3-lmstudio/study_b_multi_turn_invariance_generations.jsonl
invariance,study_b_multi_turn,qwen3-lmstudio,invariance,reasoning_share,ok,,24,0.3932189707927583,0.41110120218308027,0.017882231390321964,-0.0018852492901305917,-0.01328781333374731,0.049052494788079604,,/Users/ryangichuru/Documents/SSD-K/Uni/3rd year/NLP-ready/benchmark/runtime/results/qwen3-lmstudio/study_b_multi_turn_generations.jsonl,/Users/ryangichuru/Documents/SSD-K/Uni/3rd year/NLP-ready/benchmark/runtime/results_invariance/qwen3-lmstudio/study_b_multi_turn_invariance_generations.jsonl
invariance,study_b_multi_turn,qwen3-lmstudio,invariance,reasoning_marker_present,ok,,24,1.0,1.0,0.0,0.0,0.0,0.0,,/Users/ryangichuru/Documents/SSD-K/Uni/3rd year/NLP-ready/benchmark/runtime/results/qwen3-lmstudio/study_b_multi_turn_generations.jsonl,/Users/ryangichuru/Documents/SSD-K/Uni/3rd year/NLP-ready/benchmark/runtime/results_invariance/qwen3-lmstudio/study_b_multi_turn_invariance_generations.jsonl
invariance,study_b_multi_turn,qwen3-lmstudio,invariance,final_answer_marker_present,ok,,24,0.0,0.0,0.0,0.0,0.0,0.0,,/Users/ryangichuru/Documents/SSD-K/Uni/3rd year/NLP-ready/benchmark/runtime/results/qwen3-lmstudio/study_b_multi_turn_generations.jsonl,/Users/ryangichuru/Documents/SSD-K/Uni/3rd year/NLP-ready/benchmark/runtime/results_invariance/qwen3-lmstudio/study_b_multi_turn_invariance_generations.jsonl
invariance,study_b_multi_turn,qwen3-lmstudio,invariance,control_phrase_adherence,not_measurable,no_control_prompt_rule,0,,,,,,,,/Users/ryangichuru/Documents/SSD-K/Uni/3rd year/NLP-ready/benchmark/runtime/results/qwen3-lmstudio/study_b_multi_turn_generations.jsonl,/Users/ryangichuru/Documents/SSD-K/Uni/3rd year/NLP-ready/benchmark/runtime/results_invariance/qwen3-lmstudio/study_b_multi_turn_invariance_generations.jsonl
invariance,study_b_multi_turn,qwen3-lmstudio,invariance,meta_discussion_present,ok,,24,0.5833333333333334,0.5833333333333334,0.0,0.0,-0.25,0.20833333333333334,,/Users/ryangichuru/Documents/SSD-K/Uni/3rd year/NLP-ready/benchmark/runtime/results/qwen3-lmstudio/study_b_multi_turn_generations.jsonl,/Users/ryangichuru/Documents/SSD-K/Uni/3rd year/NLP-ready/benchmark/runtime/results_invariance/qwen3-lmstudio/study_b_multi_turn_invariance_generations.jsonl
invariance,study_b_multi_turn,qwen3-lmstudio,invariance,reasoning_control_success_proxy,ok,,24,1.0,1.0,0.0,0.0,0.0,0.0,,/Users/ryangichuru/Documents/SSD-K/Uni/3rd year/NLP-ready/benchmark/runtime/results/qwen3-lmstudio/study_b_multi_turn_generations.jsonl,/Users/ryangichuru/Documents/SSD-K/Uni/3rd year/NLP-ready/benchmark/runtime/results_invariance/qwen3-lmstudio/study_b_multi_turn_invariance_generations.jsonl
invariance,study_b_multi_turn,qwen3-lmstudio,invariance,output_control_success_proxy,ok,,24,0.0,0.0,0.0,0.0,0.0,0.0,,/Users/ryangichuru/Documents/SSD-K/Uni/3rd year/NLP-ready/benchmark/runtime/results/qwen3-lmstudio/study_b_multi_turn_generations.jsonl,/Users/ryangichuru/Documents/SSD-K/Uni/3rd year/NLP-ready/benchmark/runtime/results_invariance/qwen3-lmstudio/study_b_multi_turn_invariance_generations.jsonl
invariance,study_b_multi_turn,qwen3-lmstudio,invariance,control_adherence_without_meta_discussion,not_measurable,metric_not_applicable,0,,,,,,,,/Users/ryangichuru/Documents/SSD-K/Uni/3rd year/NLP-ready/benchmark/runtime/results/qwen3-lmstudio/study_b_multi_turn_generations.jsonl,/Users/ryangichuru/Documents/SSD-K/Uni/3rd year/NLP-ready/benchmark/runtime/results_invariance/qwen3-lmstudio/study_b_multi_turn_invariance_generations.jsonl
invariance,study_c,qwen3-lmstudio,invariance,visible_reasoning_tokens,ok,,15,301.6,328.4,26.8,38.0,-2.066666666666667,63.0,,/Users/ryangichuru/Documents/SSD-K/Uni/3rd year/NLP-ready/benchmark/runtime/results/qwen3-lmstudio/study_c_generations.jsonl,/Users/ryangichuru/Documents/SSD-K/Uni/3rd year/NLP-ready/benchmark/runtime/results_invariance/qwen3-lmstudio/study_c_invariance_generations.jsonl
invariance,study_c,qwen3-lmstudio,invariance,output_tokens,ok,,15,878.2,917.6666666666666,39.46666666666667,22.0,-9.133333333333333,84.73333333333333,,/Users/ryangichuru/Documents/SSD-K/Uni/3rd year/NLP-ready/benchmark/runtime/results/qwen3-lmstudio/study_c_generations.jsonl,/Users/ryangichuru/Documents/SSD-K/Uni/3rd year/NLP-ready/benchmark/runtime/results_invariance/qwen3-lmstudio/study_c_invariance_generations.jsonl
invariance,study_c,qwen3-lmstudio,invariance,reasoning_share,ok,,15,0.3424430875217491,0.3574553655184134,0.01501227799666428,0.014760212347421586,-0.0061015267973931015,0.04035924890063145,,/Users/ryangichuru/Documents/SSD-K/Uni/3rd year/NLP-ready/benchmark/runtime/results/qwen3-lmstudio/study_c_generations.jsonl,/Users/ryangichuru/Documents/SSD-K/Uni/3rd year/NLP-ready/benchmark/runtime/results_invariance/qwen3-lmstudio/study_c_invariance_generations.jsonl
invariance,study_c,qwen3-lmstudio,invariance,reasoning_marker_present,ok,,15,1.0,1.0,0.0,0.0,0.0,0.0,,/Users/ryangichuru/Documents/SSD-K/Uni/3rd year/NLP-ready/benchmark/runtime/results/qwen3-lmstudio/study_c_generations.jsonl,/Users/ryangichuru/Documents/SSD-K/Uni/3rd year/NLP-ready/benchmark/runtime/results_invariance/qwen3-lmstudio/study_c_invariance_generations.jsonl
invariance,study_c,qwen3-lmstudio,invariance,final_answer_marker_present,ok,,15,0.0,0.0,0.0,0.0,0.0,0.0,,/Users/ryangichuru/Documents/SSD-K/Uni/3rd year/NLP-ready/benchmark/runtime/results/qwen3-lmstudio/study_c_generations.jsonl,/Users/ryangichuru/Documents/SSD-K/Uni/3rd year/NLP-ready/benchmark/runtime/results_invariance/qwen3-lmstudio/study_c_invariance_generations.jsonl
invariance,study_c,qwen3-lmstudio,invariance,control_phrase_adherence,not_measurable,no_control_prompt_rule,0,,,,,,,,/Users/ryangichuru/Documents/SSD-K/Uni/3rd year/NLP-ready/benchmark/runtime/results/qwen3-lmstudio/study_c_generations.jsonl,/Users/ryangichuru/Documents/SSD-K/Uni/3rd year/NLP-ready/benchmark/runtime/results_invariance/qwen3-lmstudio/study_c_invariance_generations.jsonl
invariance,study_c,qwen3-lmstudio,invariance,meta_discussion_present,ok,,15,0.4666666666666667,0.4666666666666667,0.0,0.0,-0.26666666666666666,0.26666666666666666,,/Users/ryangichuru/Documents/SSD-K/Uni/3rd year/NLP-ready/benchmark/runtime/results/qwen3-lmstudio/study_c_generations.jsonl,/Users/ryangichuru/Documents/SSD-K/Uni/3rd year/NLP-ready/benchmark/runtime/results_invariance/qwen3-lmstudio/study_c_invariance_generations.jsonl
invariance,study_c,qwen3-lmstudio,invariance,reasoning_control_success_proxy,ok,,15,1.0,1.0,0.0,0.0,0.0,0.0,,/Users/ryangichuru/Documents/SSD-K/Uni/3rd year/NLP-ready/benchmark/runtime/results/qwen3-lmstudio/study_c_generations.jsonl,/Users/ryangichuru/Documents/SSD-K/Uni/3rd year/NLP-ready/benchmark/runtime/results_invariance/qwen3-lmstudio/study_c_invariance_generations.jsonl
invariance,study_c,qwen3-lmstudio,invariance,output_control_success_proxy,ok,,15,0.0,0.0,0.0,0.0,0.0,0.0,,/Users/ryangichuru/Documents/SSD-K/Uni/3rd year/NLP-ready/benchmark/runtime/results/qwen3-lmstudio/study_c_generations.jsonl,/Users/ryangichuru/Documents/SSD-K/Uni/3rd year/NLP-ready/benchmark/runtime/results_invariance/qwen3-lmstudio/study_c_invariance_generations.jsonl
invariance,study_c,qwen3-lmstudio,invariance,control_adherence_without_meta_discussion,not_measurable,metric_not_applicable,0,,,,,,,,/Users/ryangichuru/Documents/SSD-K/Uni/3rd year/NLP-ready/benchmark/runtime/results/qwen3-lmstudio/study_c_generations.jsonl,/Users/ryangichuru/Documents/SSD-K/Uni/3rd year/NLP-ready/benchmark/runtime/results_invariance/qwen3-lmstudio/study_c_invariance_generations.jsonl
invariance,study_a,gpt-oss-20b,invariance,visible_reasoning_tokens,ok,,150,48.446666666666665,46.6,-1.8466666666666667,2.0,-10.913333333333334,7.266666666666667,,/Users/ryangichuru/Documents/SSD-K/Uni/3rd year/NLP-ready/benchmark/runtime/results/gpt-oss-20b/study_a_generations.jsonl,/Users/ryangichuru/Documents/SSD-K/Uni/3rd year/NLP-ready/benchmark/runtime/results_invariance/gpt-oss-20b/study_a_invariance_generations.jsonl
invariance,study_a,gpt-oss-20b,invariance,output_tokens,ok,,150,511.91333333333336,497.74,-14.173333333333334,-13.5,-34.34,6.613333333333333,,/Users/ryangichuru/Documents/SSD-K/Uni/3rd year/NLP-ready/benchmark/runtime/results/gpt-oss-20b/study_a_generations.jsonl,/Users/ryangichuru/Documents/SSD-K/Uni/3rd year/NLP-ready/benchmark/runtime/results_invariance/gpt-oss-20b/study_a_invariance_generations.jsonl
invariance,study_a,gpt-oss-20b,invariance,reasoning_share,ok,,150,0.09230572464891572,0.09204740628293097,-0.0002583183659847425,0.0020021411962323167,-0.014002252428273503,0.013469232923512209,,/Users/ryangichuru/Documents/SSD-K/Uni/3rd year/NLP-ready/benchmark/runtime/results/gpt-oss-20b/study_a_generations.jsonl,/Users/ryangichuru/Documents/SSD-K/Uni/3rd year/NLP-ready/benchmark/runtime/results_invariance/gpt-oss-20b/study_a_invariance_generations.jsonl
invariance,study_a,gpt-oss-20b,invariance,reasoning_marker_present,ok,,150,1.0,1.0,0.0,0.0,0.0,0.0,,/Users/ryangichuru/Documents/SSD-K/Uni/3rd year/NLP-ready/benchmark/runtime/results/gpt-oss-20b/study_a_generations.jsonl,/Users/ryangichuru/Documents/SSD-K/Uni/3rd year/NLP-ready/benchmark/runtime/results_invariance/gpt-oss-20b/study_a_invariance_generations.jsonl
invariance,study_a,gpt-oss-20b,invariance,final_answer_marker_present,ok,,150,0.06,0.07333333333333333,0.013333333333333334,0.0,-0.04,0.06666666666666667,,/Users/ryangichuru/Documents/SSD-K/Uni/3rd year/NLP-ready/benchmark/runtime/results/gpt-oss-20b/study_a_generations.jsonl,/Users/ryangichuru/Documents/SSD-K/Uni/3rd year/NLP-ready/benchmark/runtime/results_invariance/gpt-oss-20b/study_a_invariance_generations.jsonl
invariance,study_a,gpt-oss-20b,invariance,control_phrase_adherence,not_measurable,no_control_prompt_rule,0,,,,,,,,/Users/ryangichuru/Documents/SSD-K/Uni/3rd year/NLP-ready/benchmark/runtime/results/gpt-oss-20b/study_a_generations.jsonl,/Users/ryangichuru/Documents/SSD-K/Uni/3rd year/NLP-ready/benchmark/runtime/results_invariance/gpt-oss-20b/study_a_invariance_generations.jsonl
invariance,study_a,gpt-oss-20b,invariance,meta_discussion_present,ok,,150,0.56,0.5266666666666666,-0.03333333333333333,0.0,-0.14,0.07333333333333333,,/Users/ryangichuru/Documents/SSD-K/Uni/3rd year/NLP-ready/benchmark/runtime/results/gpt-oss-20b/study_a_generations.jsonl,/Users/ryangichuru/Documents/SSD-K/Uni/3rd year/NLP-ready/benchmark/runtime/results_invariance/gpt-oss-20b/study_a_invariance_generations.jsonl
invariance,study_a,gpt-oss-20b,invariance,reasoning_control_success_proxy,ok,,150,1.0,1.0,0.0,0.0,0.0,0.0,,/Users/ryangichuru/Documents/SSD-K/Uni/3rd year/NLP-ready/benchmark/runtime/results/gpt-oss-20b/study_a_generations.jsonl,/Users/ryangichuru/Documents/SSD-K/Uni/3rd year/NLP-ready/benchmark/runtime/results_invariance/gpt-oss-20b/study_a_invariance_generations.jsonl
invariance,study_a,gpt-oss-20b,invariance,output_control_success_proxy,ok,,150,0.06,0.07333333333333333,0.013333333333333334,0.0,-0.04,0.06666666666666667,,/Users/ryangichuru/Documents/SSD-K/Uni/3rd year/NLP-ready/benchmark/runtime/results/gpt-oss-20b/study_a_generations.jsonl,/Users/ryangichuru/Documents/SSD-K/Uni/3rd year/NLP-ready/benchmark/runtime/results_invariance/gpt-oss-20b/study_a_invariance_generations.jsonl
invariance,study_a,gpt-oss-20b,invariance,control_adherence_without_meta_discussion,not_measurable,metric_not_applicable,0,,,,,,,,/Users/ryangichuru/Documents/SSD-K/Uni/3rd year/NLP-ready/benchmark/runtime/results/gpt-oss-20b/study_a_generations.jsonl,/Users/ryangichuru/Documents/SSD-K/Uni/3rd year/NLP-ready/benchmark/runtime/results_invariance/gpt-oss-20b/study_a_invariance_generations.jsonl
invariance,study_a_bias,gpt-oss-20b,invariance,visible_reasoning_tokens,ok,,150,88.17333333333333,75.77333333333333,-12.4,0.0,-24.546666666666667,-1.02,,/Users/ryangichuru/Documents/SSD-K/Uni/3rd year/NLP-ready/benchmark/runtime/results/gpt-oss-20b/study_a_bias_generations.jsonl,/Users/ryangichuru/Documents/SSD-K/Uni/3rd year/NLP-ready/benchmark/runtime/results_invariance/gpt-oss-20b/study_a_bias_invariance_generations.jsonl
invariance,study_a_bias,gpt-oss-20b,invariance,output_tokens,ok,,150,426.8,509.70666666666665,82.90666666666667,60.5,62.53333333333333,103.32,,/Users/ryangichuru/Documents/SSD-K/Uni/3rd year/NLP-ready/benchmark/runtime/results/gpt-oss-20b/study_a_bias_generations.jsonl,/Users/ryangichuru/Documents/SSD-K/Uni/3rd year/NLP-ready/benchmark/runtime/results_invariance/gpt-oss-20b/study_a_bias_invariance_generations.jsonl
invariance,study_a_bias,gpt-oss-20b,invariance,reasoning_share,ok,,150,0.20135045318679792,0.14691951234868356,-0.05443094083811436,-0.027620531973043566,-0.07415531985267419,-0.03418632505159069,,/Users/ryangichuru/Documents/SSD-K/Uni/3rd year/NLP-ready/benchmark/runtime/results/gpt-oss-20b/study_a_bias_generations.jsonl,/Users/ryangichuru/Documents/SSD-K/Uni/3rd year/NLP-ready/benchmark/runtime/results_invariance/gpt-oss-20b/study_a_bias_invariance_generations.jsonl
invariance,study_a_bias,gpt-oss-20b,invariance,reasoning_marker_present,ok,,150,1.0,1.0,0.0,0.0,0.0,0.0,,/Users/ryangichuru/Documents/SSD-K/Uni/3rd year/NLP-ready/benchmark/runtime/results/gpt-oss-20b/study_a_bias_generations.jsonl,/Users/ryangichuru/Documents/SSD-K/Uni/3rd year/NLP-ready/benchmark/runtime/results_invariance/gpt-oss-20b/study_a_bias_invariance_generations.jsonl
invariance,study_a_bias,gpt-oss-20b,invariance,final_answer_marker_present,ok,,150,0.16666666666666666,0.1,-0.06666666666666667,0.0,-0.14,0.006666666666666667,,/Users/ryangichuru/Documents/SSD-K/Uni/3rd year/NLP-ready/benchmark/runtime/results/gpt-oss-20b/study_a_bias_generations.jsonl,/Users/ryangichuru/Documents/SSD-K/Uni/3rd year/NLP-ready/benchmark/runtime/results_invariance/gpt-oss-20b/study_a_bias_invariance_generations.jsonl
invariance,study_a_bias,gpt-oss-20b,invariance,control_phrase_adherence,ok,,150,1.0,1.0,0.0,0.0,0.0,0.0,,/Users/ryangichuru/Documents/SSD-K/Uni/3rd year/NLP-ready/benchmark/runtime/results/gpt-oss-20b/study_a_bias_generations.jsonl,/Users/ryangichuru/Documents/SSD-K/Uni/3rd year/NLP-ready/benchmark/runtime/results_invariance/gpt-oss-20b/study_a_bias_invariance_generations.jsonl
invariance,study_a_bias,gpt-oss-20b,invariance,meta_discussion_present,ok,,150,0.35333333333333333,0.4066666666666667,0.05333333333333334,0.0,-0.04,0.14666666666666667,,/Users/ryangichuru/Documents/SSD-K/Uni/3rd year/NLP-ready/benchmark/runtime/results/gpt-oss-20b/study_a_bias_generations.jsonl,/Users/ryangichuru/Documents/SSD-K/Uni/3rd year/NLP-ready/benchmark/runtime/results_invariance/gpt-oss-20b/study_a_bias_invariance_generations.jsonl
invariance,study_a_bias,gpt-oss-20b,invariance,reasoning_control_success_proxy,ok,,150,1.0,1.0,0.0,0.0,0.0,0.0,,/Users/ryangichuru/Documents/SSD-K/Uni/3rd year/NLP-ready/benchmark/runtime/results/gpt-oss-20b/study_a_bias_generations.jsonl,/Users/ryangichuru/Documents/SSD-K/Uni/3rd year/NLP-ready/benchmark/runtime/results_invariance/gpt-oss-20b/study_a_bias_invariance_generations.jsonl
invariance,study_a_bias,gpt-oss-20b,invariance,output_control_success_proxy,ok,,150,0.16666666666666666,0.1,-0.06666666666666667,0.0,-0.14666666666666667,0.006666666666666667,,/Users/ryangichuru/Documents/SSD-K/Uni/3rd year/NLP-ready/benchmark/runtime/results/gpt-oss-20b/study_a_bias_generations.jsonl,/Users/ryangichuru/Documents/SSD-K/Uni/3rd year/NLP-ready/benchmark/runtime/results_invariance/gpt-oss-20b/study_a_bias_invariance_generations.jsonl
invariance,study_a_bias,gpt-oss-20b,invariance,control_adherence_without_meta_discussion,ok,,150,0.6466666666666666,0.5933333333333334,-0.05333333333333334,0.0,-0.14666666666666667,0.04666666666666667,,/Users/ryangichuru/Documents/SSD-K/Uni/3rd year/NLP-ready/benchmark/runtime/results/gpt-oss-20b/study_a_bias_generations.jsonl,/Users/ryangichuru/Documents/SSD-K/Uni/3rd year/NLP-ready/benchmark/runtime/results_invariance/gpt-oss-20b/study_a_bias_invariance_generations.jsonl
invariance,study_b,gpt-oss-20b,invariance,visible_reasoning_tokens,ok,,160,7.05,6.46875,-0.58125,0.0,-1.3875,0.19375,,/Users/ryangichuru/Documents/SSD-K/Uni/3rd year/NLP-ready/benchmark/runtime/results/gpt-oss-20b/study_b_generations.jsonl,/Users/ryangichuru/Documents/SSD-K/Uni/3rd year/NLP-ready/benchmark/runtime/results_invariance/gpt-oss-20b/study_b_invariance_generations.jsonl
invariance,study_b,gpt-oss-20b,invariance,output_tokens,ok,,160,660.7375,660.88125,0.14375,-4.0,-26.0,24.29375,,/Users/ryangichuru/Documents/SSD-K/Uni/3rd year/NLP-ready/benchmark/runtime/results/gpt-oss-20b/study_b_generations.jsonl,/Users/ryangichuru/Documents/SSD-K/Uni/3rd year/NLP-ready/benchmark/runtime/results_invariance/gpt-oss-20b/study_b_invariance_generations.jsonl
invariance,study_b,gpt-oss-20b,invariance,reasoning_share,ok,,157,0.011806764008679463,0.010588152976214966,-0.0012186110324644967,-0.0002559154864697484,-0.0025049135467134324,0.00016708493385831646,,/Users/ryangichuru/Documents/SSD-K/Uni/3rd year/NLP-ready/benchmark/runtime/results/gpt-oss-20b/study_b_generations.jsonl,/Users/ryangichuru/Documents/SSD-K/Uni/3rd year/NLP-ready/benchmark/runtime/results_invariance/gpt-oss-20b/study_b_invariance_generations.jsonl
invariance,study_b,gpt-oss-20b,invariance,reasoning_marker_present,ok,,160,0.98125,1.0,0.01875,0.0,0.0,0.04375,,/Users/ryangichuru/Documents/SSD-K/Uni/3rd year/NLP-ready/benchmark/runtime/results/gpt-oss-20b/study_b_generations.jsonl,/Users/ryangichuru/Documents/SSD-K/Uni/3rd year/NLP-ready/benchmark/runtime/results_invariance/gpt-oss-20b/study_b_invariance_generations.jsonl
invariance,study_b,gpt-oss-20b,invariance,final_answer_marker_present,ok,,160,0.0,0.0,0.0,0.0,0.0,0.0,,/Users/ryangichuru/Documents/SSD-K/Uni/3rd year/NLP-ready/benchmark/runtime/results/gpt-oss-20b/study_b_generations.jsonl,/Users/ryangichuru/Documents/SSD-K/Uni/3rd year/NLP-ready/benchmark/runtime/results_invariance/gpt-oss-20b/study_b_invariance_generations.jsonl
invariance,study_b,gpt-oss-20b,invariance,control_phrase_adherence,not_measurable,no_control_prompt_rule,0,,,,,,,,/Users/ryangichuru/Documents/SSD-K/Uni/3rd year/NLP-ready/benchmark/runtime/results/gpt-oss-20b/study_b_generations.jsonl,/Users/ryangichuru/Documents/SSD-K/Uni/3rd year/NLP-ready/benchmark/runtime/results_invariance/gpt-oss-20b/study_b_invariance_generations.jsonl
invariance,study_b,gpt-oss-20b,invariance,meta_discussion_present,ok,,160,0.2875,0.25625,-0.03125,0.0,-0.125,0.0625,,/Users/ryangichuru/Documents/SSD-K/Uni/3rd year/NLP-ready/benchmark/runtime/results/gpt-oss-20b/study_b_generations.jsonl,/Users/ryangichuru/Documents/SSD-K/Uni/3rd year/NLP-ready/benchmark/runtime/results_invariance/gpt-oss-20b/study_b_invariance_generations.jsonl
invariance,study_b,gpt-oss-20b,invariance,reasoning_control_success_proxy,ok,,160,0.98125,1.0,0.01875,0.0,0.0,0.04375,,/Users/ryangichuru/Documents/SSD-K/Uni/3rd year/NLP-ready/benchmark/runtime/results/gpt-oss-20b/study_b_generations.jsonl,/Users/ryangichuru/Documents/SSD-K/Uni/3rd year/NLP-ready/benchmark/runtime/results_invariance/gpt-oss-20b/study_b_invariance_generations.jsonl
invariance,study_b,gpt-oss-20b,invariance,output_control_success_proxy,ok,,160,0.0,0.0,0.0,0.0,0.0,0.0,,/Users/ryangichuru/Documents/SSD-K/Uni/3rd year/NLP-ready/benchmark/runtime/results/gpt-oss-20b/study_b_generations.jsonl,/Users/ryangichuru/Documents/SSD-K/Uni/3rd year/NLP-ready/benchmark/runtime/results_invariance/gpt-oss-20b/study_b_invariance_generations.jsonl
invariance,study_b,gpt-oss-20b,invariance,control_adherence_without_meta_discussion,not_measurable,metric_not_applicable,0,,,,,,,,/Users/ryangichuru/Documents/SSD-K/Uni/3rd year/NLP-ready/benchmark/runtime/results/gpt-oss-20b/study_b_generations.jsonl,/Users/ryangichuru/Documents/SSD-K/Uni/3rd year/NLP-ready/benchmark/runtime/results_invariance/gpt-oss-20b/study_b_invariance_generations.jsonl
invariance,study_b_multi_turn,gpt-oss-20b,invariance,visible_reasoning_tokens,ok,,12,9.083333333333334,10.833333333333334,1.75,1.5,-2.6666666666666665,5.666666666666667,,/Users/ryangichuru/Documents/SSD-K/Uni/3rd year/NLP-ready/benchmark/runtime/results/gpt-oss-20b/study_b_multi_turn_generations.jsonl,/Users/ryangichuru/Documents/SSD-K/Uni/3rd year/NLP-ready/benchmark/runtime/results_invariance/gpt-oss-20b/study_b_multi_turn_invariance_generations.jsonl
invariance,study_b_multi_turn,gpt-oss-20b,invariance,output_tokens,ok,,12,558.9166666666666,559.5,0.5833333333333334,-6.0,-51.916666666666664,53.166666666666664,,/Users/ryangichuru/Documents/SSD-K/Uni/3rd year/NLP-ready/benchmark/runtime/results/gpt-oss-20b/study_b_multi_turn_generations.jsonl,/Users/ryangichuru/Documents/SSD-K/Uni/3rd year/NLP-ready/benchmark/runtime/results_invariance/gpt-oss-20b/study_b_multi_turn_invariance_generations.jsonl
invariance,study_b_multi_turn,gpt-oss-20b,invariance,reasoning_share,ok,,12,0.02134528232539933,0.023070472799180865,0.001725190473781534,-0.004018415376630312,-0.006606925696424536,0.010003636894654382,,/Users/ryangichuru/Documents/SSD-K/Uni/3rd year/NLP-ready/benchmark/runtime/results/gpt-oss-20b/study_b_multi_turn_generations.jsonl,/Users/ryangichuru/Documents/SSD-K/Uni/3rd year/NLP-ready/benchmark/runtime/results_invariance/gpt-oss-20b/study_b_multi_turn_invariance_generations.jsonl
invariance,study_b_multi_turn,gpt-oss-20b,invariance,reasoning_marker_present,ok,,12,1.0,1.0,0.0,0.0,0.0,0.0,,/Users/ryangichuru/Documents/SSD-K/Uni/3rd year/NLP-ready/benchmark/runtime/results/gpt-oss-20b/study_b_multi_turn_generations.jsonl,/Users/ryangichuru/Documents/SSD-K/Uni/3rd year/NLP-ready/benchmark/runtime/results_invariance/gpt-oss-20b/study_b_multi_turn_invariance_generations.jsonl
invariance,study_b_multi_turn,gpt-oss-20b,invariance,final_answer_marker_present,ok,,12,0.0,0.0,0.0,0.0,0.0,0.0,,/Users/ryangichuru/Documents/SSD-K/Uni/3rd year/NLP-ready/benchmark/runtime/results/gpt-oss-20b/study_b_multi_turn_generations.jsonl,/Users/ryangichuru/Documents/SSD-K/Uni/3rd year/NLP-ready/benchmark/runtime/results_invariance/gpt-oss-20b/study_b_multi_turn_invariance_generations.jsonl
invariance,study_b_multi_turn,gpt-oss-20b,invariance,control_phrase_adherence,not_measurable,no_control_prompt_rule,0,,,,,,,,/Users/ryangichuru/Documents/SSD-K/Uni/3rd year/NLP-ready/benchmark/runtime/results/gpt-oss-20b/study_b_multi_turn_generations.jsonl,/Users/ryangichuru/Documents/SSD-K/Uni/3rd year/NLP-ready/benchmark/runtime/results_invariance/gpt-oss-20b/study_b_multi_turn_invariance_generations.jsonl
invariance,study_b_multi_turn,gpt-oss-20b,invariance,meta_discussion_present,ok,,12,0.08333333333333333,0.16666666666666666,0.08333333333333333,0.0,-0.16666666666666666,0.3333333333333333,,/Users/ryangichuru/Documents/SSD-K/Uni/3rd year/NLP-ready/benchmark/runtime/results/gpt-oss-20b/study_b_multi_turn_generations.jsonl,/Users/ryangichuru/Documents/SSD-K/Uni/3rd year/NLP-ready/benchmark/runtime/results_invariance/gpt-oss-20b/study_b_multi_turn_invariance_generations.jsonl
invariance,study_b_multi_turn,gpt-oss-20b,invariance,reasoning_control_success_proxy,ok,,12,1.0,1.0,0.0,0.0,0.0,0.0,,/Users/ryangichuru/Documents/SSD-K/Uni/3rd year/NLP-ready/benchmark/runtime/results/gpt-oss-20b/study_b_multi_turn_generations.jsonl,/Users/ryangichuru/Documents/SSD-K/Uni/3rd year/NLP-ready/benchmark/runtime/results_invariance/gpt-oss-20b/study_b_multi_turn_invariance_generations.jsonl
invariance,study_b_multi_turn,gpt-oss-20b,invariance,output_control_success_proxy,ok,,12,0.0,0.0,0.0,0.0,0.0,0.0,,/Users/ryangichuru/Documents/SSD-K/Uni/3rd year/NLP-ready/benchmark/runtime/results/gpt-oss-20b/study_b_multi_turn_generations.jsonl,/Users/ryangichuru/Documents/SSD-K/Uni/3rd year/NLP-ready/benchmark/runtime/results_invariance/gpt-oss-20b/study_b_multi_turn_invariance_generations.jsonl
invariance,study_b_multi_turn,gpt-oss-20b,invariance,control_adherence_without_meta_discussion,not_measurable,metric_not_applicable,0,,,,,,,,/Users/ryangichuru/Documents/SSD-K/Uni/3rd year/NLP-ready/benchmark/runtime/results/gpt-oss-20b/study_b_multi_turn_generations.jsonl,/Users/ryangichuru/Documents/SSD-K/Uni/3rd year/NLP-ready/benchmark/runtime/results_invariance/gpt-oss-20b/study_b_multi_turn_invariance_generations.jsonl
invariance,study_c,gpt-oss-20b,invariance,visible_reasoning_tokens,ok,,2,7.5,8.5,1.0,1.0,-1.0,3.0,,/Users/ryangichuru/Documents/SSD-K/Uni/3rd year/NLP-ready/benchmark/runtime/results/gpt-oss-20b/study_c_generations.jsonl,/Users/ryangichuru/Documents/SSD-K/Uni/3rd year/NLP-ready/benchmark/runtime/results_invariance/gpt-oss-20b/study_c_invariance_generations.jsonl
invariance,study_c,gpt-oss-20b,invariance,output_tokens,ok,,2,736.5,767.5,31.0,31.0,-1.0,63.0,,/Users/ryangichuru/Documents/SSD-K/Uni/3rd year/NLP-ready/benchmark/runtime/results/gpt-oss-20b/study_c_generations.jsonl,/Users/ryangichuru/Documents/SSD-K/Uni/3rd year/NLP-ready/benchmark/runtime/results_invariance/gpt-oss-20b/study_c_invariance_generations.jsonl
invariance,study_c,gpt-oss-20b,invariance,reasoning_share,ok,,2,0.01045425501660197,0.011068594729854987,0.0006143397132530163,0.0006143397132530163,-0.0026928758514239842,0.003921555277930017,,/Users/ryangichuru/Documents/SSD-K/Uni/3rd year/NLP-ready/benchmark/runtime/results/gpt-oss-20b/study_c_generations.jsonl,/Users/ryangichuru/Documents/SSD-K/Uni/3rd year/NLP-ready/benchmark/runtime/results_invariance/gpt-oss-20b/study_c_invariance_generations.jsonl
invariance,study_c,gpt-oss-20b,invariance,reasoning_marker_present,ok,,2,1.0,1.0,0.0,0.0,0.0,0.0,,/Users/ryangichuru/Documents/SSD-K/Uni/3rd year/NLP-ready/benchmark/runtime/results/gpt-oss-20b/study_c_generations.jsonl,/Users/ryangichuru/Documents/SSD-K/Uni/3rd year/NLP-ready/benchmark/runtime/results_invariance/gpt-oss-20b/study_c_invariance_generations.jsonl
invariance,study_c,gpt-oss-20b,invariance,final_answer_marker_present,ok,,2,0.0,0.0,0.0,0.0,0.0,0.0,,/Users/ryangichuru/Documents/SSD-K/Uni/3rd year/NLP-ready/benchmark/runtime/results/gpt-oss-20b/study_c_generations.jsonl,/Users/ryangichuru/Documents/SSD-K/Uni/3rd year/NLP-ready/benchmark/runtime/results_invariance/gpt-oss-20b/study_c_invariance_generations.jsonl
invariance,study_c,gpt-oss-20b,invariance,control_phrase_adherence,not_measurable,no_control_prompt_rule,0,,,,,,,,/Users/ryangichuru/Documents/SSD-K/Uni/3rd year/NLP-ready/benchmark/runtime/results/gpt-oss-20b/study_c_generations.jsonl,/Users/ryangichuru/Documents/SSD-K/Uni/3rd year/NLP-ready/benchmark/runtime/results_invariance/gpt-oss-20b/study_c_invariance_generations.jsonl
invariance,study_c,gpt-oss-20b,invariance,meta_discussion_present,ok,,2,0.5,0.5,0.0,0.0,0.0,0.0,,/Users/ryangichuru/Documents/SSD-K/Uni/3rd year/NLP-ready/benchmark/runtime/results/gpt-oss-20b/study_c_generations.jsonl,/Users/ryangichuru/Documents/SSD-K/Uni/3rd year/NLP-ready/benchmark/runtime/results_invariance/gpt-oss-20b/study_c_invariance_generations.jsonl
invariance,study_c,gpt-oss-20b,invariance,reasoning_control_success_proxy,ok,,2,1.0,1.0,0.0,0.0,0.0,0.0,,/Users/ryangichuru/Documents/SSD-K/Uni/3rd year/NLP-ready/benchmark/runtime/results/gpt-oss-20b/study_c_generations.jsonl,/Users/ryangichuru/Documents/SSD-K/Uni/3rd year/NLP-ready/benchmark/runtime/results_invariance/gpt-oss-20b/study_c_invariance_generations.jsonl
invariance,study_c,gpt-oss-20b,invariance,output_control_success_proxy,ok,,2,0.0,0.0,0.0,0.0,0.0,0.0,,/Users/ryangichuru/Documents/SSD-K/Uni/3rd year/NLP-ready/benchmark/runtime/results/gpt-oss-20b/study_c_generations.jsonl,/Users/ryangichuru/Documents/SSD-K/Uni/3rd year/NLP-ready/benchmark/runtime/results_invariance/gpt-oss-20b/study_c_invariance_generations.jsonl
invariance,study_c,gpt-oss-20b,invariance,control_adherence_without_meta_discussion,not_measurable,metric_not_applicable,0,,,,,,,,/Users/ryangichuru/Documents/SSD-K/Uni/3rd year/NLP-ready/benchmark/runtime/results/gpt-oss-20b/study_c_generations.jsonl,/Users/ryangichuru/Documents/SSD-K/Uni/3rd year/NLP-ready/benchmark/runtime/results_invariance/gpt-oss-20b/study_c_invariance_generations.jsonl
invariance,study_a,psyche-r1-local,invariance,visible_reasoning_tokens,ok,,150,0.98,27.126666666666665,26.14666666666667,0.0,20.213333333333335,32.11333333333334,,/Users/ryangichuru/Documents/SSD-K/Uni/3rd year/NLP-ready/benchmark/runtime/results/psyche-r1-local/study_a_generations.jsonl,/Users/ryangichuru/Documents/SSD-K/Uni/3rd year/NLP-ready/benchmark/runtime/results_invariance/psyche-r1-local/study_a_invariance_generations.jsonl
invariance,study_a,psyche-r1-local,invariance,output_tokens,ok,,150,9.646666666666667,239.07333333333332,229.42666666666668,231.0,215.41333333333333,244.1,,/Users/ryangichuru/Documents/SSD-K/Uni/3rd year/NLP-ready/benchmark/runtime/results/psyche-r1-local/study_a_generations.jsonl,/Users/ryangichuru/Documents/SSD-K/Uni/3rd year/NLP-ready/benchmark/runtime/results_invariance/psyche-r1-local/study_a_invariance_generations.jsonl
invariance,study_a,psyche-r1-local,invariance,reasoning_share,ok,,150,0.005650937297996122,0.11874965986931692,0.1130987225713208,0.0,0.08752476442486214,0.13885862061004417,,/Users/ryangichuru/Documents/SSD-K/Uni/3rd year/NLP-ready/benchmark/runtime/results/psyche-r1-local/study_a_generations.jsonl,/Users/ryangichuru/Documents/SSD-K/Uni/3rd year/NLP-ready/benchmark/runtime/results_invariance/psyche-r1-local/study_a_invariance_generations.jsonl
invariance,study_a,psyche-r1-local,invariance,reasoning_marker_present,ok,,150,0.013333333333333334,0.4,0.38666666666666666,0.0,0.30666666666666664,0.4666666666666667,,/Users/ryangichuru/Documents/SSD-K/Uni/3rd year/NLP-ready/benchmark/runtime/results/psyche-r1-local/study_a_generations.jsonl,/Users/ryangichuru/Documents/SSD-K/Uni/3rd year/NLP-ready/benchmark/runtime/results_invariance/psyche-r1-local/study_a_invariance_generations.jsonl
invariance,study_a,psyche-r1-local,invariance,final_answer_marker_present,ok,,150,0.02,0.86,0.84,1.0,0.78,0.8933333333333333,,/Users/ryangichuru/Documents/SSD-K/Uni/3rd year/NLP-ready/benchmark/runtime/results/psyche-r1-local/study_a_generations.jsonl,/Users/ryangichuru/Documents/SSD-K/Uni/3rd year/NLP-ready/benchmark/runtime/results_invariance/psyche-r1-local/study_a_invariance_generations.jsonl
invariance,study_a,psyche-r1-local,invariance,control_phrase_adherence,not_measurable,no_control_prompt_rule,0,,,,,,,,/Users/ryangichuru/Documents/SSD-K/Uni/3rd year/NLP-ready/benchmark/runtime/results/psyche-r1-local/study_a_generations.jsonl,/Users/ryangichuru/Documents/SSD-K/Uni/3rd year/NLP-ready/benchmark/runtime/results_invariance/psyche-r1-local/study_a_invariance_generations.jsonl
invariance,study_a,psyche-r1-local,invariance,meta_discussion_present,ok,,150,0.0,0.3333333333333333,0.3333333333333333,0.0,0.26,0.4066666666666667,,/Users/ryangichuru/Documents/SSD-K/Uni/3rd year/NLP-ready/benchmark/runtime/results/psyche-r1-local/study_a_generations.jsonl,/Users/ryangichuru/Documents/SSD-K/Uni/3rd year/NLP-ready/benchmark/runtime/results_invariance/psyche-r1-local/study_a_invariance_generations.jsonl
invariance,study_a,psyche-r1-local,invariance,reasoning_control_success_proxy,ok,,150,0.013333333333333334,0.4,0.38666666666666666,0.0,0.31333333333333335,0.4666666666666667,,/Users/ryangichuru/Documents/SSD-K/Uni/3rd year/NLP-ready/benchmark/runtime/results/psyche-r1-local/study_a_generations.jsonl,/Users/ryangichuru/Documents/SSD-K/Uni/3rd year/NLP-ready/benchmark/runtime/results_invariance/psyche-r1-local/study_a_invariance_generations.jsonl
invariance,study_a,psyche-r1-local,invariance,output_control_success_proxy,ok,,150,0.02,0.86,0.84,1.0,0.78,0.9,,/Users/ryangichuru/Documents/SSD-K/Uni/3rd year/NLP-ready/benchmark/runtime/results/psyche-r1-local/study_a_generations.jsonl,/Users/ryangichuru/Documents/SSD-K/Uni/3rd year/NLP-ready/benchmark/runtime/results_invariance/psyche-r1-local/study_a_invariance_generations.jsonl
invariance,study_a,psyche-r1-local,invariance,control_adherence_without_meta_discussion,not_measurable,metric_not_applicable,0,,,,,,,,/Users/ryangichuru/Documents/SSD-K/Uni/3rd year/NLP-ready/benchmark/runtime/results/psyche-r1-local/study_a_generations.jsonl,/Users/ryangichuru/Documents/SSD-K/Uni/3rd year/NLP-ready/benchmark/runtime/results_invariance/psyche-r1-local/study_a_invariance_generations.jsonl
invariance,study_a_bias,psyche-r1-local,invariance,visible_reasoning_tokens,ok,,150,31.573333333333334,42.653333333333336,11.08,0.0,-1.8866666666666667,24.453333333333333,,/Users/ryangichuru/Documents/SSD-K/Uni/3rd year/NLP-ready/benchmark/runtime/results/psyche-r1-local/study_a_bias_generations.jsonl,/Users/ryangichuru/Documents/SSD-K/Uni/3rd year/NLP-ready/benchmark/runtime/results_invariance/psyche-r1-local/study_a_bias_invariance_generations.jsonl
invariance,study_a_bias,psyche-r1-local,invariance,output_tokens,ok,,150,333.2266666666667,315.62666666666667,-17.6,-20.0,-32.42,-2.7333333333333334,,/Users/ryangichuru/Documents/SSD-K/Uni/3rd year/NLP-ready/benchmark/runtime/results/psyche-r1-local/study_a_bias_generations.jsonl,/Users/ryangichuru/Documents/SSD-K/Uni/3rd year/NLP-ready/benchmark/runtime/results_invariance/psyche-r1-local/study_a_bias_invariance_generations.jsonl
invariance,study_a_bias,psyche-r1-local,invariance,reasoning_share,ok,,150,0.10120777891791446,0.1479427949398987,0.046735016021984224,0.0,0.0042987908630987325,0.0860705671652813,,/Users/ryangichuru/Documents/SSD-K/Uni/3rd year/NLP-ready/benchmark/runtime/results/psyche-r1-local/study_a_bias_generations.jsonl,/Users/ryangichuru/Documents/SSD-K/Uni/3rd year/NLP-ready/benchmark/runtime/results_invariance/psyche-r1-local/study_a_bias_invariance_generations.jsonl
invariance,study_a_bias,psyche-r1-local,invariance,reasoning_marker_present,ok,,150,0.34,0.44666666666666666,0.10666666666666667,0.0,-0.006666666666666667,0.22666666666666666,,/Users/ryangichuru/Documents/SSD-K/Uni/3rd year/NLP-ready/benchmark/runtime/results/psyche-r1-local/study_a_bias_generations.jsonl,/Users/ryangichuru/Documents/SSD-K/Uni/3rd year/NLP-ready/benchmark/runtime/results_invariance/psyche-r1-local/study_a_bias_invariance_generations.jsonl
invariance,study_a_bias,psyche-r1-local,invariance,final_answer_marker_present,ok,,150,0.46,0.5266666666666666,0.06666666666666667,0.0,-0.06,0.18,,/Users/ryangichuru/Documents/SSD-K/Uni/3rd year/NLP-ready/benchmark/runtime/results/psyche-r1-local/study_a_bias_generations.jsonl,/Users/ryangichuru/Documents/SSD-K/Uni/3rd year/NLP-ready/benchmark/runtime/results_invariance/psyche-r1-local/study_a_bias_invariance_generations.jsonl
invariance,study_a_bias,psyche-r1-local,invariance,control_phrase_adherence,ok,,150,0.34,0.44666666666666666,0.10666666666666667,0.0,-0.006666666666666667,0.21333333333333335,,/Users/ryangichuru/Documents/SSD-K/Uni/3rd year/NLP-ready/benchmark/runtime/results/psyche-r1-local/study_a_bias_generations.jsonl,/Users/ryangichuru/Documents/SSD-K/Uni/3rd year/NLP-ready/benchmark/runtime/results_invariance/psyche-r1-local/study_a_bias_invariance_generations.jsonl
invariance,study_a_bias,psyche-r1-local,invariance,meta_discussion_present,ok,,150,0.4066666666666667,0.31333333333333335,-0.09333333333333334,0.0,-0.2,0.006666666666666667,,/Users/ryangichuru/Documents/SSD-K/Uni/3rd year/NLP-ready/benchmark/runtime/results/psyche-r1-local/study_a_bias_generations.jsonl,/Users/ryangichuru/Documents/SSD-K/Uni/3rd year/NLP-ready/benchmark/runtime/results_invariance/psyche-r1-local/study_a_bias_invariance_generations.jsonl
invariance,study_a_bias,psyche-r1-local,invariance,reasoning_control_success_proxy,ok,,150,0.34,0.44666666666666666,0.10666666666666667,0.0,-0.006666666666666667,0.21333333333333335,,/Users/ryangichuru/Documents/SSD-K/Uni/3rd year/NLP-ready/benchmark/runtime/results/psyche-r1-local/study_a_bias_generations.jsonl,/Users/ryangichuru/Documents/SSD-K/Uni/3rd year/NLP-ready/benchmark/runtime/results_invariance/psyche-r1-local/study_a_bias_invariance_generations.jsonl
invariance,study_a_bias,psyche-r1-local,invariance,output_control_success_proxy,ok,,150,0.46,0.5266666666666666,0.06666666666666667,0.0,-0.06,0.18,,/Users/ryangichuru/Documents/SSD-K/Uni/3rd year/NLP-ready/benchmark/runtime/results/psyche-r1-local/study_a_bias_generations.jsonl,/Users/ryangichuru/Documents/SSD-K/Uni/3rd year/NLP-ready/benchmark/runtime/results_invariance/psyche-r1-local/study_a_bias_invariance_generations.jsonl
invariance,study_a_bias,psyche-r1-local,invariance,control_adherence_without_meta_discussion,ok,,150,0.24,0.31333333333333335,0.07333333333333333,0.0,-0.02666666666666667,0.17333333333333334,,/Users/ryangichuru/Documents/SSD-K/Uni/3rd year/NLP-ready/benchmark/runtime/results/psyche-r1-local/study_a_bias_generations.jsonl,/Users/ryangichuru/Documents/SSD-K/Uni/3rd year/NLP-ready/benchmark/runtime/results_invariance/psyche-r1-local/study_a_bias_invariance_generations.jsonl
invariance,study_b,psyche-r1-local,invariance,visible_reasoning_tokens,not_measurable,no_visible_reasoning,0,,,,,,,,/Users/ryangichuru/Documents/SSD-K/Uni/3rd year/NLP-ready/benchmark/runtime/results/psyche-r1-local/study_b_generations.jsonl,/Users/ryangichuru/Documents/SSD-K/Uni/3rd year/NLP-ready/benchmark/runtime/results_invariance/psyche-r1-local/study_b_invariance_generations.jsonl
invariance,study_b,psyche-r1-local,invariance,output_tokens,ok,,160,315.1,277.74375,-37.35625,-30.0,-65.6,-10.5875,,/Users/ryangichuru/Documents/SSD-K/Uni/3rd year/NLP-ready/benchmark/runtime/results/psyche-r1-local/study_b_generations.jsonl,/Users/ryangichuru/Documents/SSD-K/Uni/3rd year/NLP-ready/benchmark/runtime/results_invariance/psyche-r1-local/study_b_invariance_generations.jsonl
invariance,study_b,psyche-r1-local,invariance,reasoning_share,not_measurable,no_visible_reasoning,0,,,,,,,,/Users/ryangichuru/Documents/SSD-K/Uni/3rd year/NLP-ready/benchmark/runtime/results/psyche-r1-local/study_b_generations.jsonl,/Users/ryangichuru/Documents/SSD-K/Uni/3rd year/NLP-ready/benchmark/runtime/results_invariance/psyche-r1-local/study_b_invariance_generations.jsonl
invariance,study_b,psyche-r1-local,invariance,reasoning_marker_present,not_measurable,no_visible_reasoning,0,,,,,,,,/Users/ryangichuru/Documents/SSD-K/Uni/3rd year/NLP-ready/benchmark/runtime/results/psyche-r1-local/study_b_generations.jsonl,/Users/ryangichuru/Documents/SSD-K/Uni/3rd year/NLP-ready/benchmark/runtime/results_invariance/psyche-r1-local/study_b_invariance_generations.jsonl
invariance,study_b,psyche-r1-local,invariance,final_answer_marker_present,ok,,160,0.01875,0.0,-0.01875,0.0,-0.04375,0.0,,/Users/ryangichuru/Documents/SSD-K/Uni/3rd year/NLP-ready/benchmark/runtime/results/psyche-r1-local/study_b_generations.jsonl,/Users/ryangichuru/Documents/SSD-K/Uni/3rd year/NLP-ready/benchmark/runtime/results_invariance/psyche-r1-local/study_b_invariance_generations.jsonl
invariance,study_b,psyche-r1-local,invariance,control_phrase_adherence,not_measurable,no_control_prompt_rule,0,,,,,,,,/Users/ryangichuru/Documents/SSD-K/Uni/3rd year/NLP-ready/benchmark/runtime/results/psyche-r1-local/study_b_generations.jsonl,/Users/ryangichuru/Documents/SSD-K/Uni/3rd year/NLP-ready/benchmark/runtime/results_invariance/psyche-r1-local/study_b_invariance_generations.jsonl
invariance,study_b,psyche-r1-local,invariance,meta_discussion_present,ok,,160,0.40625,0.15,-0.25625,0.0,-0.3625,-0.15,,/Users/ryangichuru/Documents/SSD-K/Uni/3rd year/NLP-ready/benchmark/runtime/results/psyche-r1-local/study_b_generations.jsonl,/Users/ryangichuru/Documents/SSD-K/Uni/3rd year/NLP-ready/benchmark/runtime/results_invariance/psyche-r1-local/study_b_invariance_generations.jsonl
invariance,study_b,psyche-r1-local,invariance,reasoning_control_success_proxy,ok,,160,0.0,0.0,0.0,0.0,0.0,0.0,,/Users/ryangichuru/Documents/SSD-K/Uni/3rd year/NLP-ready/benchmark/runtime/results/psyche-r1-local/study_b_generations.jsonl,/Users/ryangichuru/Documents/SSD-K/Uni/3rd year/NLP-ready/benchmark/runtime/results_invariance/psyche-r1-local/study_b_invariance_generations.jsonl
invariance,study_b,psyche-r1-local,invariance,output_control_success_proxy,ok,,160,0.01875,0.0,-0.01875,0.0,-0.04375,0.0,,/Users/ryangichuru/Documents/SSD-K/Uni/3rd year/NLP-ready/benchmark/runtime/results/psyche-r1-local/study_b_generations.jsonl,/Users/ryangichuru/Documents/SSD-K/Uni/3rd year/NLP-ready/benchmark/runtime/results_invariance/psyche-r1-local/study_b_invariance_generations.jsonl
invariance,study_b,psyche-r1-local,invariance,control_adherence_without_meta_discussion,not_measurable,metric_not_applicable,0,,,,,,,,/Users/ryangichuru/Documents/SSD-K/Uni/3rd year/NLP-ready/benchmark/runtime/results/psyche-r1-local/study_b_generations.jsonl,/Users/ryangichuru/Documents/SSD-K/Uni/3rd year/NLP-ready/benchmark/runtime/results_invariance/psyche-r1-local/study_b_invariance_generations.jsonl
invariance,study_b_multi_turn,psyche-r1-local,invariance,visible_reasoning_tokens,missing_cache,missing_cache,0,,,,,,,,/Users/ryangichuru/Documents/SSD-K/Uni/3rd year/NLP-ready/benchmark/runtime/results/psyche-r1-local/study_b_multi_turn_generations.jsonl,
invariance,study_b_multi_turn,psyche-r1-local,invariance,output_tokens,missing_cache,missing_cache,0,,,,,,,,/Users/ryangichuru/Documents/SSD-K/Uni/3rd year/NLP-ready/benchmark/runtime/results/psyche-r1-local/study_b_multi_turn_generations.jsonl,
invariance,study_b_multi_turn,psyche-r1-local,invariance,reasoning_share,missing_cache,missing_cache,0,,,,,,,,/Users/ryangichuru/Documents/SSD-K/Uni/3rd year/NLP-ready/benchmark/runtime/results/psyche-r1-local/study_b_multi_turn_generations.jsonl,
invariance,study_b_multi_turn,psyche-r1-local,invariance,reasoning_marker_present,missing_cache,missing_cache,0,,,,,,,,/Users/ryangichuru/Documents/SSD-K/Uni/3rd year/NLP-ready/benchmark/runtime/results/psyche-r1-local/study_b_multi_turn_generations.jsonl,
invariance,study_b_multi_turn,psyche-r1-local,invariance,final_answer_marker_present,missing_cache,missing_cache,0,,,,,,,,/Users/ryangichuru/Documents/SSD-K/Uni/3rd year/NLP-ready/benchmark/runtime/results/psyche-r1-local/study_b_multi_turn_generations.jsonl,
invariance,study_b_multi_turn,psyche-r1-local,invariance,control_phrase_adherence,missing_cache,missing_cache,0,,,,,,,,/Users/ryangichuru/Documents/SSD-K/Uni/3rd year/NLP-ready/benchmark/runtime/results/psyche-r1-local/study_b_multi_turn_generations.jsonl,
invariance,study_b_multi_turn,psyche-r1-local,invariance,meta_discussion_present,missing_cache,missing_cache,0,,,,,,,,/Users/ryangichuru/Documents/SSD-K/Uni/3rd year/NLP-ready/benchmark/runtime/results/psyche-r1-local/study_b_multi_turn_generations.jsonl,
invariance,study_b_multi_turn,psyche-r1-local,invariance,reasoning_control_success_proxy,missing_cache,missing_cache,0,,,,,,,,/Users/ryangichuru/Documents/SSD-K/Uni/3rd year/NLP-ready/benchmark/runtime/results/psyche-r1-local/study_b_multi_turn_generations.jsonl,
invariance,study_b_multi_turn,psyche-r1-local,invariance,output_control_success_proxy,missing_cache,missing_cache,0,,,,,,,,/Users/ryangichuru/Documents/SSD-K/Uni/3rd year/NLP-ready/benchmark/runtime/results/psyche-r1-local/study_b_multi_turn_generations.jsonl,
invariance,study_b_multi_turn,psyche-r1-local,invariance,control_adherence_without_meta_discussion,missing_cache,missing_cache,0,,,,,,,,/Users/ryangichuru/Documents/SSD-K/Uni/3rd year/NLP-ready/benchmark/runtime/results/psyche-r1-local/study_b_multi_turn_generations.jsonl,
invariance,study_c,psyche-r1-local,invariance,visible_reasoning_tokens,missing_cache,missing_cache,0,,,,,,,,/Users/ryangichuru/Documents/SSD-K/Uni/3rd year/NLP-ready/benchmark/runtime/results/psyche-r1-local/study_c_generations.jsonl,
invariance,study_c,psyche-r1-local,invariance,output_tokens,missing_cache,missing_cache,0,,,,,,,,/Users/ryangichuru/Documents/SSD-K/Uni/3rd year/NLP-ready/benchmark/runtime/results/psyche-r1-local/study_c_generations.jsonl,
invariance,study_c,psyche-r1-local,invariance,reasoning_share,missing_cache,missing_cache,0,,,,,,,,/Users/ryangichuru/Documents/SSD-K/Uni/3rd year/NLP-ready/benchmark/runtime/results/psyche-r1-local/study_c_generations.jsonl,
invariance,study_c,psyche-r1-local,invariance,reasoning_marker_present,missing_cache,missing_cache,0,,,,,,,,/Users/ryangichuru/Documents/SSD-K/Uni/3rd year/NLP-ready/benchmark/runtime/results/psyche-r1-local/study_c_generations.jsonl,
invariance,study_c,psyche-r1-local,invariance,final_answer_marker_present,missing_cache,missing_cache,0,,,,,,,,/Users/ryangichuru/Documents/SSD-K/Uni/3rd year/NLP-ready/benchmark/runtime/results/psyche-r1-local/study_c_generations.jsonl,
invariance,study_c,psyche-r1-local,invariance,control_phrase_adherence,missing_cache,missing_cache,0,,,,,,,,/Users/ryangichuru/Documents/SSD-K/Uni/3rd year/NLP-ready/benchmark/runtime/results/psyche-r1-local/study_c_generations.jsonl,
invariance,study_c,psyche-r1-local,invariance,meta_discussion_present,missing_cache,missing_cache,0,,,,,,,,/Users/ryangichuru/Documents/SSD-K/Uni/3rd year/NLP-ready/benchmark/runtime/results/psyche-r1-local/study_c_generations.jsonl,
invariance,study_c,psyche-r1-local,invariance,reasoning_control_success_proxy,missing_cache,missing_cache,0,,,,,,,,/Users/ryangichuru/Documents/SSD-K/Uni/3rd year/NLP-ready/benchmark/runtime/results/psyche-r1-local/study_c_generations.jsonl,
invariance,study_c,psyche-r1-local,invariance,output_control_success_proxy,missing_cache,missing_cache,0,,,,,,,,/Users/ryangichuru/Documents/SSD-K/Uni/3rd year/NLP-ready/benchmark/runtime/results/psyche-r1-local/study_c_generations.jsonl,
invariance,study_c,psyche-r1-local,invariance,control_adherence_without_meta_discussion,missing_cache,missing_cache,0,,,,,,,,/Users/ryangichuru/Documents/SSD-K/Uni/3rd year/NLP-ready/benchmark/runtime/results/psyche-r1-local/study_c_generations.jsonl,
invariance,study_a,psyllm-lmstudio,invariance,visible_reasoning_tokens,ok,,150,296.62666666666667,286.4533333333333,-10.173333333333334,-9.5,-24.046666666666667,3.2333333333333334,,/Users/ryangichuru/Documents/SSD-K/Uni/3rd year/NLP-ready/benchmark/runtime/results/psyllm-lmstudio/study_a_generations.jsonl,/Users/ryangichuru/Documents/SSD-K/Uni/3rd year/NLP-ready/benchmark/runtime/results_invariance/psyllm-lmstudio/study_a_invariance_generations.jsonl
invariance,study_a,psyllm-lmstudio,invariance,output_tokens,ok,,150,396.76,364.42,-32.34,-39.5,-47.333333333333336,-18.013333333333332,,/Users/ryangichuru/Documents/SSD-K/Uni/3rd year/NLP-ready/benchmark/runtime/results/psyllm-lmstudio/study_a_generations.jsonl,/Users/ryangichuru/Documents/SSD-K/Uni/3rd year/NLP-ready/benchmark/runtime/results_invariance/psyllm-lmstudio/study_a_invariance_generations.jsonl
invariance,study_a,psyllm-lmstudio,invariance,reasoning_share,ok,,150,0.7419314032020277,0.787044618264365,0.045113215062337376,0.028808808759357096,0.02758788100834249,0.06226343543394744,,/Users/ryangichuru/Documents/SSD-K/Uni/3rd year/NLP-ready/benchmark/runtime/results/psyllm-lmstudio/study_a_generations.jsonl,/Users/ryangichuru/Documents/SSD-K/Uni/3rd year/NLP-ready/benchmark/runtime/results_invariance/psyllm-lmstudio/study_a_invariance_generations.jsonl
invariance,study_a,psyllm-lmstudio,invariance,reasoning_marker_present,ok,,150,1.0,1.0,0.0,0.0,0.0,0.0,,/Users/ryangichuru/Documents/SSD-K/Uni/3rd year/NLP-ready/benchmark/runtime/results/psyllm-lmstudio/study_a_generations.jsonl,/Users/ryangichuru/Documents/SSD-K/Uni/3rd year/NLP-ready/benchmark/runtime/results_invariance/psyllm-lmstudio/study_a_invariance_generations.jsonl
invariance,study_a,psyllm-lmstudio,invariance,final_answer_marker_present,ok,,150,0.0,0.0,0.0,0.0,0.0,0.0,,/Users/ryangichuru/Documents/SSD-K/Uni/3rd year/NLP-ready/benchmark/runtime/results/psyllm-lmstudio/study_a_generations.jsonl,/Users/ryangichuru/Documents/SSD-K/Uni/3rd year/NLP-ready/benchmark/runtime/results_invariance/psyllm-lmstudio/study_a_invariance_generations.jsonl
invariance,study_a,psyllm-lmstudio,invariance,control_phrase_adherence,not_measurable,no_control_prompt_rule,0,,,,,,,,/Users/ryangichuru/Documents/SSD-K/Uni/3rd year/NLP-ready/benchmark/runtime/results/psyllm-lmstudio/study_a_generations.jsonl,/Users/ryangichuru/Documents/SSD-K/Uni/3rd year/NLP-ready/benchmark/runtime/results_invariance/psyllm-lmstudio/study_a_invariance_generations.jsonl
invariance,study_a,psyllm-lmstudio,invariance,meta_discussion_present,ok,,150,0.4266666666666667,0.38666666666666666,-0.04,0.0,-0.14,0.06,,/Users/ryangichuru/Documents/SSD-K/Uni/3rd year/NLP-ready/benchmark/runtime/results/psyllm-lmstudio/study_a_generations.jsonl,/Users/ryangichuru/Documents/SSD-K/Uni/3rd year/NLP-ready/benchmark/runtime/results_invariance/psyllm-lmstudio/study_a_invariance_generations.jsonl
invariance,study_a,psyllm-lmstudio,invariance,reasoning_control_success_proxy,ok,,150,1.0,1.0,0.0,0.0,0.0,0.0,,/Users/ryangichuru/Documents/SSD-K/Uni/3rd year/NLP-ready/benchmark/runtime/results/psyllm-lmstudio/study_a_generations.jsonl,/Users/ryangichuru/Documents/SSD-K/Uni/3rd year/NLP-ready/benchmark/runtime/results_invariance/psyllm-lmstudio/study_a_invariance_generations.jsonl
invariance,study_a,psyllm-lmstudio,invariance,output_control_success_proxy,ok,,150,0.0,0.0,0.0,0.0,0.0,0.0,,/Users/ryangichuru/Documents/SSD-K/Uni/3rd year/NLP-ready/benchmark/runtime/results/psyllm-lmstudio/study_a_generations.jsonl,/Users/ryangichuru/Documents/SSD-K/Uni/3rd year/NLP-ready/benchmark/runtime/results_invariance/psyllm-lmstudio/study_a_invariance_generations.jsonl
invariance,study_a,psyllm-lmstudio,invariance,control_adherence_without_meta_discussion,not_measurable,metric_not_applicable,0,,,,,,,,/Users/ryangichuru/Documents/SSD-K/Uni/3rd year/NLP-ready/benchmark/runtime/results/psyllm-lmstudio/study_a_generations.jsonl,/Users/ryangichuru/Documents/SSD-K/Uni/3rd year/NLP-ready/benchmark/runtime/results_invariance/psyllm-lmstudio/study_a_invariance_generations.jsonl
invariance,study_a_bias,psyllm-lmstudio,invariance,visible_reasoning_tokens,ok,,150,446.55333333333334,453.61333333333334,7.06,-13.0,-32.986666666666665,48.89333333333333,,/Users/ryangichuru/Documents/SSD-K/Uni/3rd year/NLP-ready/benchmark/runtime/results/psyllm-lmstudio/study_a_bias_generations.jsonl,/Users/ryangichuru/Documents/SSD-K/Uni/3rd year/NLP-ready/benchmark/runtime/results_invariance/psyllm-lmstudio/study_a_bias_invariance_generations.jsonl
invariance,study_a_bias,psyllm-lmstudio,invariance,output_tokens,ok,,150,551.46,563.2333333333333,11.773333333333333,-16.5,-28.953333333333333,53.75333333333333,,/Users/ryangichuru/Documents/SSD-K/Uni/3rd year/NLP-ready/benchmark/runtime/results/psyllm-lmstudio/study_a_bias_generations.jsonl,/Users/ryangichuru/Documents/SSD-K/Uni/3rd year/NLP-ready/benchmark/runtime/results_invariance/psyllm-lmstudio/study_a_bias_invariance_generations.jsonl
invariance,study_a_bias,psyllm-lmstudio,invariance,reasoning_share,ok,,150,0.79712029343552,0.7862261897706476,-0.010894103664872307,-0.0057268081901800105,-0.03721800393711869,0.017703333069634213,,/Users/ryangichuru/Documents/SSD-K/Uni/3rd year/NLP-ready/benchmark/runtime/results/psyllm-lmstudio/study_a_bias_generations.jsonl,/Users/ryangichuru/Documents/SSD-K/Uni/3rd year/NLP-ready/benchmark/runtime/results_invariance/psyllm-lmstudio/study_a_bias_invariance_generations.jsonl
invariance,study_a_bias,psyllm-lmstudio,invariance,reasoning_marker_present,ok,,150,1.0,1.0,0.0,0.0,0.0,0.0,,/Users/ryangichuru/Documents/SSD-K/Uni/3rd year/NLP-ready/benchmark/runtime/results/psyllm-lmstudio/study_a_bias_generations.jsonl,/Users/ryangichuru/Documents/SSD-K/Uni/3rd year/NLP-ready/benchmark/runtime/results_invariance/psyllm-lmstudio/study_a_bias_invariance_generations.jsonl
invariance,study_a_bias,psyllm-lmstudio,invariance,final_answer_marker_present,ok,,150,0.30666666666666664,0.4866666666666667,0.18,0.0,0.07333333333333333,0.2866666666666667,,/Users/ryangichuru/Documents/SSD-K/Uni/3rd year/NLP-ready/benchmark/runtime/results/psyllm-lmstudio/study_a_bias_generations.jsonl,/Users/ryangichuru/Documents/SSD-K/Uni/3rd year/NLP-ready/benchmark/runtime/results_invariance/psyllm-lmstudio/study_a_bias_invariance_generations.jsonl
invariance,study_a_bias,psyllm-lmstudio,invariance,control_phrase_adherence,ok,,150,1.0,1.0,0.0,0.0,0.0,0.0,,/Users/ryangichuru/Documents/SSD-K/Uni/3rd year/NLP-ready/benchmark/runtime/results/psyllm-lmstudio/study_a_bias_generations.jsonl,/Users/ryangichuru/Documents/SSD-K/Uni/3rd year/NLP-ready/benchmark/runtime/results_invariance/psyllm-lmstudio/study_a_bias_invariance_generations.jsonl
invariance,study_a_bias,psyllm-lmstudio,invariance,meta_discussion_present,ok,,150,0.4,0.4666666666666667,0.06666666666666667,0.0,-0.04666666666666667,0.16666666666666666,,/Users/ryangichuru/Documents/SSD-K/Uni/3rd year/NLP-ready/benchmark/runtime/results/psyllm-lmstudio/study_a_bias_generations.jsonl,/Users/ryangichuru/Documents/SSD-K/Uni/3rd year/NLP-ready/benchmark/runtime/results_invariance/psyllm-lmstudio/study_a_bias_invariance_generations.jsonl
invariance,study_a_bias,psyllm-lmstudio,invariance,reasoning_control_success_proxy,ok,,150,1.0,1.0,0.0,0.0,0.0,0.0,,/Users/ryangichuru/Documents/SSD-K/Uni/3rd year/NLP-ready/benchmark/runtime/results/psyllm-lmstudio/study_a_bias_generations.jsonl,/Users/ryangichuru/Documents/SSD-K/Uni/3rd year/NLP-ready/benchmark/runtime/results_invariance/psyllm-lmstudio/study_a_bias_invariance_generations.jsonl
invariance,study_a_bias,psyllm-lmstudio,invariance,output_control_success_proxy,ok,,150,0.30666666666666664,0.4866666666666667,0.18,0.0,0.07333333333333333,0.28,,/Users/ryangichuru/Documents/SSD-K/Uni/3rd year/NLP-ready/benchmark/runtime/results/psyllm-lmstudio/study_a_bias_generations.jsonl,/Users/ryangichuru/Documents/SSD-K/Uni/3rd year/NLP-ready/benchmark/runtime/results_invariance/psyllm-lmstudio/study_a_bias_invariance_generations.jsonl
invariance,study_a_bias,psyllm-lmstudio,invariance,control_adherence_without_meta_discussion,ok,,150,0.6,0.5333333333333333,-0.06666666666666667,0.0,-0.18,0.04,,/Users/ryangichuru/Documents/SSD-K/Uni/3rd year/NLP-ready/benchmark/runtime/results/psyllm-lmstudio/study_a_bias_generations.jsonl,/Users/ryangichuru/Documents/SSD-K/Uni/3rd year/NLP-ready/benchmark/runtime/results_invariance/psyllm-lmstudio/study_a_bias_invariance_generations.jsonl
invariance,study_b,psyllm-lmstudio,invariance,visible_reasoning_tokens,ok,,160,273.94375,232.5375,-41.40625,-44.5,-56.49375,-27.06875,,/Users/ryangichuru/Documents/SSD-K/Uni/3rd year/NLP-ready/benchmark/runtime/results/psyllm-lmstudio/study_b_generations.jsonl,/Users/ryangichuru/Documents/SSD-K/Uni/3rd year/NLP-ready/benchmark/runtime/results_invariance/psyllm-lmstudio/study_b_invariance_generations.jsonl
invariance,study_b,psyllm-lmstudio,invariance,output_tokens,ok,,160,379.63125,334.825,-44.80625,-43.0,-61.05,-27.06875,,/Users/ryangichuru/Documents/SSD-K/Uni/3rd year/NLP-ready/benchmark/runtime/results/psyllm-lmstudio/study_b_generations.jsonl,/Users/ryangichuru/Documents/SSD-K/Uni/3rd year/NLP-ready/benchmark/runtime/results_invariance/psyllm-lmstudio/study_b_invariance_generations.jsonl
invariance,study_b,psyllm-lmstudio,invariance,reasoning_share,ok,,160,0.7162912843914114,0.6948280913946335,-0.021463192996777913,-0.02404162232170176,-0.039384168138893456,-0.003681651706947202,,/Users/ryangichuru/Documents/SSD-K/Uni/3rd year/NLP-ready/benchmark/runtime/results/psyllm-lmstudio/study_b_generations.jsonl,/Users/ryangichuru/Documents/SSD-K/Uni/3rd year/NLP-ready/benchmark/runtime/results_invariance/psyllm-lmstudio/study_b_invariance_generations.jsonl
invariance,study_b,psyllm-lmstudio,invariance,reasoning_marker_present,ok,,160,1.0,1.0,0.0,0.0,0.0,0.0,,/Users/ryangichuru/Documents/SSD-K/Uni/3rd year/NLP-ready/benchmark/runtime/results/psyllm-lmstudio/study_b_generations.jsonl,/Users/ryangichuru/Documents/SSD-K/Uni/3rd year/NLP-ready/benchmark/runtime/results_invariance/psyllm-lmstudio/study_b_invariance_generations.jsonl
invariance,study_b,psyllm-lmstudio,invariance,final_answer_marker_present,ok,,160,0.0,0.0,0.0,0.0,0.0,0.0,,/Users/ryangichuru/Documents/SSD-K/Uni/3rd year/NLP-ready/benchmark/runtime/results/psyllm-lmstudio/study_b_generations.jsonl,/Users/ryangichuru/Documents/SSD-K/Uni/3rd year/NLP-ready/benchmark/runtime/results_invariance/psyllm-lmstudio/study_b_invariance_generations.jsonl
invariance,study_b,psyllm-lmstudio,invariance,control_phrase_adherence,not_measurable,no_control_prompt_rule,0,,,,,,,,/Users/ryangichuru/Documents/SSD-K/Uni/3rd year/NLP-ready/benchmark/runtime/results/psyllm-lmstudio/study_b_generations.jsonl,/Users/ryangichuru/Documents/SSD-K/Uni/3rd year/NLP-ready/benchmark/runtime/results_invariance/psyllm-lmstudio/study_b_invariance_generations.jsonl
invariance,study_b,psyllm-lmstudio,invariance,meta_discussion_present,ok,,160,0.3375,0.25625,-0.08125,0.0,-0.175,0.025,,/Users/ryangichuru/Documents/SSD-K/Uni/3rd year/NLP-ready/benchmark/runtime/results/psyllm-lmstudio/study_b_generations.jsonl,/Users/ryangichuru/Documents/SSD-K/Uni/3rd year/NLP-ready/benchmark/runtime/results_invariance/psyllm-lmstudio/study_b_invariance_generations.jsonl
invariance,study_b,psyllm-lmstudio,invariance,reasoning_control_success_proxy,ok,,160,1.0,1.0,0.0,0.0,0.0,0.0,,/Users/ryangichuru/Documents/SSD-K/Uni/3rd year/NLP-ready/benchmark/runtime/results/psyllm-lmstudio/study_b_generations.jsonl,/Users/ryangichuru/Documents/SSD-K/Uni/3rd year/NLP-ready/benchmark/runtime/results_invariance/psyllm-lmstudio/study_b_invariance_generations.jsonl
invariance,study_b,psyllm-lmstudio,invariance,output_control_success_proxy,ok,,160,0.0,0.0,0.0,0.0,0.0,0.0,,/Users/ryangichuru/Documents/SSD-K/Uni/3rd year/NLP-ready/benchmark/runtime/results/psyllm-lmstudio/study_b_generations.jsonl,/Users/ryangichuru/Documents/SSD-K/Uni/3rd year/NLP-ready/benchmark/runtime/results_invariance/psyllm-lmstudio/study_b_invariance_generations.jsonl
invariance,study_b,psyllm-lmstudio,invariance,control_adherence_without_meta_discussion,not_measurable,metric_not_applicable,0,,,,,,,,/Users/ryangichuru/Documents/SSD-K/Uni/3rd year/NLP-ready/benchmark/runtime/results/psyllm-lmstudio/study_b_generations.jsonl,/Users/ryangichuru/Documents/SSD-K/Uni/3rd year/NLP-ready/benchmark/runtime/results_invariance/psyllm-lmstudio/study_b_invariance_generations.jsonl
invariance,study_b_multi_turn,psyllm-lmstudio,invariance,visible_reasoning_tokens,ok,,12,244.83333333333334,210.66666666666666,-34.166666666666664,-31.5,-75.91666666666667,3.5833333333333335,,/Users/ryangichuru/Documents/SSD-K/Uni/3rd year/NLP-ready/benchmark/runtime/results/psyllm-lmstudio/study_b_multi_turn_generations.jsonl,/Users/ryangichuru/Documents/SSD-K/Uni/3rd year/NLP-ready/benchmark/runtime/results_invariance/psyllm-lmstudio/study_b_multi_turn_invariance_generations.jsonl
invariance,study_b_multi_turn,psyllm-lmstudio,invariance,output_tokens,ok,,12,310.25,291.25,-19.0,-27.0,-54.333333333333336,21.5,,/Users/ryangichuru/Documents/SSD-K/Uni/3rd year/NLP-ready/benchmark/runtime/results/psyllm-lmstudio/study_b_multi_turn_generations.jsonl,/Users/ryangichuru/Documents/SSD-K/Uni/3rd year/NLP-ready/benchmark/runtime/results_invariance/psyllm-lmstudio/study_b_multi_turn_invariance_generations.jsonl
invariance,study_b_multi_turn,psyllm-lmstudio,invariance,reasoning_share,ok,,12,0.7796321650832795,0.723498947045457,-0.056133218037822445,-0.0549823044662715,-0.10549407276397227,-0.010361741508647984,,/Users/ryangichuru/Documents/SSD-K/Uni/3rd year/NLP-ready/benchmark/runtime/results/psyllm-lmstudio/study_b_multi_turn_generations.jsonl,/Users/ryangichuru/Documents/SSD-K/Uni/3rd year/NLP-ready/benchmark/runtime/results_invariance/psyllm-lmstudio/study_b_multi_turn_invariance_generations.jsonl
invariance,study_b_multi_turn,psyllm-lmstudio,invariance,reasoning_marker_present,ok,,12,1.0,1.0,0.0,0.0,0.0,0.0,,/Users/ryangichuru/Documents/SSD-K/Uni/3rd year/NLP-ready/benchmark/runtime/results/psyllm-lmstudio/study_b_multi_turn_generations.jsonl,/Users/ryangichuru/Documents/SSD-K/Uni/3rd year/NLP-ready/benchmark/runtime/results_invariance/psyllm-lmstudio/study_b_multi_turn_invariance_generations.jsonl
invariance,study_b_multi_turn,psyllm-lmstudio,invariance,final_answer_marker_present,ok,,12,0.0,0.0,0.0,0.0,0.0,0.0,,/Users/ryangichuru/Documents/SSD-K/Uni/3rd year/NLP-ready/benchmark/runtime/results/psyllm-lmstudio/study_b_multi_turn_generations.jsonl,/Users/ryangichuru/Documents/SSD-K/Uni/3rd year/NLP-ready/benchmark/runtime/results_invariance/psyllm-lmstudio/study_b_multi_turn_invariance_generations.jsonl
invariance,study_b_multi_turn,psyllm-lmstudio,invariance,control_phrase_adherence,not_measurable,no_control_prompt_rule,0,,,,,,,,/Users/ryangichuru/Documents/SSD-K/Uni/3rd year/NLP-ready/benchmark/runtime/results/psyllm-lmstudio/study_b_multi_turn_generations.jsonl,/Users/ryangichuru/Documents/SSD-K/Uni/3rd year/NLP-ready/benchmark/runtime/results_invariance/psyllm-lmstudio/study_b_multi_turn_invariance_generations.jsonl
invariance,study_b_multi_turn,psyllm-lmstudio,invariance,meta_discussion_present,ok,,12,0.4166666666666667,0.3333333333333333,-0.08333333333333333,0.0,-0.5,0.3333333333333333,,/Users/ryangichuru/Documents/SSD-K/Uni/3rd year/NLP-ready/benchmark/runtime/results/psyllm-lmstudio/study_b_multi_turn_generations.jsonl,/Users/ryangichuru/Documents/SSD-K/Uni/3rd year/NLP-ready/benchmark/runtime/results_invariance/psyllm-lmstudio/study_b_multi_turn_invariance_generations.jsonl
invariance,study_b_multi_turn,psyllm-lmstudio,invariance,reasoning_control_success_proxy,ok,,12,1.0,1.0,0.0,0.0,0.0,0.0,,/Users/ryangichuru/Documents/SSD-K/Uni/3rd year/NLP-ready/benchmark/runtime/results/psyllm-lmstudio/study_b_multi_turn_generations.jsonl,/Users/ryangichuru/Documents/SSD-K/Uni/3rd year/NLP-ready/benchmark/runtime/results_invariance/psyllm-lmstudio/study_b_multi_turn_invariance_generations.jsonl
invariance,study_b_multi_turn,psyllm-lmstudio,invariance,output_control_success_proxy,ok,,12,0.0,0.0,0.0,0.0,0.0,0.0,,/Users/ryangichuru/Documents/SSD-K/Uni/3rd year/NLP-ready/benchmark/runtime/results/psyllm-lmstudio/study_b_multi_turn_generations.jsonl,/Users/ryangichuru/Documents/SSD-K/Uni/3rd year/NLP-ready/benchmark/runtime/results_invariance/psyllm-lmstudio/study_b_multi_turn_invariance_generations.jsonl
invariance,study_b_multi_turn,psyllm-lmstudio,invariance,control_adherence_without_meta_discussion,not_measurable,metric_not_applicable,0,,,,,,,,/Users/ryangichuru/Documents/SSD-K/Uni/3rd year/NLP-ready/benchmark/runtime/results/psyllm-lmstudio/study_b_multi_turn_generations.jsonl,/Users/ryangichuru/Documents/SSD-K/Uni/3rd year/NLP-ready/benchmark/runtime/results_invariance/psyllm-lmstudio/study_b_multi_turn_invariance_generations.jsonl
invariance,study_c,psyllm-lmstudio,invariance,visible_reasoning_tokens,ok,,15,414.8666666666667,266.26666666666665,-148.6,-101.0,-222.33333333333334,-84.86666666666666,,/Users/ryangichuru/Documents/SSD-K/Uni/3rd year/NLP-ready/benchmark/runtime/results/psyllm-lmstudio/study_c_generations.jsonl,/Users/ryangichuru/Documents/SSD-K/Uni/3rd year/NLP-ready/benchmark/runtime/results_invariance/psyllm-lmstudio/study_c_invariance_generations.jsonl
invariance,study_c,psyllm-lmstudio,invariance,output_tokens,ok,,15,480.26666666666665,338.1333333333333,-142.13333333333333,-122.0,-238.4,-60.2,,/Users/ryangichuru/Documents/SSD-K/Uni/3rd year/NLP-ready/benchmark/runtime/results/psyllm-lmstudio/study_c_generations.jsonl,/Users/ryangichuru/Documents/SSD-K/Uni/3rd year/NLP-ready/benchmark/runtime/results_invariance/psyllm-lmstudio/study_c_invariance_generations.jsonl
invariance,study_c,psyllm-lmstudio,invariance,reasoning_share,ok,,15,0.8592076401863815,0.7723886112886514,-0.08681902889773,-0.055678411398729866,-0.14841482581337012,-0.02475823752445713,,/Users/ryangichuru/Documents/SSD-K/Uni/3rd year/NLP-ready/benchmark/runtime/results/psyllm-lmstudio/study_c_generations.jsonl,/Users/ryangichuru/Documents/SSD-K/Uni/3rd year/NLP-ready/benchmark/runtime/results_invariance/psyllm-lmstudio/study_c_invariance_generations.jsonl
invariance,study_c,psyllm-lmstudio,invariance,reasoning_marker_present,ok,,15,1.0,1.0,0.0,0.0,0.0,0.0,,/Users/ryangichuru/Documents/SSD-K/Uni/3rd year/NLP-ready/benchmark/runtime/results/psyllm-lmstudio/study_c_generations.jsonl,/Users/ryangichuru/Documents/SSD-K/Uni/3rd year/NLP-ready/benchmark/runtime/results_invariance/psyllm-lmstudio/study_c_invariance_generations.jsonl
invariance,study_c,psyllm-lmstudio,invariance,final_answer_marker_present,ok,,15,0.0,0.0,0.0,0.0,0.0,0.0,,/Users/ryangichuru/Documents/SSD-K/Uni/3rd year/NLP-ready/benchmark/runtime/results/psyllm-lmstudio/study_c_generations.jsonl,/Users/ryangichuru/Documents/SSD-K/Uni/3rd year/NLP-ready/benchmark/runtime/results_invariance/psyllm-lmstudio/study_c_invariance_generations.jsonl
invariance,study_c,psyllm-lmstudio,invariance,control_phrase_adherence,not_measurable,no_control_prompt_rule,0,,,,,,,,/Users/ryangichuru/Documents/SSD-K/Uni/3rd year/NLP-ready/benchmark/runtime/results/psyllm-lmstudio/study_c_generations.jsonl,/Users/ryangichuru/Documents/SSD-K/Uni/3rd year/NLP-ready/benchmark/runtime/results_invariance/psyllm-lmstudio/study_c_invariance_generations.jsonl
invariance,study_c,psyllm-lmstudio,invariance,meta_discussion_present,ok,,15,0.3333333333333333,0.4666666666666667,0.13333333333333333,0.0,-0.26666666666666666,0.4666666666666667,,/Users/ryangichuru/Documents/SSD-K/Uni/3rd year/NLP-ready/benchmark/runtime/results/psyllm-lmstudio/study_c_generations.jsonl,/Users/ryangichuru/Documents/SSD-K/Uni/3rd year/NLP-ready/benchmark/runtime/results_invariance/psyllm-lmstudio/study_c_invariance_generations.jsonl
invariance,study_c,psyllm-lmstudio,invariance,reasoning_control_success_proxy,ok,,15,1.0,1.0,0.0,0.0,0.0,0.0,,/Users/ryangichuru/Documents/SSD-K/Uni/3rd year/NLP-ready/benchmark/runtime/results/psyllm-lmstudio/study_c_generations.jsonl,/Users/ryangichuru/Documents/SSD-K/Uni/3rd year/NLP-ready/benchmark/runtime/results_invariance/psyllm-lmstudio/study_c_invariance_generations.jsonl
invariance,study_c,psyllm-lmstudio,invariance,output_control_success_proxy,ok,,15,0.0,0.0,0.0,0.0,0.0,0.0,,/Users/ryangichuru/Documents/SSD-K/Uni/3rd year/NLP-ready/benchmark/runtime/results/psyllm-lmstudio/study_c_generations.jsonl,/Users/ryangichuru/Documents/SSD-K/Uni/3rd year/NLP-ready/benchmark/runtime/results_invariance/psyllm-lmstudio/study_c_invariance_generations.jsonl
invariance,study_c,psyllm-lmstudio,invariance,control_adherence_without_meta_discussion,not_measurable,metric_not_applicable,0,,,,,,,,/Users/ryangichuru/Documents/SSD-K/Uni/3rd year/NLP-ready/benchmark/runtime/results/psyllm-lmstudio/study_c_generations.jsonl,/Users/ryangichuru/Documents/SSD-K/Uni/3rd year/NLP-ready/benchmark/runtime/results_invariance/psyllm-lmstudio/study_c_invariance_generations.jsonl
ctrl-invariance,study_a,deepseek-r1-lmstudio,ctrl-invariance,visible_reasoning_tokens,missing_cache,missing_cache,0,,,,,,,,,
ctrl-invariance,study_a,deepseek-r1-lmstudio,ctrl-invariance,output_tokens,missing_cache,missing_cache,0,,,,,,,,,
ctrl-invariance,study_a,deepseek-r1-lmstudio,ctrl-invariance,reasoning_share,missing_cache,missing_cache,0,,,,,,,,,
ctrl-invariance,study_a,deepseek-r1-lmstudio,ctrl-invariance,reasoning_marker_present,missing_cache,missing_cache,0,,,,,,,,,
ctrl-invariance,study_a,deepseek-r1-lmstudio,ctrl-invariance,final_answer_marker_present,missing_cache,missing_cache,0,,,,,,,,,
ctrl-invariance,study_a,deepseek-r1-lmstudio,ctrl-invariance,control_phrase_adherence,missing_cache,missing_cache,0,,,,,,,,,
ctrl-invariance,study_a,deepseek-r1-lmstudio,ctrl-invariance,meta_discussion_present,missing_cache,missing_cache,0,,,,,,,,,
ctrl-invariance,study_a,deepseek-r1-lmstudio,ctrl-invariance,reasoning_control_success_proxy,missing_cache,missing_cache,0,,,,,,,,,
ctrl-invariance,study_a,deepseek-r1-lmstudio,ctrl-invariance,output_control_success_proxy,missing_cache,missing_cache,0,,,,,,,,,
ctrl-invariance,study_a,deepseek-r1-lmstudio,ctrl-invariance,control_adherence_without_meta_discussion,missing_cache,missing_cache,0,,,,,,,,,
ctrl-invariance,study_a_bias,deepseek-r1-lmstudio,ctrl-invariance,visible_reasoning_tokens,missing_cache,missing_cache,0,,,,,,,,/Users/ryangichuru/Documents/SSD-K/Uni/3rd year/NLP-ready/benchmark/runtime/results/deepseek-r1-lmstudio/ctrl_study_a_bias_generations.jsonl,
ctrl-invariance,study_a_bias,deepseek-r1-lmstudio,ctrl-invariance,output_tokens,missing_cache,missing_cache,0,,,,,,,,/Users/ryangichuru/Documents/SSD-K/Uni/3rd year/NLP-ready/benchmark/runtime/results/deepseek-r1-lmstudio/ctrl_study_a_bias_generations.jsonl,
ctrl-invariance,study_a_bias,deepseek-r1-lmstudio,ctrl-invariance,reasoning_share,missing_cache,missing_cache,0,,,,,,,,/Users/ryangichuru/Documents/SSD-K/Uni/3rd year/NLP-ready/benchmark/runtime/results/deepseek-r1-lmstudio/ctrl_study_a_bias_generations.jsonl,
ctrl-invariance,study_a_bias,deepseek-r1-lmstudio,ctrl-invariance,reasoning_marker_present,missing_cache,missing_cache,0,,,,,,,,/Users/ryangichuru/Documents/SSD-K/Uni/3rd year/NLP-ready/benchmark/runtime/results/deepseek-r1-lmstudio/ctrl_study_a_bias_generations.jsonl,
ctrl-invariance,study_a_bias,deepseek-r1-lmstudio,ctrl-invariance,final_answer_marker_present,missing_cache,missing_cache,0,,,,,,,,/Users/ryangichuru/Documents/SSD-K/Uni/3rd year/NLP-ready/benchmark/runtime/results/deepseek-r1-lmstudio/ctrl_study_a_bias_generations.jsonl,
ctrl-invariance,study_a_bias,deepseek-r1-lmstudio,ctrl-invariance,control_phrase_adherence,missing_cache,missing_cache,0,,,,,,,,/Users/ryangichuru/Documents/SSD-K/Uni/3rd year/NLP-ready/benchmark/runtime/results/deepseek-r1-lmstudio/ctrl_study_a_bias_generations.jsonl,
ctrl-invariance,study_a_bias,deepseek-r1-lmstudio,ctrl-invariance,meta_discussion_present,missing_cache,missing_cache,0,,,,,,,,/Users/ryangichuru/Documents/SSD-K/Uni/3rd year/NLP-ready/benchmark/runtime/results/deepseek-r1-lmstudio/ctrl_study_a_bias_generations.jsonl,
ctrl-invariance,study_a_bias,deepseek-r1-lmstudio,ctrl-invariance,reasoning_control_success_proxy,missing_cache,missing_cache,0,,,,,,,,/Users/ryangichuru/Documents/SSD-K/Uni/3rd year/NLP-ready/benchmark/runtime/results/deepseek-r1-lmstudio/ctrl_study_a_bias_generations.jsonl,
ctrl-invariance,study_a_bias,deepseek-r1-lmstudio,ctrl-invariance,output_control_success_proxy,missing_cache,missing_cache,0,,,,,,,,/Users/ryangichuru/Documents/SSD-K/Uni/3rd year/NLP-ready/benchmark/runtime/results/deepseek-r1-lmstudio/ctrl_study_a_bias_generations.jsonl,
ctrl-invariance,study_a_bias,deepseek-r1-lmstudio,ctrl-invariance,control_adherence_without_meta_discussion,missing_cache,missing_cache,0,,,,,,,,/Users/ryangichuru/Documents/SSD-K/Uni/3rd year/NLP-ready/benchmark/runtime/results/deepseek-r1-lmstudio/ctrl_study_a_bias_generations.jsonl,
ctrl-invariance,study_b,deepseek-r1-lmstudio,ctrl-invariance,visible_reasoning_tokens,missing_cache,missing_cache,0,,,,,,,,,
ctrl-invariance,study_b,deepseek-r1-lmstudio,ctrl-invariance,output_tokens,missing_cache,missing_cache,0,,,,,,,,,
ctrl-invariance,study_b,deepseek-r1-lmstudio,ctrl-invariance,reasoning_share,missing_cache,missing_cache,0,,,,,,,,,
ctrl-invariance,study_b,deepseek-r1-lmstudio,ctrl-invariance,reasoning_marker_present,missing_cache,missing_cache,0,,,,,,,,,
ctrl-invariance,study_b,deepseek-r1-lmstudio,ctrl-invariance,final_answer_marker_present,missing_cache,missing_cache,0,,,,,,,,,
ctrl-invariance,study_b,deepseek-r1-lmstudio,ctrl-invariance,control_phrase_adherence,missing_cache,missing_cache,0,,,,,,,,,
ctrl-invariance,study_b,deepseek-r1-lmstudio,ctrl-invariance,meta_discussion_present,missing_cache,missing_cache,0,,,,,,,,,
ctrl-invariance,study_b,deepseek-r1-lmstudio,ctrl-invariance,reasoning_control_success_proxy,missing_cache,missing_cache,0,,,,,,,,,
ctrl-invariance,study_b,deepseek-r1-lmstudio,ctrl-invariance,output_control_success_proxy,missing_cache,missing_cache,0,,,,,,,,,
ctrl-invariance,study_b,deepseek-r1-lmstudio,ctrl-invariance,control_adherence_without_meta_discussion,missing_cache,missing_cache,0,,,,,,,,,
ctrl-invariance,study_b_multi_turn,deepseek-r1-lmstudio,ctrl-invariance,visible_reasoning_tokens,missing_cache,missing_cache,0,,,,,,,,,
ctrl-invariance,study_b_multi_turn,deepseek-r1-lmstudio,ctrl-invariance,output_tokens,missing_cache,missing_cache,0,,,,,,,,,
ctrl-invariance,study_b_multi_turn,deepseek-r1-lmstudio,ctrl-invariance,reasoning_share,missing_cache,missing_cache,0,,,,,,,,,
ctrl-invariance,study_b_multi_turn,deepseek-r1-lmstudio,ctrl-invariance,reasoning_marker_present,missing_cache,missing_cache,0,,,,,,,,,
ctrl-invariance,study_b_multi_turn,deepseek-r1-lmstudio,ctrl-invariance,final_answer_marker_present,missing_cache,missing_cache,0,,,,,,,,,
ctrl-invariance,study_b_multi_turn,deepseek-r1-lmstudio,ctrl-invariance,control_phrase_adherence,missing_cache,missing_cache,0,,,,,,,,,
ctrl-invariance,study_b_multi_turn,deepseek-r1-lmstudio,ctrl-invariance,meta_discussion_present,missing_cache,missing_cache,0,,,,,,,,,
ctrl-invariance,study_b_multi_turn,deepseek-r1-lmstudio,ctrl-invariance,reasoning_control_success_proxy,missing_cache,missing_cache,0,,,,,,,,,
ctrl-invariance,study_b_multi_turn,deepseek-r1-lmstudio,ctrl-invariance,output_control_success_proxy,missing_cache,missing_cache,0,,,,,,,,,
ctrl-invariance,study_b_multi_turn,deepseek-r1-lmstudio,ctrl-invariance,control_adherence_without_meta_discussion,missing_cache,missing_cache,0,,,,,,,,,
ctrl-invariance,study_c,deepseek-r1-lmstudio,ctrl-invariance,visible_reasoning_tokens,missing_cache,missing_cache,0,,,,,,,,,
ctrl-invariance,study_c,deepseek-r1-lmstudio,ctrl-invariance,output_tokens,missing_cache,missing_cache,0,,,,,,,,,
ctrl-invariance,study_c,deepseek-r1-lmstudio,ctrl-invariance,reasoning_share,missing_cache,missing_cache,0,,,,,,,,,
ctrl-invariance,study_c,deepseek-r1-lmstudio,ctrl-invariance,reasoning_marker_present,missing_cache,missing_cache,0,,,,,,,,,
ctrl-invariance,study_c,deepseek-r1-lmstudio,ctrl-invariance,final_answer_marker_present,missing_cache,missing_cache,0,,,,,,,,,
ctrl-invariance,study_c,deepseek-r1-lmstudio,ctrl-invariance,control_phrase_adherence,missing_cache,missing_cache,0,,,,,,,,,
ctrl-invariance,study_c,deepseek-r1-lmstudio,ctrl-invariance,meta_discussion_present,missing_cache,missing_cache,0,,,,,,,,,
ctrl-invariance,study_c,deepseek-r1-lmstudio,ctrl-invariance,reasoning_control_success_proxy,missing_cache,missing_cache,0,,,,,,,,,
ctrl-invariance,study_c,deepseek-r1-lmstudio,ctrl-invariance,output_control_success_proxy,missing_cache,missing_cache,0,,,,,,,,,
ctrl-invariance,study_c,deepseek-r1-lmstudio,ctrl-invariance,control_adherence_without_meta_discussion,missing_cache,missing_cache,0,,,,,,,,,
ctrl-invariance,study_a,piaget-8b-local,ctrl-invariance,visible_reasoning_tokens,not_measurable,no_shared_ids,0,,,,,,,,/Users/ryangichuru/Documents/SSD-K/Uni/3rd year/NLP-ready/benchmark/runtime/results/piaget-8b-local/ctrl_study_a_generations.jsonl,/Users/ryangichuru/Documents/SSD-K/Uni/3rd year/NLP-ready/benchmark/runtime/results_ctrl_invariance/piaget-8b-local/study_a_invariance_generations.jsonl
ctrl-invariance,study_a,piaget-8b-local,ctrl-invariance,output_tokens,not_measurable,no_shared_ids,0,,,,,,,,/Users/ryangichuru/Documents/SSD-K/Uni/3rd year/NLP-ready/benchmark/runtime/results/piaget-8b-local/ctrl_study_a_generations.jsonl,/Users/ryangichuru/Documents/SSD-K/Uni/3rd year/NLP-ready/benchmark/runtime/results_ctrl_invariance/piaget-8b-local/study_a_invariance_generations.jsonl
ctrl-invariance,study_a,piaget-8b-local,ctrl-invariance,reasoning_share,not_measurable,no_shared_ids,0,,,,,,,,/Users/ryangichuru/Documents/SSD-K/Uni/3rd year/NLP-ready/benchmark/runtime/results/piaget-8b-local/ctrl_study_a_generations.jsonl,/Users/ryangichuru/Documents/SSD-K/Uni/3rd year/NLP-ready/benchmark/runtime/results_ctrl_invariance/piaget-8b-local/study_a_invariance_generations.jsonl
ctrl-invariance,study_a,piaget-8b-local,ctrl-invariance,reasoning_marker_present,not_measurable,no_shared_ids,0,,,,,,,,/Users/ryangichuru/Documents/SSD-K/Uni/3rd year/NLP-ready/benchmark/runtime/results/piaget-8b-local/ctrl_study_a_generations.jsonl,/Users/ryangichuru/Documents/SSD-K/Uni/3rd year/NLP-ready/benchmark/runtime/results_ctrl_invariance/piaget-8b-local/study_a_invariance_generations.jsonl
ctrl-invariance,study_a,piaget-8b-local,ctrl-invariance,final_answer_marker_present,not_measurable,no_shared_ids,0,,,,,,,,/Users/ryangichuru/Documents/SSD-K/Uni/3rd year/NLP-ready/benchmark/runtime/results/piaget-8b-local/ctrl_study_a_generations.jsonl,/Users/ryangichuru/Documents/SSD-K/Uni/3rd year/NLP-ready/benchmark/runtime/results_ctrl_invariance/piaget-8b-local/study_a_invariance_generations.jsonl
ctrl-invariance,study_a,piaget-8b-local,ctrl-invariance,control_phrase_adherence,not_measurable,no_shared_ids,0,,,,,,,,/Users/ryangichuru/Documents/SSD-K/Uni/3rd year/NLP-ready/benchmark/runtime/results/piaget-8b-local/ctrl_study_a_generations.jsonl,/Users/ryangichuru/Documents/SSD-K/Uni/3rd year/NLP-ready/benchmark/runtime/results_ctrl_invariance/piaget-8b-local/study_a_invariance_generations.jsonl
ctrl-invariance,study_a,piaget-8b-local,ctrl-invariance,meta_discussion_present,not_measurable,no_shared_ids,0,,,,,,,,/Users/ryangichuru/Documents/SSD-K/Uni/3rd year/NLP-ready/benchmark/runtime/results/piaget-8b-local/ctrl_study_a_generations.jsonl,/Users/ryangichuru/Documents/SSD-K/Uni/3rd year/NLP-ready/benchmark/runtime/results_ctrl_invariance/piaget-8b-local/study_a_invariance_generations.jsonl
ctrl-invariance,study_a,piaget-8b-local,ctrl-invariance,reasoning_control_success_proxy,not_measurable,no_shared_ids,0,,,,,,,,/Users/ryangichuru/Documents/SSD-K/Uni/3rd year/NLP-ready/benchmark/runtime/results/piaget-8b-local/ctrl_study_a_generations.jsonl,/Users/ryangichuru/Documents/SSD-K/Uni/3rd year/NLP-ready/benchmark/runtime/results_ctrl_invariance/piaget-8b-local/study_a_invariance_generations.jsonl
ctrl-invariance,study_a,piaget-8b-local,ctrl-invariance,output_control_success_proxy,not_measurable,no_shared_ids,0,,,,,,,,/Users/ryangichuru/Documents/SSD-K/Uni/3rd year/NLP-ready/benchmark/runtime/results/piaget-8b-local/ctrl_study_a_generations.jsonl,/Users/ryangichuru/Documents/SSD-K/Uni/3rd year/NLP-ready/benchmark/runtime/results_ctrl_invariance/piaget-8b-local/study_a_invariance_generations.jsonl
ctrl-invariance,study_a,piaget-8b-local,ctrl-invariance,control_adherence_without_meta_discussion,not_measurable,no_shared_ids,0,,,,,,,,/Users/ryangichuru/Documents/SSD-K/Uni/3rd year/NLP-ready/benchmark/runtime/results/piaget-8b-local/ctrl_study_a_generations.jsonl,/Users/ryangichuru/Documents/SSD-K/Uni/3rd year/NLP-ready/benchmark/runtime/results_ctrl_invariance/piaget-8b-local/study_a_invariance_generations.jsonl
ctrl-invariance,study_a_bias,piaget-8b-local,ctrl-invariance,visible_reasoning_tokens,ok,,140,522.1214285714286,768.4142857142857,246.29285714285714,223.0,193.15714285714284,298.67857142857144,,/Users/ryangichuru/Documents/SSD-K/Uni/3rd year/NLP-ready/benchmark/runtime/results/piaget-8b-local/ctrl_study_a_bias_generations.jsonl,/Users/ryangichuru/Documents/SSD-K/Uni/3rd year/NLP-ready/benchmark/runtime/results_ctrl_invariance/piaget-8b-local/study_a_bias_invariance_generations.jsonl
ctrl-invariance,study_a_bias,piaget-8b-local,ctrl-invariance,output_tokens,ok,,140,702.8,1147.9285714285713,445.12857142857143,267.0,265.77142857142854,695.8071428571428,,/Users/ryangichuru/Documents/SSD-K/Uni/3rd year/NLP-ready/benchmark/runtime/results/piaget-8b-local/ctrl_study_a_bias_generations.jsonl,/Users/ryangichuru/Documents/SSD-K/Uni/3rd year/NLP-ready/benchmark/runtime/results_ctrl_invariance/piaget-8b-local/study_a_bias_invariance_generations.jsonl
ctrl-invariance,study_a_bias,piaget-8b-local,ctrl-invariance,reasoning_share,ok,,139,0.7295361313617122,0.7691815870196815,0.03964545565796926,0.06127608346709468,0.0011706622119295811,0.07941256319264874,,/Users/ryangichuru/Documents/SSD-K/Uni/3rd year/NLP-ready/benchmark/runtime/results/piaget-8b-local/ctrl_study_a_bias_generations.jsonl,/Users/ryangichuru/Documents/SSD-K/Uni/3rd year/NLP-ready/benchmark/runtime/results_ctrl_invariance/piaget-8b-local/study_a_bias_invariance_generations.jsonl
ctrl-invariance,study_a_bias,piaget-8b-local,ctrl-invariance,reasoning_marker_present,ok,,140,0.9928571428571429,1.0,0.007142857142857143,0.0,0.0,0.02142857142857143,,/Users/ryangichuru/Documents/SSD-K/Uni/3rd year/NLP-ready/benchmark/runtime/results/piaget-8b-local/ctrl_study_a_bias_generations.jsonl,/Users/ryangichuru/Documents/SSD-K/Uni/3rd year/NLP-ready/benchmark/runtime/results_ctrl_invariance/piaget-8b-local/study_a_bias_invariance_generations.jsonl
ctrl-invariance,study_a_bias,piaget-8b-local,ctrl-invariance,final_answer_marker_present,ok,,140,0.4642857142857143,0.5142857142857142,0.05,0.0,-0.06428571428571428,0.15714285714285714,,/Users/ryangichuru/Documents/SSD-K/Uni/3rd year/NLP-ready/benchmark/runtime/results/piaget-8b-local/ctrl_study_a_bias_generations.jsonl,/Users/ryangichuru/Documents/SSD-K/Uni/3rd year/NLP-ready/benchmark/runtime/results_ctrl_invariance/piaget-8b-local/study_a_bias_invariance_generations.jsonl
ctrl-invariance,study_a_bias,piaget-8b-local,ctrl-invariance,control_phrase_adherence,ok,,140,0.8166666666666667,1.0,0.18333333333333335,0.33333333333333337,0.15476190476190477,0.21190476190476193,,/Users/ryangichuru/Documents/SSD-K/Uni/3rd year/NLP-ready/benchmark/runtime/results/piaget-8b-local/ctrl_study_a_bias_generations.jsonl,/Users/ryangichuru/Documents/SSD-K/Uni/3rd year/NLP-ready/benchmark/runtime/results_ctrl_invariance/piaget-8b-local/study_a_bias_invariance_generations.jsonl
ctrl-invariance,study_a_bias,piaget-8b-local,ctrl-invariance,meta_discussion_present,ok,,140,0.5285714285714286,0.7428571428571429,0.21428571428571427,0.0,0.1,0.32142857142857145,,/Users/ryangichuru/Documents/SSD-K/Uni/3rd year/NLP-ready/benchmark/runtime/results/piaget-8b-local/ctrl_study_a_bias_generations.jsonl,/Users/ryangichuru/Documents/SSD-K/Uni/3rd year/NLP-ready/benchmark/runtime/results_ctrl_invariance/piaget-8b-local/study_a_bias_invariance_generations.jsonl
ctrl-invariance,study_a_bias,piaget-8b-local,ctrl-invariance,reasoning_control_success_proxy,ok,,140,0.9928571428571429,1.0,0.007142857142857143,0.0,0.0,0.02142857142857143,,/Users/ryangichuru/Documents/SSD-K/Uni/3rd year/NLP-ready/benchmark/runtime/results/piaget-8b-local/ctrl_study_a_bias_generations.jsonl,/Users/ryangichuru/Documents/SSD-K/Uni/3rd year/NLP-ready/benchmark/runtime/results_ctrl_invariance/piaget-8b-local/study_a_bias_invariance_generations.jsonl
ctrl-invariance,study_a_bias,piaget-8b-local,ctrl-invariance,output_control_success_proxy,ok,,140,0.4642857142857143,0.5142857142857142,0.05,0.0,-0.05714285714285714,0.16428571428571428,,/Users/ryangichuru/Documents/SSD-K/Uni/3rd year/NLP-ready/benchmark/runtime/results/piaget-8b-local/ctrl_study_a_bias_generations.jsonl,/Users/ryangichuru/Documents/SSD-K/Uni/3rd year/NLP-ready/benchmark/runtime/results_ctrl_invariance/piaget-8b-local/study_a_bias_invariance_generations.jsonl
ctrl-invariance,study_a_bias,piaget-8b-local,ctrl-invariance,control_adherence_without_meta_discussion,ok,,140,0.4642857142857143,0.2571428571428571,-0.20714285714285716,0.0,-0.32142857142857145,-0.08571428571428572,,/Users/ryangichuru/Documents/SSD-K/Uni/3rd year/NLP-ready/benchmark/runtime/results/piaget-8b-local/ctrl_study_a_bias_generations.jsonl,/Users/ryangichuru/Documents/SSD-K/Uni/3rd year/NLP-ready/benchmark/runtime/results_ctrl_invariance/piaget-8b-local/study_a_bias_invariance_generations.jsonl
ctrl-invariance,study_b,piaget-8b-local,ctrl-invariance,visible_reasoning_tokens,not_measurable,no_shared_ids,0,,,,,,,,/Users/ryangichuru/Documents/SSD-K/Uni/3rd year/NLP-ready/benchmark/runtime/results/piaget-8b-local/ctrl_study_b_generations.jsonl,/Users/ryangichuru/Documents/SSD-K/Uni/3rd year/NLP-ready/benchmark/runtime/results_ctrl_invariance/piaget-8b-local/study_b_invariance_generations.jsonl
ctrl-invariance,study_b,piaget-8b-local,ctrl-invariance,output_tokens,not_measurable,no_shared_ids,0,,,,,,,,/Users/ryangichuru/Documents/SSD-K/Uni/3rd year/NLP-ready/benchmark/runtime/results/piaget-8b-local/ctrl_study_b_generations.jsonl,/Users/ryangichuru/Documents/SSD-K/Uni/3rd year/NLP-ready/benchmark/runtime/results_ctrl_invariance/piaget-8b-local/study_b_invariance_generations.jsonl
ctrl-invariance,study_b,piaget-8b-local,ctrl-invariance,reasoning_share,not_measurable,no_shared_ids,0,,,,,,,,/Users/ryangichuru/Documents/SSD-K/Uni/3rd year/NLP-ready/benchmark/runtime/results/piaget-8b-local/ctrl_study_b_generations.jsonl,/Users/ryangichuru/Documents/SSD-K/Uni/3rd year/NLP-ready/benchmark/runtime/results_ctrl_invariance/piaget-8b-local/study_b_invariance_generations.jsonl
ctrl-invariance,study_b,piaget-8b-local,ctrl-invariance,reasoning_marker_present,not_measurable,no_shared_ids,0,,,,,,,,/Users/ryangichuru/Documents/SSD-K/Uni/3rd year/NLP-ready/benchmark/runtime/results/piaget-8b-local/ctrl_study_b_generations.jsonl,/Users/ryangichuru/Documents/SSD-K/Uni/3rd year/NLP-ready/benchmark/runtime/results_ctrl_invariance/piaget-8b-local/study_b_invariance_generations.jsonl
ctrl-invariance,study_b,piaget-8b-local,ctrl-invariance,final_answer_marker_present,not_measurable,no_shared_ids,0,,,,,,,,/Users/ryangichuru/Documents/SSD-K/Uni/3rd year/NLP-ready/benchmark/runtime/results/piaget-8b-local/ctrl_study_b_generations.jsonl,/Users/ryangichuru/Documents/SSD-K/Uni/3rd year/NLP-ready/benchmark/runtime/results_ctrl_invariance/piaget-8b-local/study_b_invariance_generations.jsonl
ctrl-invariance,study_b,piaget-8b-local,ctrl-invariance,control_phrase_adherence,not_measurable,no_shared_ids,0,,,,,,,,/Users/ryangichuru/Documents/SSD-K/Uni/3rd year/NLP-ready/benchmark/runtime/results/piaget-8b-local/ctrl_study_b_generations.jsonl,/Users/ryangichuru/Documents/SSD-K/Uni/3rd year/NLP-ready/benchmark/runtime/results_ctrl_invariance/piaget-8b-local/study_b_invariance_generations.jsonl
ctrl-invariance,study_b,piaget-8b-local,ctrl-invariance,meta_discussion_present,not_measurable,no_shared_ids,0,,,,,,,,/Users/ryangichuru/Documents/SSD-K/Uni/3rd year/NLP-ready/benchmark/runtime/results/piaget-8b-local/ctrl_study_b_generations.jsonl,/Users/ryangichuru/Documents/SSD-K/Uni/3rd year/NLP-ready/benchmark/runtime/results_ctrl_invariance/piaget-8b-local/study_b_invariance_generations.jsonl
ctrl-invariance,study_b,piaget-8b-local,ctrl-invariance,reasoning_control_success_proxy,not_measurable,no_shared_ids,0,,,,,,,,/Users/ryangichuru/Documents/SSD-K/Uni/3rd year/NLP-ready/benchmark/runtime/results/piaget-8b-local/ctrl_study_b_generations.jsonl,/Users/ryangichuru/Documents/SSD-K/Uni/3rd year/NLP-ready/benchmark/runtime/results_ctrl_invariance/piaget-8b-local/study_b_invariance_generations.jsonl
ctrl-invariance,study_b,piaget-8b-local,ctrl-invariance,output_control_success_proxy,not_measurable,no_shared_ids,0,,,,,,,,/Users/ryangichuru/Documents/SSD-K/Uni/3rd year/NLP-ready/benchmark/runtime/results/piaget-8b-local/ctrl_study_b_generations.jsonl,/Users/ryangichuru/Documents/SSD-K/Uni/3rd year/NLP-ready/benchmark/runtime/results_ctrl_invariance/piaget-8b-local/study_b_invariance_generations.jsonl
ctrl-invariance,study_b,piaget-8b-local,ctrl-invariance,control_adherence_without_meta_discussion,not_measurable,no_shared_ids,0,,,,,,,,/Users/ryangichuru/Documents/SSD-K/Uni/3rd year/NLP-ready/benchmark/runtime/results/piaget-8b-local/ctrl_study_b_generations.jsonl,/Users/ryangichuru/Documents/SSD-K/Uni/3rd year/NLP-ready/benchmark/runtime/results_ctrl_invariance/piaget-8b-local/study_b_invariance_generations.jsonl
ctrl-invariance,study_b_multi_turn,piaget-8b-local,ctrl-invariance,visible_reasoning_tokens,not_measurable,no_shared_ids,0,,,,,,,,/Users/ryangichuru/Documents/SSD-K/Uni/3rd year/NLP-ready/benchmark/runtime/results/piaget-8b-local/ctrl_study_b_multi_turn_generations.jsonl,/Users/ryangichuru/Documents/SSD-K/Uni/3rd year/NLP-ready/benchmark/runtime/results_ctrl_invariance/piaget-8b-local/study_b_multi_turn_invariance_generations.jsonl
ctrl-invariance,study_b_multi_turn,piaget-8b-local,ctrl-invariance,output_tokens,not_measurable,no_shared_ids,0,,,,,,,,/Users/ryangichuru/Documents/SSD-K/Uni/3rd year/NLP-ready/benchmark/runtime/results/piaget-8b-local/ctrl_study_b_multi_turn_generations.jsonl,/Users/ryangichuru/Documents/SSD-K/Uni/3rd year/NLP-ready/benchmark/runtime/results_ctrl_invariance/piaget-8b-local/study_b_multi_turn_invariance_generations.jsonl
ctrl-invariance,study_b_multi_turn,piaget-8b-local,ctrl-invariance,reasoning_share,not_measurable,no_shared_ids,0,,,,,,,,/Users/ryangichuru/Documents/SSD-K/Uni/3rd year/NLP-ready/benchmark/runtime/results/piaget-8b-local/ctrl_study_b_multi_turn_generations.jsonl,/Users/ryangichuru/Documents/SSD-K/Uni/3rd year/NLP-ready/benchmark/runtime/results_ctrl_invariance/piaget-8b-local/study_b_multi_turn_invariance_generations.jsonl
ctrl-invariance,study_b_multi_turn,piaget-8b-local,ctrl-invariance,reasoning_marker_present,not_measurable,no_shared_ids,0,,,,,,,,/Users/ryangichuru/Documents/SSD-K/Uni/3rd year/NLP-ready/benchmark/runtime/results/piaget-8b-local/ctrl_study_b_multi_turn_generations.jsonl,/Users/ryangichuru/Documents/SSD-K/Uni/3rd year/NLP-ready/benchmark/runtime/results_ctrl_invariance/piaget-8b-local/study_b_multi_turn_invariance_generations.jsonl
ctrl-invariance,study_b_multi_turn,piaget-8b-local,ctrl-invariance,final_answer_marker_present,not_measurable,no_shared_ids,0,,,,,,,,/Users/ryangichuru/Documents/SSD-K/Uni/3rd year/NLP-ready/benchmark/runtime/results/piaget-8b-local/ctrl_study_b_multi_turn_generations.jsonl,/Users/ryangichuru/Documents/SSD-K/Uni/3rd year/NLP-ready/benchmark/runtime/results_ctrl_invariance/piaget-8b-local/study_b_multi_turn_invariance_generations.jsonl
ctrl-invariance,study_b_multi_turn,piaget-8b-local,ctrl-invariance,control_phrase_adherence,not_measurable,no_shared_ids,0,,,,,,,,/Users/ryangichuru/Documents/SSD-K/Uni/3rd year/NLP-ready/benchmark/runtime/results/piaget-8b-local/ctrl_study_b_multi_turn_generations.jsonl,/Users/ryangichuru/Documents/SSD-K/Uni/3rd year/NLP-ready/benchmark/runtime/results_ctrl_invariance/piaget-8b-local/study_b_multi_turn_invariance_generations.jsonl
ctrl-invariance,study_b_multi_turn,piaget-8b-local,ctrl-invariance,meta_discussion_present,not_measurable,no_shared_ids,0,,,,,,,,/Users/ryangichuru/Documents/SSD-K/Uni/3rd year/NLP-ready/benchmark/runtime/results/piaget-8b-local/ctrl_study_b_multi_turn_generations.jsonl,/Users/ryangichuru/Documents/SSD-K/Uni/3rd year/NLP-ready/benchmark/runtime/results_ctrl_invariance/piaget-8b-local/study_b_multi_turn_invariance_generations.jsonl
ctrl-invariance,study_b_multi_turn,piaget-8b-local,ctrl-invariance,reasoning_control_success_proxy,not_measurable,no_shared_ids,0,,,,,,,,/Users/ryangichuru/Documents/SSD-K/Uni/3rd year/NLP-ready/benchmark/runtime/results/piaget-8b-local/ctrl_study_b_multi_turn_generations.jsonl,/Users/ryangichuru/Documents/SSD-K/Uni/3rd year/NLP-ready/benchmark/runtime/results_ctrl_invariance/piaget-8b-local/study_b_multi_turn_invariance_generations.jsonl
ctrl-invariance,study_b_multi_turn,piaget-8b-local,ctrl-invariance,output_control_success_proxy,not_measurable,no_shared_ids,0,,,,,,,,/Users/ryangichuru/Documents/SSD-K/Uni/3rd year/NLP-ready/benchmark/runtime/results/piaget-8b-local/ctrl_study_b_multi_turn_generations.jsonl,/Users/ryangichuru/Documents/SSD-K/Uni/3rd year/NLP-ready/benchmark/runtime/results_ctrl_invariance/piaget-8b-local/study_b_multi_turn_invariance_generations.jsonl
ctrl-invariance,study_b_multi_turn,piaget-8b-local,ctrl-invariance,control_adherence_without_meta_discussion,not_measurable,no_shared_ids,0,,,,,,,,/Users/ryangichuru/Documents/SSD-K/Uni/3rd year/NLP-ready/benchmark/runtime/results/piaget-8b-local/ctrl_study_b_multi_turn_generations.jsonl,/Users/ryangichuru/Documents/SSD-K/Uni/3rd year/NLP-ready/benchmark/runtime/results_ctrl_invariance/piaget-8b-local/study_b_multi_turn_invariance_generations.jsonl
ctrl-invariance,study_c,piaget-8b-local,ctrl-invariance,visible_reasoning_tokens,not_measurable,no_shared_ids,0,,,,,,,,/Users/ryangichuru/Documents/SSD-K/Uni/3rd year/NLP-ready/benchmark/runtime/results/piaget-8b-local/ctrl_study_c_generations.jsonl,/Users/ryangichuru/Documents/SSD-K/Uni/3rd year/NLP-ready/benchmark/runtime/results_ctrl_invariance/piaget-8b-local/study_c_invariance_generations.jsonl
ctrl-invariance,study_c,piaget-8b-local,ctrl-invariance,output_tokens,not_measurable,no_shared_ids,0,,,,,,,,/Users/ryangichuru/Documents/SSD-K/Uni/3rd year/NLP-ready/benchmark/runtime/results/piaget-8b-local/ctrl_study_c_generations.jsonl,/Users/ryangichuru/Documents/SSD-K/Uni/3rd year/NLP-ready/benchmark/runtime/results_ctrl_invariance/piaget-8b-local/study_c_invariance_generations.jsonl
ctrl-invariance,study_c,piaget-8b-local,ctrl-invariance,reasoning_share,not_measurable,no_shared_ids,0,,,,,,,,/Users/ryangichuru/Documents/SSD-K/Uni/3rd year/NLP-ready/benchmark/runtime/results/piaget-8b-local/ctrl_study_c_generations.jsonl,/Users/ryangichuru/Documents/SSD-K/Uni/3rd year/NLP-ready/benchmark/runtime/results_ctrl_invariance/piaget-8b-local/study_c_invariance_generations.jsonl
ctrl-invariance,study_c,piaget-8b-local,ctrl-invariance,reasoning_marker_present,not_measurable,no_shared_ids,0,,,,,,,,/Users/ryangichuru/Documents/SSD-K/Uni/3rd year/NLP-ready/benchmark/runtime/results/piaget-8b-local/ctrl_study_c_generations.jsonl,/Users/ryangichuru/Documents/SSD-K/Uni/3rd year/NLP-ready/benchmark/runtime/results_ctrl_invariance/piaget-8b-local/study_c_invariance_generations.jsonl
ctrl-invariance,study_c,piaget-8b-local,ctrl-invariance,final_answer_marker_present,not_measurable,no_shared_ids,0,,,,,,,,/Users/ryangichuru/Documents/SSD-K/Uni/3rd year/NLP-ready/benchmark/runtime/results/piaget-8b-local/ctrl_study_c_generations.jsonl,/Users/ryangichuru/Documents/SSD-K/Uni/3rd year/NLP-ready/benchmark/runtime/results_ctrl_invariance/piaget-8b-local/study_c_invariance_generations.jsonl
ctrl-invariance,study_c,piaget-8b-local,ctrl-invariance,control_phrase_adherence,not_measurable,no_shared_ids,0,,,,,,,,/Users/ryangichuru/Documents/SSD-K/Uni/3rd year/NLP-ready/benchmark/runtime/results/piaget-8b-local/ctrl_study_c_generations.jsonl,/Users/ryangichuru/Documents/SSD-K/Uni/3rd year/NLP-ready/benchmark/runtime/results_ctrl_invariance/piaget-8b-local/study_c_invariance_generations.jsonl
ctrl-invariance,study_c,piaget-8b-local,ctrl-invariance,meta_discussion_present,not_measurable,no_shared_ids,0,,,,,,,,/Users/ryangichuru/Documents/SSD-K/Uni/3rd year/NLP-ready/benchmark/runtime/results/piaget-8b-local/ctrl_study_c_generations.jsonl,/Users/ryangichuru/Documents/SSD-K/Uni/3rd year/NLP-ready/benchmark/runtime/results_ctrl_invariance/piaget-8b-local/study_c_invariance_generations.jsonl
ctrl-invariance,study_c,piaget-8b-local,ctrl-invariance,reasoning_control_success_proxy,not_measurable,no_shared_ids,0,,,,,,,,/Users/ryangichuru/Documents/SSD-K/Uni/3rd year/NLP-ready/benchmark/runtime/results/piaget-8b-local/ctrl_study_c_generations.jsonl,/Users/ryangichuru/Documents/SSD-K/Uni/3rd year/NLP-ready/benchmark/runtime/results_ctrl_invariance/piaget-8b-local/study_c_invariance_generations.jsonl
ctrl-invariance,study_c,piaget-8b-local,ctrl-invariance,output_control_success_proxy,not_measurable,no_shared_ids,0,,,,,,,,/Users/ryangichuru/Documents/SSD-K/Uni/3rd year/NLP-ready/benchmark/runtime/results/piaget-8b-local/ctrl_study_c_generations.jsonl,/Users/ryangichuru/Documents/SSD-K/Uni/3rd year/NLP-ready/benchmark/runtime/results_ctrl_invariance/piaget-8b-local/study_c_invariance_generations.jsonl
ctrl-invariance,study_c,piaget-8b-local,ctrl-invariance,control_adherence_without_meta_discussion,not_measurable,no_shared_ids,0,,,,,,,,/Users/ryangichuru/Documents/SSD-K/Uni/3rd year/NLP-ready/benchmark/runtime/results/piaget-8b-local/ctrl_study_c_generations.jsonl,/Users/ryangichuru/Documents/SSD-K/Uni/3rd year/NLP-ready/benchmark/runtime/results_ctrl_invariance/piaget-8b-local/study_c_invariance_generations.jsonl
ctrl-invariance,study_a,qwen3-lmstudio,ctrl-invariance,visible_reasoning_tokens,not_measurable,no_shared_ids,0,,,,,,,,/Users/ryangichuru/Documents/SSD-K/Uni/3rd year/NLP-ready/benchmark/runtime/results/qwen3-lmstudio/ctrl_study_a_generations.jsonl,/Users/ryangichuru/Documents/SSD-K/Uni/3rd year/NLP-ready/benchmark/runtime/results_ctrl_invariance/qwen3-lmstudio/study_a_invariance_generations.jsonl
ctrl-invariance,study_a,qwen3-lmstudio,ctrl-invariance,output_tokens,not_measurable,no_shared_ids,0,,,,,,,,/Users/ryangichuru/Documents/SSD-K/Uni/3rd year/NLP-ready/benchmark/runtime/results/qwen3-lmstudio/ctrl_study_a_generations.jsonl,/Users/ryangichuru/Documents/SSD-K/Uni/3rd year/NLP-ready/benchmark/runtime/results_ctrl_invariance/qwen3-lmstudio/study_a_invariance_generations.jsonl
ctrl-invariance,study_a,qwen3-lmstudio,ctrl-invariance,reasoning_share,not_measurable,no_shared_ids,0,,,,,,,,/Users/ryangichuru/Documents/SSD-K/Uni/3rd year/NLP-ready/benchmark/runtime/results/qwen3-lmstudio/ctrl_study_a_generations.jsonl,/Users/ryangichuru/Documents/SSD-K/Uni/3rd year/NLP-ready/benchmark/runtime/results_ctrl_invariance/qwen3-lmstudio/study_a_invariance_generations.jsonl
ctrl-invariance,study_a,qwen3-lmstudio,ctrl-invariance,reasoning_marker_present,not_measurable,no_shared_ids,0,,,,,,,,/Users/ryangichuru/Documents/SSD-K/Uni/3rd year/NLP-ready/benchmark/runtime/results/qwen3-lmstudio/ctrl_study_a_generations.jsonl,/Users/ryangichuru/Documents/SSD-K/Uni/3rd year/NLP-ready/benchmark/runtime/results_ctrl_invariance/qwen3-lmstudio/study_a_invariance_generations.jsonl
ctrl-invariance,study_a,qwen3-lmstudio,ctrl-invariance,final_answer_marker_present,not_measurable,no_shared_ids,0,,,,,,,,/Users/ryangichuru/Documents/SSD-K/Uni/3rd year/NLP-ready/benchmark/runtime/results/qwen3-lmstudio/ctrl_study_a_generations.jsonl,/Users/ryangichuru/Documents/SSD-K/Uni/3rd year/NLP-ready/benchmark/runtime/results_ctrl_invariance/qwen3-lmstudio/study_a_invariance_generations.jsonl
ctrl-invariance,study_a,qwen3-lmstudio,ctrl-invariance,control_phrase_adherence,not_measurable,no_shared_ids,0,,,,,,,,/Users/ryangichuru/Documents/SSD-K/Uni/3rd year/NLP-ready/benchmark/runtime/results/qwen3-lmstudio/ctrl_study_a_generations.jsonl,/Users/ryangichuru/Documents/SSD-K/Uni/3rd year/NLP-ready/benchmark/runtime/results_ctrl_invariance/qwen3-lmstudio/study_a_invariance_generations.jsonl
ctrl-invariance,study_a,qwen3-lmstudio,ctrl-invariance,meta_discussion_present,not_measurable,no_shared_ids,0,,,,,,,,/Users/ryangichuru/Documents/SSD-K/Uni/3rd year/NLP-ready/benchmark/runtime/results/qwen3-lmstudio/ctrl_study_a_generations.jsonl,/Users/ryangichuru/Documents/SSD-K/Uni/3rd year/NLP-ready/benchmark/runtime/results_ctrl_invariance/qwen3-lmstudio/study_a_invariance_generations.jsonl
ctrl-invariance,study_a,qwen3-lmstudio,ctrl-invariance,reasoning_control_success_proxy,not_measurable,no_shared_ids,0,,,,,,,,/Users/ryangichuru/Documents/SSD-K/Uni/3rd year/NLP-ready/benchmark/runtime/results/qwen3-lmstudio/ctrl_study_a_generations.jsonl,/Users/ryangichuru/Documents/SSD-K/Uni/3rd year/NLP-ready/benchmark/runtime/results_ctrl_invariance/qwen3-lmstudio/study_a_invariance_generations.jsonl
ctrl-invariance,study_a,qwen3-lmstudio,ctrl-invariance,output_control_success_proxy,not_measurable,no_shared_ids,0,,,,,,,,/Users/ryangichuru/Documents/SSD-K/Uni/3rd year/NLP-ready/benchmark/runtime/results/qwen3-lmstudio/ctrl_study_a_generations.jsonl,/Users/ryangichuru/Documents/SSD-K/Uni/3rd year/NLP-ready/benchmark/runtime/results_ctrl_invariance/qwen3-lmstudio/study_a_invariance_generations.jsonl
ctrl-invariance,study_a,qwen3-lmstudio,ctrl-invariance,control_adherence_without_meta_discussion,not_measurable,no_shared_ids,0,,,,,,,,/Users/ryangichuru/Documents/SSD-K/Uni/3rd year/NLP-ready/benchmark/runtime/results/qwen3-lmstudio/ctrl_study_a_generations.jsonl,/Users/ryangichuru/Documents/SSD-K/Uni/3rd year/NLP-ready/benchmark/runtime/results_ctrl_invariance/qwen3-lmstudio/study_a_invariance_generations.jsonl
ctrl-invariance,study_a_bias,qwen3-lmstudio,ctrl-invariance,visible_reasoning_tokens,ok,,21,527.4285714285714,863.952380952381,336.5238095238095,301.0,214.14285714285714,482.0,,/Users/ryangichuru/Documents/SSD-K/Uni/3rd year/NLP-ready/benchmark/runtime/results/qwen3-lmstudio/ctrl_study_a_bias_generations.jsonl,/Users/ryangichuru/Documents/SSD-K/Uni/3rd year/NLP-ready/benchmark/runtime/results_ctrl_invariance/qwen3-lmstudio/study_a_bias_invariance_generations.jsonl
ctrl-invariance,study_a_bias,qwen3-lmstudio,ctrl-invariance,output_tokens,ok,,21,726.7619047619048,1157.904761904762,431.14285714285717,387.0,335.7142857142857,540.7619047619048,,/Users/ryangichuru/Documents/SSD-K/Uni/3rd year/NLP-ready/benchmark/runtime/results/qwen3-lmstudio/ctrl_study_a_bias_generations.jsonl,/Users/ryangichuru/Documents/SSD-K/Uni/3rd year/NLP-ready/benchmark/runtime/results_ctrl_invariance/qwen3-lmstudio/study_a_bias_invariance_generations.jsonl
ctrl-invariance,study_a_bias,qwen3-lmstudio,ctrl-invariance,reasoning_share,ok,,21,0.719757206347497,0.7434066066975386,0.023649400350041663,-0.060681743645491504,-0.046654097144389874,0.09723741107657718,,/Users/ryangichuru/Documents/SSD-K/Uni/3rd year/NLP-ready/benchmark/runtime/results/qwen3-lmstudio/ctrl_study_a_bias_generations.jsonl,/Users/ryangichuru/Documents/SSD-K/Uni/3rd year/NLP-ready/benchmark/runtime/results_ctrl_invariance/qwen3-lmstudio/study_a_bias_invariance_generations.jsonl
ctrl-invariance,study_a_bias,qwen3-lmstudio,ctrl-invariance,reasoning_marker_present,ok,,21,1.0,1.0,0.0,0.0,0.0,0.0,,/Users/ryangichuru/Documents/SSD-K/Uni/3rd year/NLP-ready/benchmark/runtime/results/qwen3-lmstudio/ctrl_study_a_bias_generations.jsonl,/Users/ryangichuru/Documents/SSD-K/Uni/3rd year/NLP-ready/benchmark/runtime/results_ctrl_invariance/qwen3-lmstudio/study_a_bias_invariance_generations.jsonl
ctrl-invariance,study_a_bias,qwen3-lmstudio,ctrl-invariance,final_answer_marker_present,ok,,21,0.14285714285714285,0.23809523809523808,0.09523809523809523,0.0,-0.19047619047619047,0.3333333333333333,,/Users/ryangichuru/Documents/SSD-K/Uni/3rd year/NLP-ready/benchmark/runtime/results/qwen3-lmstudio/ctrl_study_a_bias_generations.jsonl,/Users/ryangichuru/Documents/SSD-K/Uni/3rd year/NLP-ready/benchmark/runtime/results_ctrl_invariance/qwen3-lmstudio/study_a_bias_invariance_generations.jsonl
ctrl-invariance,study_a_bias,qwen3-lmstudio,ctrl-invariance,control_phrase_adherence,ok,,21,0.7142857142857143,1.0,0.28571428571428575,0.33333333333333337,0.22222222222222224,0.33333333333333337,,/Users/ryangichuru/Documents/SSD-K/Uni/3rd year/NLP-ready/benchmark/runtime/results/qwen3-lmstudio/ctrl_study_a_bias_generations.jsonl,/Users/ryangichuru/Documents/SSD-K/Uni/3rd year/NLP-ready/benchmark/runtime/results_ctrl_invariance/qwen3-lmstudio/study_a_bias_invariance_generations.jsonl
ctrl-invariance,study_a_bias,qwen3-lmstudio,ctrl-invariance,meta_discussion_present,ok,,21,0.2857142857142857,0.6190476190476191,0.3333333333333333,0.0,0.047619047619047616,0.6190476190476191,,/Users/ryangichuru/Documents/SSD-K/Uni/3rd year/NLP-ready/benchmark/runtime/results/qwen3-lmstudio/ctrl_study_a_bias_generations.jsonl,/Users/ryangichuru/Documents/SSD-K/Uni/3rd year/NLP-ready/benchmark/runtime/results_ctrl_invariance/qwen3-lmstudio/study_a_bias_invariance_generations.jsonl
ctrl-invariance,study_a_bias,qwen3-lmstudio,ctrl-invariance,reasoning_control_success_proxy,ok,,21,1.0,1.0,0.0,0.0,0.0,0.0,,/Users/ryangichuru/Documents/SSD-K/Uni/3rd year/NLP-ready/benchmark/runtime/results/qwen3-lmstudio/ctrl_study_a_bias_generations.jsonl,/Users/ryangichuru/Documents/SSD-K/Uni/3rd year/NLP-ready/benchmark/runtime/results_ctrl_invariance/qwen3-lmstudio/study_a_bias_invariance_generations.jsonl
ctrl-invariance,study_a_bias,qwen3-lmstudio,ctrl-invariance,output_control_success_proxy,ok,,21,0.14285714285714285,0.23809523809523808,0.09523809523809523,0.0,-0.14285714285714285,0.38095238095238093,,/Users/ryangichuru/Documents/SSD-K/Uni/3rd year/NLP-ready/benchmark/runtime/results/qwen3-lmstudio/ctrl_study_a_bias_generations.jsonl,/Users/ryangichuru/Documents/SSD-K/Uni/3rd year/NLP-ready/benchmark/runtime/results_ctrl_invariance/qwen3-lmstudio/study_a_bias_invariance_generations.jsonl
ctrl-invariance,study_a_bias,qwen3-lmstudio,ctrl-invariance,control_adherence_without_meta_discussion,ok,,21,0.7142857142857143,0.38095238095238093,-0.3333333333333333,0.0,-0.6190476190476191,0.0,,/Users/ryangichuru/Documents/SSD-K/Uni/3rd year/NLP-ready/benchmark/runtime/results/qwen3-lmstudio/ctrl_study_a_bias_generations.jsonl,/Users/ryangichuru/Documents/SSD-K/Uni/3rd year/NLP-ready/benchmark/runtime/results_ctrl_invariance/qwen3-lmstudio/study_a_bias_invariance_generations.jsonl
ctrl-invariance,study_b,qwen3-lmstudio,ctrl-invariance,visible_reasoning_tokens,not_measurable,no_shared_ids,0,,,,,,,,/Users/ryangichuru/Documents/SSD-K/Uni/3rd year/NLP-ready/benchmark/runtime/results/qwen3-lmstudio/ctrl_study_b_generations.jsonl,/Users/ryangichuru/Documents/SSD-K/Uni/3rd year/NLP-ready/benchmark/runtime/results_ctrl_invariance/qwen3-lmstudio/study_b_invariance_generations.jsonl
ctrl-invariance,study_b,qwen3-lmstudio,ctrl-invariance,output_tokens,not_measurable,no_shared_ids,0,,,,,,,,/Users/ryangichuru/Documents/SSD-K/Uni/3rd year/NLP-ready/benchmark/runtime/results/qwen3-lmstudio/ctrl_study_b_generations.jsonl,/Users/ryangichuru/Documents/SSD-K/Uni/3rd year/NLP-ready/benchmark/runtime/results_ctrl_invariance/qwen3-lmstudio/study_b_invariance_generations.jsonl
ctrl-invariance,study_b,qwen3-lmstudio,ctrl-invariance,reasoning_share,not_measurable,no_shared_ids,0,,,,,,,,/Users/ryangichuru/Documents/SSD-K/Uni/3rd year/NLP-ready/benchmark/runtime/results/qwen3-lmstudio/ctrl_study_b_generations.jsonl,/Users/ryangichuru/Documents/SSD-K/Uni/3rd year/NLP-ready/benchmark/runtime/results_ctrl_invariance/qwen3-lmstudio/study_b_invariance_generations.jsonl
ctrl-invariance,study_b,qwen3-lmstudio,ctrl-invariance,reasoning_marker_present,not_measurable,no_shared_ids,0,,,,,,,,/Users/ryangichuru/Documents/SSD-K/Uni/3rd year/NLP-ready/benchmark/runtime/results/qwen3-lmstudio/ctrl_study_b_generations.jsonl,/Users/ryangichuru/Documents/SSD-K/Uni/3rd year/NLP-ready/benchmark/runtime/results_ctrl_invariance/qwen3-lmstudio/study_b_invariance_generations.jsonl
ctrl-invariance,study_b,qwen3-lmstudio,ctrl-invariance,final_answer_marker_present,not_measurable,no_shared_ids,0,,,,,,,,/Users/ryangichuru/Documents/SSD-K/Uni/3rd year/NLP-ready/benchmark/runtime/results/qwen3-lmstudio/ctrl_study_b_generations.jsonl,/Users/ryangichuru/Documents/SSD-K/Uni/3rd year/NLP-ready/benchmark/runtime/results_ctrl_invariance/qwen3-lmstudio/study_b_invariance_generations.jsonl
ctrl-invariance,study_b,qwen3-lmstudio,ctrl-invariance,control_phrase_adherence,not_measurable,no_shared_ids,0,,,,,,,,/Users/ryangichuru/Documents/SSD-K/Uni/3rd year/NLP-ready/benchmark/runtime/results/qwen3-lmstudio/ctrl_study_b_generations.jsonl,/Users/ryangichuru/Documents/SSD-K/Uni/3rd year/NLP-ready/benchmark/runtime/results_ctrl_invariance/qwen3-lmstudio/study_b_invariance_generations.jsonl
ctrl-invariance,study_b,qwen3-lmstudio,ctrl-invariance,meta_discussion_present,not_measurable,no_shared_ids,0,,,,,,,,/Users/ryangichuru/Documents/SSD-K/Uni/3rd year/NLP-ready/benchmark/runtime/results/qwen3-lmstudio/ctrl_study_b_generations.jsonl,/Users/ryangichuru/Documents/SSD-K/Uni/3rd year/NLP-ready/benchmark/runtime/results_ctrl_invariance/qwen3-lmstudio/study_b_invariance_generations.jsonl
ctrl-invariance,study_b,qwen3-lmstudio,ctrl-invariance,reasoning_control_success_proxy,not_measurable,no_shared_ids,0,,,,,,,,/Users/ryangichuru/Documents/SSD-K/Uni/3rd year/NLP-ready/benchmark/runtime/results/qwen3-lmstudio/ctrl_study_b_generations.jsonl,/Users/ryangichuru/Documents/SSD-K/Uni/3rd year/NLP-ready/benchmark/runtime/results_ctrl_invariance/qwen3-lmstudio/study_b_invariance_generations.jsonl
ctrl-invariance,study_b,qwen3-lmstudio,ctrl-invariance,output_control_success_proxy,not_measurable,no_shared_ids,0,,,,,,,,/Users/ryangichuru/Documents/SSD-K/Uni/3rd year/NLP-ready/benchmark/runtime/results/qwen3-lmstudio/ctrl_study_b_generations.jsonl,/Users/ryangichuru/Documents/SSD-K/Uni/3rd year/NLP-ready/benchmark/runtime/results_ctrl_invariance/qwen3-lmstudio/study_b_invariance_generations.jsonl
ctrl-invariance,study_b,qwen3-lmstudio,ctrl-invariance,control_adherence_without_meta_discussion,not_measurable,no_shared_ids,0,,,,,,,,/Users/ryangichuru/Documents/SSD-K/Uni/3rd year/NLP-ready/benchmark/runtime/results/qwen3-lmstudio/ctrl_study_b_generations.jsonl,/Users/ryangichuru/Documents/SSD-K/Uni/3rd year/NLP-ready/benchmark/runtime/results_ctrl_invariance/qwen3-lmstudio/study_b_invariance_generations.jsonl
ctrl-invariance,study_b_multi_turn,qwen3-lmstudio,ctrl-invariance,visible_reasoning_tokens,not_measurable,no_shared_ids,0,,,,,,,,/Users/ryangichuru/Documents/SSD-K/Uni/3rd year/NLP-ready/benchmark/runtime/results/qwen3-lmstudio/ctrl_study_b_multi_turn_generations.jsonl,/Users/ryangichuru/Documents/SSD-K/Uni/3rd year/NLP-ready/benchmark/runtime/results_ctrl_invariance/qwen3-lmstudio/study_b_multi_turn_invariance_generations.jsonl
ctrl-invariance,study_b_multi_turn,qwen3-lmstudio,ctrl-invariance,output_tokens,not_measurable,no_shared_ids,0,,,,,,,,/Users/ryangichuru/Documents/SSD-K/Uni/3rd year/NLP-ready/benchmark/runtime/results/qwen3-lmstudio/ctrl_study_b_multi_turn_generations.jsonl,/Users/ryangichuru/Documents/SSD-K/Uni/3rd year/NLP-ready/benchmark/runtime/results_ctrl_invariance/qwen3-lmstudio/study_b_multi_turn_invariance_generations.jsonl
ctrl-invariance,study_b_multi_turn,qwen3-lmstudio,ctrl-invariance,reasoning_share,not_measurable,no_shared_ids,0,,,,,,,,/Users/ryangichuru/Documents/SSD-K/Uni/3rd year/NLP-ready/benchmark/runtime/results/qwen3-lmstudio/ctrl_study_b_multi_turn_generations.jsonl,/Users/ryangichuru/Documents/SSD-K/Uni/3rd year/NLP-ready/benchmark/runtime/results_ctrl_invariance/qwen3-lmstudio/study_b_multi_turn_invariance_generations.jsonl
ctrl-invariance,study_b_multi_turn,qwen3-lmstudio,ctrl-invariance,reasoning_marker_present,not_measurable,no_shared_ids,0,,,,,,,,/Users/ryangichuru/Documents/SSD-K/Uni/3rd year/NLP-ready/benchmark/runtime/results/qwen3-lmstudio/ctrl_study_b_multi_turn_generations.jsonl,/Users/ryangichuru/Documents/SSD-K/Uni/3rd year/NLP-ready/benchmark/runtime/results_ctrl_invariance/qwen3-lmstudio/study_b_multi_turn_invariance_generations.jsonl
ctrl-invariance,study_b_multi_turn,qwen3-lmstudio,ctrl-invariance,final_answer_marker_present,not_measurable,no_shared_ids,0,,,,,,,,/Users/ryangichuru/Documents/SSD-K/Uni/3rd year/NLP-ready/benchmark/runtime/results/qwen3-lmstudio/ctrl_study_b_multi_turn_generations.jsonl,/Users/ryangichuru/Documents/SSD-K/Uni/3rd year/NLP-ready/benchmark/runtime/results_ctrl_invariance/qwen3-lmstudio/study_b_multi_turn_invariance_generations.jsonl
ctrl-invariance,study_b_multi_turn,qwen3-lmstudio,ctrl-invariance,control_phrase_adherence,not_measurable,no_shared_ids,0,,,,,,,,/Users/ryangichuru/Documents/SSD-K/Uni/3rd year/NLP-ready/benchmark/runtime/results/qwen3-lmstudio/ctrl_study_b_multi_turn_generations.jsonl,/Users/ryangichuru/Documents/SSD-K/Uni/3rd year/NLP-ready/benchmark/runtime/results_ctrl_invariance/qwen3-lmstudio/study_b_multi_turn_invariance_generations.jsonl
ctrl-invariance,study_b_multi_turn,qwen3-lmstudio,ctrl-invariance,meta_discussion_present,not_measurable,no_shared_ids,0,,,,,,,,/Users/ryangichuru/Documents/SSD-K/Uni/3rd year/NLP-ready/benchmark/runtime/results/qwen3-lmstudio/ctrl_study_b_multi_turn_generations.jsonl,/Users/ryangichuru/Documents/SSD-K/Uni/3rd year/NLP-ready/benchmark/runtime/results_ctrl_invariance/qwen3-lmstudio/study_b_multi_turn_invariance_generations.jsonl
ctrl-invariance,study_b_multi_turn,qwen3-lmstudio,ctrl-invariance,reasoning_control_success_proxy,not_measurable,no_shared_ids,0,,,,,,,,/Users/ryangichuru/Documents/SSD-K/Uni/3rd year/NLP-ready/benchmark/runtime/results/qwen3-lmstudio/ctrl_study_b_multi_turn_generations.jsonl,/Users/ryangichuru/Documents/SSD-K/Uni/3rd year/NLP-ready/benchmark/runtime/results_ctrl_invariance/qwen3-lmstudio/study_b_multi_turn_invariance_generations.jsonl
ctrl-invariance,study_b_multi_turn,qwen3-lmstudio,ctrl-invariance,output_control_success_proxy,not_measurable,no_shared_ids,0,,,,,,,,/Users/ryangichuru/Documents/SSD-K/Uni/3rd year/NLP-ready/benchmark/runtime/results/qwen3-lmstudio/ctrl_study_b_multi_turn_generations.jsonl,/Users/ryangichuru/Documents/SSD-K/Uni/3rd year/NLP-ready/benchmark/runtime/results_ctrl_invariance/qwen3-lmstudio/study_b_multi_turn_invariance_generations.jsonl
ctrl-invariance,study_b_multi_turn,qwen3-lmstudio,ctrl-invariance,control_adherence_without_meta_discussion,not_measurable,no_shared_ids,0,,,,,,,,/Users/ryangichuru/Documents/SSD-K/Uni/3rd year/NLP-ready/benchmark/runtime/results/qwen3-lmstudio/ctrl_study_b_multi_turn_generations.jsonl,/Users/ryangichuru/Documents/SSD-K/Uni/3rd year/NLP-ready/benchmark/runtime/results_ctrl_invariance/qwen3-lmstudio/study_b_multi_turn_invariance_generations.jsonl
ctrl-invariance,study_c,qwen3-lmstudio,ctrl-invariance,visible_reasoning_tokens,not_measurable,no_shared_ids,0,,,,,,,,/Users/ryangichuru/Documents/SSD-K/Uni/3rd year/NLP-ready/benchmark/runtime/results/qwen3-lmstudio/ctrl_study_c_generations.jsonl,/Users/ryangichuru/Documents/SSD-K/Uni/3rd year/NLP-ready/benchmark/runtime/results_ctrl_invariance/qwen3-lmstudio/study_c_invariance_generations.jsonl
ctrl-invariance,study_c,qwen3-lmstudio,ctrl-invariance,output_tokens,not_measurable,no_shared_ids,0,,,,,,,,/Users/ryangichuru/Documents/SSD-K/Uni/3rd year/NLP-ready/benchmark/runtime/results/qwen3-lmstudio/ctrl_study_c_generations.jsonl,/Users/ryangichuru/Documents/SSD-K/Uni/3rd year/NLP-ready/benchmark/runtime/results_ctrl_invariance/qwen3-lmstudio/study_c_invariance_generations.jsonl
ctrl-invariance,study_c,qwen3-lmstudio,ctrl-invariance,reasoning_share,not_measurable,no_shared_ids,0,,,,,,,,/Users/ryangichuru/Documents/SSD-K/Uni/3rd year/NLP-ready/benchmark/runtime/results/qwen3-lmstudio/ctrl_study_c_generations.jsonl,/Users/ryangichuru/Documents/SSD-K/Uni/3rd year/NLP-ready/benchmark/runtime/results_ctrl_invariance/qwen3-lmstudio/study_c_invariance_generations.jsonl
ctrl-invariance,study_c,qwen3-lmstudio,ctrl-invariance,reasoning_marker_present,not_measurable,no_shared_ids,0,,,,,,,,/Users/ryangichuru/Documents/SSD-K/Uni/3rd year/NLP-ready/benchmark/runtime/results/qwen3-lmstudio/ctrl_study_c_generations.jsonl,/Users/ryangichuru/Documents/SSD-K/Uni/3rd year/NLP-ready/benchmark/runtime/results_ctrl_invariance/qwen3-lmstudio/study_c_invariance_generations.jsonl
ctrl-invariance,study_c,qwen3-lmstudio,ctrl-invariance,final_answer_marker_present,not_measurable,no_shared_ids,0,,,,,,,,/Users/ryangichuru/Documents/SSD-K/Uni/3rd year/NLP-ready/benchmark/runtime/results/qwen3-lmstudio/ctrl_study_c_generations.jsonl,/Users/ryangichuru/Documents/SSD-K/Uni/3rd year/NLP-ready/benchmark/runtime/results_ctrl_invariance/qwen3-lmstudio/study_c_invariance_generations.jsonl
ctrl-invariance,study_c,qwen3-lmstudio,ctrl-invariance,control_phrase_adherence,not_measurable,no_shared_ids,0,,,,,,,,/Users/ryangichuru/Documents/SSD-K/Uni/3rd year/NLP-ready/benchmark/runtime/results/qwen3-lmstudio/ctrl_study_c_generations.jsonl,/Users/ryangichuru/Documents/SSD-K/Uni/3rd year/NLP-ready/benchmark/runtime/results_ctrl_invariance/qwen3-lmstudio/study_c_invariance_generations.jsonl
ctrl-invariance,study_c,qwen3-lmstudio,ctrl-invariance,meta_discussion_present,not_measurable,no_shared_ids,0,,,,,,,,/Users/ryangichuru/Documents/SSD-K/Uni/3rd year/NLP-ready/benchmark/runtime/results/qwen3-lmstudio/ctrl_study_c_generations.jsonl,/Users/ryangichuru/Documents/SSD-K/Uni/3rd year/NLP-ready/benchmark/runtime/results_ctrl_invariance/qwen3-lmstudio/study_c_invariance_generations.jsonl
ctrl-invariance,study_c,qwen3-lmstudio,ctrl-invariance,reasoning_control_success_proxy,not_measurable,no_shared_ids,0,,,,,,,,/Users/ryangichuru/Documents/SSD-K/Uni/3rd year/NLP-ready/benchmark/runtime/results/qwen3-lmstudio/ctrl_study_c_generations.jsonl,/Users/ryangichuru/Documents/SSD-K/Uni/3rd year/NLP-ready/benchmark/runtime/results_ctrl_invariance/qwen3-lmstudio/study_c_invariance_generations.jsonl
ctrl-invariance,study_c,qwen3-lmstudio,ctrl-invariance,output_control_success_proxy,not_measurable,no_shared_ids,0,,,,,,,,/Users/ryangichuru/Documents/SSD-K/Uni/3rd year/NLP-ready/benchmark/runtime/results/qwen3-lmstudio/ctrl_study_c_generations.jsonl,/Users/ryangichuru/Documents/SSD-K/Uni/3rd year/NLP-ready/benchmark/runtime/results_ctrl_invariance/qwen3-lmstudio/study_c_invariance_generations.jsonl
ctrl-invariance,study_c,qwen3-lmstudio,ctrl-invariance,control_adherence_without_meta_discussion,not_measurable,no_shared_ids,0,,,,,,,,/Users/ryangichuru/Documents/SSD-K/Uni/3rd year/NLP-ready/benchmark/runtime/results/qwen3-lmstudio/ctrl_study_c_generations.jsonl,/Users/ryangichuru/Documents/SSD-K/Uni/3rd year/NLP-ready/benchmark/runtime/results_ctrl_invariance/qwen3-lmstudio/study_c_invariance_generations.jsonl
ctrl-invariance,study_a,gpt-oss-20b,ctrl-invariance,visible_reasoning_tokens,not_measurable,no_shared_ids,0,,,,,,,,/Users/ryangichuru/Documents/SSD-K/Uni/3rd year/NLP-ready/benchmark/runtime/results/gpt-oss-20b/ctrl_study_a_generations.jsonl,/Users/ryangichuru/Documents/SSD-K/Uni/3rd year/NLP-ready/benchmark/runtime/results_ctrl_invariance/gpt-oss-20b/study_a_invariance_generations.jsonl
ctrl-invariance,study_a,gpt-oss-20b,ctrl-invariance,output_tokens,not_measurable,no_shared_ids,0,,,,,,,,/Users/ryangichuru/Documents/SSD-K/Uni/3rd year/NLP-ready/benchmark/runtime/results/gpt-oss-20b/ctrl_study_a_generations.jsonl,/Users/ryangichuru/Documents/SSD-K/Uni/3rd year/NLP-ready/benchmark/runtime/results_ctrl_invariance/gpt-oss-20b/study_a_invariance_generations.jsonl
ctrl-invariance,study_a,gpt-oss-20b,ctrl-invariance,reasoning_share,not_measurable,no_shared_ids,0,,,,,,,,/Users/ryangichuru/Documents/SSD-K/Uni/3rd year/NLP-ready/benchmark/runtime/results/gpt-oss-20b/ctrl_study_a_generations.jsonl,/Users/ryangichuru/Documents/SSD-K/Uni/3rd year/NLP-ready/benchmark/runtime/results_ctrl_invariance/gpt-oss-20b/study_a_invariance_generations.jsonl
ctrl-invariance,study_a,gpt-oss-20b,ctrl-invariance,reasoning_marker_present,not_measurable,no_shared_ids,0,,,,,,,,/Users/ryangichuru/Documents/SSD-K/Uni/3rd year/NLP-ready/benchmark/runtime/results/gpt-oss-20b/ctrl_study_a_generations.jsonl,/Users/ryangichuru/Documents/SSD-K/Uni/3rd year/NLP-ready/benchmark/runtime/results_ctrl_invariance/gpt-oss-20b/study_a_invariance_generations.jsonl
ctrl-invariance,study_a,gpt-oss-20b,ctrl-invariance,final_answer_marker_present,not_measurable,no_shared_ids,0,,,,,,,,/Users/ryangichuru/Documents/SSD-K/Uni/3rd year/NLP-ready/benchmark/runtime/results/gpt-oss-20b/ctrl_study_a_generations.jsonl,/Users/ryangichuru/Documents/SSD-K/Uni/3rd year/NLP-ready/benchmark/runtime/results_ctrl_invariance/gpt-oss-20b/study_a_invariance_generations.jsonl
ctrl-invariance,study_a,gpt-oss-20b,ctrl-invariance,control_phrase_adherence,not_measurable,no_shared_ids,0,,,,,,,,/Users/ryangichuru/Documents/SSD-K/Uni/3rd year/NLP-ready/benchmark/runtime/results/gpt-oss-20b/ctrl_study_a_generations.jsonl,/Users/ryangichuru/Documents/SSD-K/Uni/3rd year/NLP-ready/benchmark/runtime/results_ctrl_invariance/gpt-oss-20b/study_a_invariance_generations.jsonl
ctrl-invariance,study_a,gpt-oss-20b,ctrl-invariance,meta_discussion_present,not_measurable,no_shared_ids,0,,,,,,,,/Users/ryangichuru/Documents/SSD-K/Uni/3rd year/NLP-ready/benchmark/runtime/results/gpt-oss-20b/ctrl_study_a_generations.jsonl,/Users/ryangichuru/Documents/SSD-K/Uni/3rd year/NLP-ready/benchmark/runtime/results_ctrl_invariance/gpt-oss-20b/study_a_invariance_generations.jsonl
ctrl-invariance,study_a,gpt-oss-20b,ctrl-invariance,reasoning_control_success_proxy,not_measurable,no_shared_ids,0,,,,,,,,/Users/ryangichuru/Documents/SSD-K/Uni/3rd year/NLP-ready/benchmark/runtime/results/gpt-oss-20b/ctrl_study_a_generations.jsonl,/Users/ryangichuru/Documents/SSD-K/Uni/3rd year/NLP-ready/benchmark/runtime/results_ctrl_invariance/gpt-oss-20b/study_a_invariance_generations.jsonl
ctrl-invariance,study_a,gpt-oss-20b,ctrl-invariance,output_control_success_proxy,not_measurable,no_shared_ids,0,,,,,,,,/Users/ryangichuru/Documents/SSD-K/Uni/3rd year/NLP-ready/benchmark/runtime/results/gpt-oss-20b/ctrl_study_a_generations.jsonl,/Users/ryangichuru/Documents/SSD-K/Uni/3rd year/NLP-ready/benchmark/runtime/results_ctrl_invariance/gpt-oss-20b/study_a_invariance_generations.jsonl
ctrl-invariance,study_a,gpt-oss-20b,ctrl-invariance,control_adherence_without_meta_discussion,not_measurable,no_shared_ids,0,,,,,,,,/Users/ryangichuru/Documents/SSD-K/Uni/3rd year/NLP-ready/benchmark/runtime/results/gpt-oss-20b/ctrl_study_a_generations.jsonl,/Users/ryangichuru/Documents/SSD-K/Uni/3rd year/NLP-ready/benchmark/runtime/results_ctrl_invariance/gpt-oss-20b/study_a_invariance_generations.jsonl
ctrl-invariance,study_a_bias,gpt-oss-20b,ctrl-invariance,visible_reasoning_tokens,ok,,29,57.10344827586207,42.55172413793103,-14.551724137931034,1.0,-33.44827586206897,2.6551724137931036,,/Users/ryangichuru/Documents/SSD-K/Uni/3rd year/NLP-ready/benchmark/runtime/results/gpt-oss-20b/ctrl_study_a_bias_generations.jsonl,/Users/ryangichuru/Documents/SSD-K/Uni/3rd year/NLP-ready/benchmark/runtime/results_ctrl_invariance/gpt-oss-20b/study_a_bias_invariance_generations.jsonl
ctrl-invariance,study_a_bias,gpt-oss-20b,ctrl-invariance,output_tokens,ok,,29,388.58620689655174,474.6896551724138,86.10344827586206,111.0,16.379310344827587,149.72413793103448,,/Users/ryangichuru/Documents/SSD-K/Uni/3rd year/NLP-ready/benchmark/runtime/results/gpt-oss-20b/ctrl_study_a_bias_generations.jsonl,/Users/ryangichuru/Documents/SSD-K/Uni/3rd year/NLP-ready/benchmark/runtime/results_ctrl_invariance/gpt-oss-20b/study_a_bias_invariance_generations.jsonl
ctrl-invariance,study_a_bias,gpt-oss-20b,ctrl-invariance,reasoning_share,ok,,29,0.14137169581185888,0.10582285643633446,-0.035548839375524416,-0.01948568762521613,-0.06362028749293012,-0.011459224353280555,,/Users/ryangichuru/Documents/SSD-K/Uni/3rd year/NLP-ready/benchmark/runtime/results/gpt-oss-20b/ctrl_study_a_bias_generations.jsonl,/Users/ryangichuru/Documents/SSD-K/Uni/3rd year/NLP-ready/benchmark/runtime/results_ctrl_invariance/gpt-oss-20b/study_a_bias_invariance_generations.jsonl
ctrl-invariance,study_a_bias,gpt-oss-20b,ctrl-invariance,reasoning_marker_present,ok,,29,1.0,1.0,0.0,0.0,0.0,0.0,,/Users/ryangichuru/Documents/SSD-K/Uni/3rd year/NLP-ready/benchmark/runtime/results/gpt-oss-20b/ctrl_study_a_bias_generations.jsonl,/Users/ryangichuru/Documents/SSD-K/Uni/3rd year/NLP-ready/benchmark/runtime/results_ctrl_invariance/gpt-oss-20b/study_a_bias_invariance_generations.jsonl
ctrl-invariance,study_a_bias,gpt-oss-20b,ctrl-invariance,final_answer_marker_present,ok,,29,0.5862068965517241,0.034482758620689655,-0.5517241379310345,-1.0,-0.7241379310344828,-0.3448275862068966,,/Users/ryangichuru/Documents/SSD-K/Uni/3rd year/NLP-ready/benchmark/runtime/results/gpt-oss-20b/ctrl_study_a_bias_generations.jsonl,/Users/ryangichuru/Documents/SSD-K/Uni/3rd year/NLP-ready/benchmark/runtime/results_ctrl_invariance/gpt-oss-20b/study_a_bias_invariance_generations.jsonl
ctrl-invariance,study_a_bias,gpt-oss-20b,ctrl-invariance,control_phrase_adherence,ok,,29,0.8620689655172413,1.0,0.13793103448275862,0.0,0.08045977011494253,0.20689655172413796,,/Users/ryangichuru/Documents/SSD-K/Uni/3rd year/NLP-ready/benchmark/runtime/results/gpt-oss-20b/ctrl_study_a_bias_generations.jsonl,/Users/ryangichuru/Documents/SSD-K/Uni/3rd year/NLP-ready/benchmark/runtime/results_ctrl_invariance/gpt-oss-20b/study_a_bias_invariance_generations.jsonl
ctrl-invariance,study_a_bias,gpt-oss-20b,ctrl-invariance,meta_discussion_present,ok,,29,0.3103448275862069,0.3103448275862069,0.0,0.0,-0.27586206896551724,0.27586206896551724,,/Users/ryangichuru/Documents/SSD-K/Uni/3rd year/NLP-ready/benchmark/runtime/results/gpt-oss-20b/ctrl_study_a_bias_generations.jsonl,/Users/ryangichuru/Documents/SSD-K/Uni/3rd year/NLP-ready/benchmark/runtime/results_ctrl_invariance/gpt-oss-20b/study_a_bias_invariance_generations.jsonl
ctrl-invariance,study_a_bias,gpt-oss-20b,ctrl-invariance,reasoning_control_success_proxy,ok,,29,1.0,1.0,0.0,0.0,0.0,0.0,,/Users/ryangichuru/Documents/SSD-K/Uni/3rd year/NLP-ready/benchmark/runtime/results/gpt-oss-20b/ctrl_study_a_bias_generations.jsonl,/Users/ryangichuru/Documents/SSD-K/Uni/3rd year/NLP-ready/benchmark/runtime/results_ctrl_invariance/gpt-oss-20b/study_a_bias_invariance_generations.jsonl
ctrl-invariance,study_a_bias,gpt-oss-20b,ctrl-invariance,output_control_success_proxy,ok,,29,0.5862068965517241,0.034482758620689655,-0.5517241379310345,-1.0,-0.7586206896551724,-0.3448275862068966,,/Users/ryangichuru/Documents/SSD-K/Uni/3rd year/NLP-ready/benchmark/runtime/results/gpt-oss-20b/ctrl_study_a_bias_generations.jsonl,/Users/ryangichuru/Documents/SSD-K/Uni/3rd year/NLP-ready/benchmark/runtime/results_ctrl_invariance/gpt-oss-20b/study_a_bias_invariance_generations.jsonl
ctrl-invariance,study_a_bias,gpt-oss-20b,ctrl-invariance,control_adherence_without_meta_discussion,ok,,29,0.6896551724137931,0.6896551724137931,0.0,0.0,-0.27586206896551724,0.27586206896551724,,/Users/ryangichuru/Documents/SSD-K/Uni/3rd year/NLP-ready/benchmark/runtime/results/gpt-oss-20b/ctrl_study_a_bias_generations.jsonl,/Users/ryangichuru/Documents/SSD-K/Uni/3rd year/NLP-ready/benchmark/runtime/results_ctrl_invariance/gpt-oss-20b/study_a_bias_invariance_generations.jsonl
ctrl-invariance,study_b,gpt-oss-20b,ctrl-invariance,visible_reasoning_tokens,not_measurable,no_shared_ids,0,,,,,,,,/Users/ryangichuru/Documents/SSD-K/Uni/3rd year/NLP-ready/benchmark/runtime/results/gpt-oss-20b/ctrl_study_b_generations.jsonl,/Users/ryangichuru/Documents/SSD-K/Uni/3rd year/NLP-ready/benchmark/runtime/results_ctrl_invariance/gpt-oss-20b/study_b_invariance_generations.jsonl
ctrl-invariance,study_b,gpt-oss-20b,ctrl-invariance,output_tokens,not_measurable,no_shared_ids,0,,,,,,,,/Users/ryangichuru/Documents/SSD-K/Uni/3rd year/NLP-ready/benchmark/runtime/results/gpt-oss-20b/ctrl_study_b_generations.jsonl,/Users/ryangichuru/Documents/SSD-K/Uni/3rd year/NLP-ready/benchmark/runtime/results_ctrl_invariance/gpt-oss-20b/study_b_invariance_generations.jsonl
ctrl-invariance,study_b,gpt-oss-20b,ctrl-invariance,reasoning_share,not_measurable,no_shared_ids,0,,,,,,,,/Users/ryangichuru/Documents/SSD-K/Uni/3rd year/NLP-ready/benchmark/runtime/results/gpt-oss-20b/ctrl_study_b_generations.jsonl,/Users/ryangichuru/Documents/SSD-K/Uni/3rd year/NLP-ready/benchmark/runtime/results_ctrl_invariance/gpt-oss-20b/study_b_invariance_generations.jsonl
ctrl-invariance,study_b,gpt-oss-20b,ctrl-invariance,reasoning_marker_present,not_measurable,no_shared_ids,0,,,,,,,,/Users/ryangichuru/Documents/SSD-K/Uni/3rd year/NLP-ready/benchmark/runtime/results/gpt-oss-20b/ctrl_study_b_generations.jsonl,/Users/ryangichuru/Documents/SSD-K/Uni/3rd year/NLP-ready/benchmark/runtime/results_ctrl_invariance/gpt-oss-20b/study_b_invariance_generations.jsonl
ctrl-invariance,study_b,gpt-oss-20b,ctrl-invariance,final_answer_marker_present,not_measurable,no_shared_ids,0,,,,,,,,/Users/ryangichuru/Documents/SSD-K/Uni/3rd year/NLP-ready/benchmark/runtime/results/gpt-oss-20b/ctrl_study_b_generations.jsonl,/Users/ryangichuru/Documents/SSD-K/Uni/3rd year/NLP-ready/benchmark/runtime/results_ctrl_invariance/gpt-oss-20b/study_b_invariance_generations.jsonl
ctrl-invariance,study_b,gpt-oss-20b,ctrl-invariance,control_phrase_adherence,not_measurable,no_shared_ids,0,,,,,,,,/Users/ryangichuru/Documents/SSD-K/Uni/3rd year/NLP-ready/benchmark/runtime/results/gpt-oss-20b/ctrl_study_b_generations.jsonl,/Users/ryangichuru/Documents/SSD-K/Uni/3rd year/NLP-ready/benchmark/runtime/results_ctrl_invariance/gpt-oss-20b/study_b_invariance_generations.jsonl
ctrl-invariance,study_b,gpt-oss-20b,ctrl-invariance,meta_discussion_present,not_measurable,no_shared_ids,0,,,,,,,,/Users/ryangichuru/Documents/SSD-K/Uni/3rd year/NLP-ready/benchmark/runtime/results/gpt-oss-20b/ctrl_study_b_generations.jsonl,/Users/ryangichuru/Documents/SSD-K/Uni/3rd year/NLP-ready/benchmark/runtime/results_ctrl_invariance/gpt-oss-20b/study_b_invariance_generations.jsonl
ctrl-invariance,study_b,gpt-oss-20b,ctrl-invariance,reasoning_control_success_proxy,not_measurable,no_shared_ids,0,,,,,,,,/Users/ryangichuru/Documents/SSD-K/Uni/3rd year/NLP-ready/benchmark/runtime/results/gpt-oss-20b/ctrl_study_b_generations.jsonl,/Users/ryangichuru/Documents/SSD-K/Uni/3rd year/NLP-ready/benchmark/runtime/results_ctrl_invariance/gpt-oss-20b/study_b_invariance_generations.jsonl
ctrl-invariance,study_b,gpt-oss-20b,ctrl-invariance,output_control_success_proxy,not_measurable,no_shared_ids,0,,,,,,,,/Users/ryangichuru/Documents/SSD-K/Uni/3rd year/NLP-ready/benchmark/runtime/results/gpt-oss-20b/ctrl_study_b_generations.jsonl,/Users/ryangichuru/Documents/SSD-K/Uni/3rd year/NLP-ready/benchmark/runtime/results_ctrl_invariance/gpt-oss-20b/study_b_invariance_generations.jsonl
ctrl-invariance,study_b,gpt-oss-20b,ctrl-invariance,control_adherence_without_meta_discussion,not_measurable,no_shared_ids,0,,,,,,,,/Users/ryangichuru/Documents/SSD-K/Uni/3rd year/NLP-ready/benchmark/runtime/results/gpt-oss-20b/ctrl_study_b_generations.jsonl,/Users/ryangichuru/Documents/SSD-K/Uni/3rd year/NLP-ready/benchmark/runtime/results_ctrl_invariance/gpt-oss-20b/study_b_invariance_generations.jsonl
ctrl-invariance,study_b_multi_turn,gpt-oss-20b,ctrl-invariance,visible_reasoning_tokens,not_measurable,no_shared_ids,0,,,,,,,,/Users/ryangichuru/Documents/SSD-K/Uni/3rd year/NLP-ready/benchmark/runtime/results/gpt-oss-20b/ctrl_study_b_multi_turn_generations.jsonl,/Users/ryangichuru/Documents/SSD-K/Uni/3rd year/NLP-ready/benchmark/runtime/results_ctrl_invariance/gpt-oss-20b/study_b_multi_turn_invariance_generations.jsonl
ctrl-invariance,study_b_multi_turn,gpt-oss-20b,ctrl-invariance,output_tokens,not_measurable,no_shared_ids,0,,,,,,,,/Users/ryangichuru/Documents/SSD-K/Uni/3rd year/NLP-ready/benchmark/runtime/results/gpt-oss-20b/ctrl_study_b_multi_turn_generations.jsonl,/Users/ryangichuru/Documents/SSD-K/Uni/3rd year/NLP-ready/benchmark/runtime/results_ctrl_invariance/gpt-oss-20b/study_b_multi_turn_invariance_generations.jsonl
ctrl-invariance,study_b_multi_turn,gpt-oss-20b,ctrl-invariance,reasoning_share,not_measurable,no_shared_ids,0,,,,,,,,/Users/ryangichuru/Documents/SSD-K/Uni/3rd year/NLP-ready/benchmark/runtime/results/gpt-oss-20b/ctrl_study_b_multi_turn_generations.jsonl,/Users/ryangichuru/Documents/SSD-K/Uni/3rd year/NLP-ready/benchmark/runtime/results_ctrl_invariance/gpt-oss-20b/study_b_multi_turn_invariance_generations.jsonl
ctrl-invariance,study_b_multi_turn,gpt-oss-20b,ctrl-invariance,reasoning_marker_present,not_measurable,no_shared_ids,0,,,,,,,,/Users/ryangichuru/Documents/SSD-K/Uni/3rd year/NLP-ready/benchmark/runtime/results/gpt-oss-20b/ctrl_study_b_multi_turn_generations.jsonl,/Users/ryangichuru/Documents/SSD-K/Uni/3rd year/NLP-ready/benchmark/runtime/results_ctrl_invariance/gpt-oss-20b/study_b_multi_turn_invariance_generations.jsonl
ctrl-invariance,study_b_multi_turn,gpt-oss-20b,ctrl-invariance,final_answer_marker_present,not_measurable,no_shared_ids,0,,,,,,,,/Users/ryangichuru/Documents/SSD-K/Uni/3rd year/NLP-ready/benchmark/runtime/results/gpt-oss-20b/ctrl_study_b_multi_turn_generations.jsonl,/Users/ryangichuru/Documents/SSD-K/Uni/3rd year/NLP-ready/benchmark/runtime/results_ctrl_invariance/gpt-oss-20b/study_b_multi_turn_invariance_generations.jsonl
ctrl-invariance,study_b_multi_turn,gpt-oss-20b,ctrl-invariance,control_phrase_adherence,not_measurable,no_shared_ids,0,,,,,,,,/Users/ryangichuru/Documents/SSD-K/Uni/3rd year/NLP-ready/benchmark/runtime/results/gpt-oss-20b/ctrl_study_b_multi_turn_generations.jsonl,/Users/ryangichuru/Documents/SSD-K/Uni/3rd year/NLP-ready/benchmark/runtime/results_ctrl_invariance/gpt-oss-20b/study_b_multi_turn_invariance_generations.jsonl
ctrl-invariance,study_b_multi_turn,gpt-oss-20b,ctrl-invariance,meta_discussion_present,not_measurable,no_shared_ids,0,,,,,,,,/Users/ryangichuru/Documents/SSD-K/Uni/3rd year/NLP-ready/benchmark/runtime/results/gpt-oss-20b/ctrl_study_b_multi_turn_generations.jsonl,/Users/ryangichuru/Documents/SSD-K/Uni/3rd year/NLP-ready/benchmark/runtime/results_ctrl_invariance/gpt-oss-20b/study_b_multi_turn_invariance_generations.jsonl
ctrl-invariance,study_b_multi_turn,gpt-oss-20b,ctrl-invariance,reasoning_control_success_proxy,not_measurable,no_shared_ids,0,,,,,,,,/Users/ryangichuru/Documents/SSD-K/Uni/3rd year/NLP-ready/benchmark/runtime/results/gpt-oss-20b/ctrl_study_b_multi_turn_generations.jsonl,/Users/ryangichuru/Documents/SSD-K/Uni/3rd year/NLP-ready/benchmark/runtime/results_ctrl_invariance/gpt-oss-20b/study_b_multi_turn_invariance_generations.jsonl
ctrl-invariance,study_b_multi_turn,gpt-oss-20b,ctrl-invariance,output_control_success_proxy,not_measurable,no_shared_ids,0,,,,,,,,/Users/ryangichuru/Documents/SSD-K/Uni/3rd year/NLP-ready/benchmark/runtime/results/gpt-oss-20b/ctrl_study_b_multi_turn_generations.jsonl,/Users/ryangichuru/Documents/SSD-K/Uni/3rd year/NLP-ready/benchmark/runtime/results_ctrl_invariance/gpt-oss-20b/study_b_multi_turn_invariance_generations.jsonl
ctrl-invariance,study_b_multi_turn,gpt-oss-20b,ctrl-invariance,control_adherence_without_meta_discussion,not_measurable,no_shared_ids,0,,,,,,,,/Users/ryangichuru/Documents/SSD-K/Uni/3rd year/NLP-ready/benchmark/runtime/results/gpt-oss-20b/ctrl_study_b_multi_turn_generations.jsonl,/Users/ryangichuru/Documents/SSD-K/Uni/3rd year/NLP-ready/benchmark/runtime/results_ctrl_invariance/gpt-oss-20b/study_b_multi_turn_invariance_generations.jsonl
ctrl-invariance,study_c,gpt-oss-20b,ctrl-invariance,visible_reasoning_tokens,not_measurable,no_shared_ids,0,,,,,,,,/Users/ryangichuru/Documents/SSD-K/Uni/3rd year/NLP-ready/benchmark/runtime/results/gpt-oss-20b/ctrl_study_c_generations.jsonl,/Users/ryangichuru/Documents/SSD-K/Uni/3rd year/NLP-ready/benchmark/runtime/results_ctrl_invariance/gpt-oss-20b/study_c_invariance_generations.jsonl
ctrl-invariance,study_c,gpt-oss-20b,ctrl-invariance,output_tokens,not_measurable,no_shared_ids,0,,,,,,,,/Users/ryangichuru/Documents/SSD-K/Uni/3rd year/NLP-ready/benchmark/runtime/results/gpt-oss-20b/ctrl_study_c_generations.jsonl,/Users/ryangichuru/Documents/SSD-K/Uni/3rd year/NLP-ready/benchmark/runtime/results_ctrl_invariance/gpt-oss-20b/study_c_invariance_generations.jsonl
ctrl-invariance,study_c,gpt-oss-20b,ctrl-invariance,reasoning_share,not_measurable,no_shared_ids,0,,,,,,,,/Users/ryangichuru/Documents/SSD-K/Uni/3rd year/NLP-ready/benchmark/runtime/results/gpt-oss-20b/ctrl_study_c_generations.jsonl,/Users/ryangichuru/Documents/SSD-K/Uni/3rd year/NLP-ready/benchmark/runtime/results_ctrl_invariance/gpt-oss-20b/study_c_invariance_generations.jsonl
ctrl-invariance,study_c,gpt-oss-20b,ctrl-invariance,reasoning_marker_present,not_measurable,no_shared_ids,0,,,,,,,,/Users/ryangichuru/Documents/SSD-K/Uni/3rd year/NLP-ready/benchmark/runtime/results/gpt-oss-20b/ctrl_study_c_generations.jsonl,/Users/ryangichuru/Documents/SSD-K/Uni/3rd year/NLP-ready/benchmark/runtime/results_ctrl_invariance/gpt-oss-20b/study_c_invariance_generations.jsonl
ctrl-invariance,study_c,gpt-oss-20b,ctrl-invariance,final_answer_marker_present,not_measurable,no_shared_ids,0,,,,,,,,/Users/ryangichuru/Documents/SSD-K/Uni/3rd year/NLP-ready/benchmark/runtime/results/gpt-oss-20b/ctrl_study_c_generations.jsonl,/Users/ryangichuru/Documents/SSD-K/Uni/3rd year/NLP-ready/benchmark/runtime/results_ctrl_invariance/gpt-oss-20b/study_c_invariance_generations.jsonl
ctrl-invariance,study_c,gpt-oss-20b,ctrl-invariance,control_phrase_adherence,not_measurable,no_shared_ids,0,,,,,,,,/Users/ryangichuru/Documents/SSD-K/Uni/3rd year/NLP-ready/benchmark/runtime/results/gpt-oss-20b/ctrl_study_c_generations.jsonl,/Users/ryangichuru/Documents/SSD-K/Uni/3rd year/NLP-ready/benchmark/runtime/results_ctrl_invariance/gpt-oss-20b/study_c_invariance_generations.jsonl
ctrl-invariance,study_c,gpt-oss-20b,ctrl-invariance,meta_discussion_present,not_measurable,no_shared_ids,0,,,,,,,,/Users/ryangichuru/Documents/SSD-K/Uni/3rd year/NLP-ready/benchmark/runtime/results/gpt-oss-20b/ctrl_study_c_generations.jsonl,/Users/ryangichuru/Documents/SSD-K/Uni/3rd year/NLP-ready/benchmark/runtime/results_ctrl_invariance/gpt-oss-20b/study_c_invariance_generations.jsonl
ctrl-invariance,study_c,gpt-oss-20b,ctrl-invariance,reasoning_control_success_proxy,not_measurable,no_shared_ids,0,,,,,,,,/Users/ryangichuru/Documents/SSD-K/Uni/3rd year/NLP-ready/benchmark/runtime/results/gpt-oss-20b/ctrl_study_c_generations.jsonl,/Users/ryangichuru/Documents/SSD-K/Uni/3rd year/NLP-ready/benchmark/runtime/results_ctrl_invariance/gpt-oss-20b/study_c_invariance_generations.jsonl
ctrl-invariance,study_c,gpt-oss-20b,ctrl-invariance,output_control_success_proxy,not_measurable,no_shared_ids,0,,,,,,,,/Users/ryangichuru/Documents/SSD-K/Uni/3rd year/NLP-ready/benchmark/runtime/results/gpt-oss-20b/ctrl_study_c_generations.jsonl,/Users/ryangichuru/Documents/SSD-K/Uni/3rd year/NLP-ready/benchmark/runtime/results_ctrl_invariance/gpt-oss-20b/study_c_invariance_generations.jsonl
ctrl-invariance,study_c,gpt-oss-20b,ctrl-invariance,control_adherence_without_meta_discussion,not_measurable,no_shared_ids,0,,,,,,,,/Users/ryangichuru/Documents/SSD-K/Uni/3rd year/NLP-ready/benchmark/runtime/results/gpt-oss-20b/ctrl_study_c_generations.jsonl,/Users/ryangichuru/Documents/SSD-K/Uni/3rd year/NLP-ready/benchmark/runtime/results_ctrl_invariance/gpt-oss-20b/study_c_invariance_generations.jsonl
ctrl-invariance,study_a,psyche-r1-local,ctrl-invariance,visible_reasoning_tokens,missing_cache,missing_cache,0,,,,,,,,,
ctrl-invariance,study_a,psyche-r1-local,ctrl-invariance,output_tokens,missing_cache,missing_cache,0,,,,,,,,,
ctrl-invariance,study_a,psyche-r1-local,ctrl-invariance,reasoning_share,missing_cache,missing_cache,0,,,,,,,,,
ctrl-invariance,study_a,psyche-r1-local,ctrl-invariance,reasoning_marker_present,missing_cache,missing_cache,0,,,,,,,,,
ctrl-invariance,study_a,psyche-r1-local,ctrl-invariance,final_answer_marker_present,missing_cache,missing_cache,0,,,,,,,,,
ctrl-invariance,study_a,psyche-r1-local,ctrl-invariance,control_phrase_adherence,missing_cache,missing_cache,0,,,,,,,,,
ctrl-invariance,study_a,psyche-r1-local,ctrl-invariance,meta_discussion_present,missing_cache,missing_cache,0,,,,,,,,,
ctrl-invariance,study_a,psyche-r1-local,ctrl-invariance,reasoning_control_success_proxy,missing_cache,missing_cache,0,,,,,,,,,
ctrl-invariance,study_a,psyche-r1-local,ctrl-invariance,output_control_success_proxy,missing_cache,missing_cache,0,,,,,,,,,
ctrl-invariance,study_a,psyche-r1-local,ctrl-invariance,control_adherence_without_meta_discussion,missing_cache,missing_cache,0,,,,,,,,,
ctrl-invariance,study_a_bias,psyche-r1-local,ctrl-invariance,visible_reasoning_tokens,missing_cache,missing_cache,0,,,,,,,,,/Users/ryangichuru/Documents/SSD-K/Uni/3rd year/NLP-ready/benchmark/runtime/results_ctrl_invariance/psyche-r1-local/study_a_bias_invariance_generations.jsonl
ctrl-invariance,study_a_bias,psyche-r1-local,ctrl-invariance,output_tokens,missing_cache,missing_cache,0,,,,,,,,,/Users/ryangichuru/Documents/SSD-K/Uni/3rd year/NLP-ready/benchmark/runtime/results_ctrl_invariance/psyche-r1-local/study_a_bias_invariance_generations.jsonl
ctrl-invariance,study_a_bias,psyche-r1-local,ctrl-invariance,reasoning_share,missing_cache,missing_cache,0,,,,,,,,,/Users/ryangichuru/Documents/SSD-K/Uni/3rd year/NLP-ready/benchmark/runtime/results_ctrl_invariance/psyche-r1-local/study_a_bias_invariance_generations.jsonl
ctrl-invariance,study_a_bias,psyche-r1-local,ctrl-invariance,reasoning_marker_present,missing_cache,missing_cache,0,,,,,,,,,/Users/ryangichuru/Documents/SSD-K/Uni/3rd year/NLP-ready/benchmark/runtime/results_ctrl_invariance/psyche-r1-local/study_a_bias_invariance_generations.jsonl
ctrl-invariance,study_a_bias,psyche-r1-local,ctrl-invariance,final_answer_marker_present,missing_cache,missing_cache,0,,,,,,,,,/Users/ryangichuru/Documents/SSD-K/Uni/3rd year/NLP-ready/benchmark/runtime/results_ctrl_invariance/psyche-r1-local/study_a_bias_invariance_generations.jsonl
ctrl-invariance,study_a_bias,psyche-r1-local,ctrl-invariance,control_phrase_adherence,missing_cache,missing_cache,0,,,,,,,,,/Users/ryangichuru/Documents/SSD-K/Uni/3rd year/NLP-ready/benchmark/runtime/results_ctrl_invariance/psyche-r1-local/study_a_bias_invariance_generations.jsonl
ctrl-invariance,study_a_bias,psyche-r1-local,ctrl-invariance,meta_discussion_present,missing_cache,missing_cache,0,,,,,,,,,/Users/ryangichuru/Documents/SSD-K/Uni/3rd year/NLP-ready/benchmark/runtime/results_ctrl_invariance/psyche-r1-local/study_a_bias_invariance_generations.jsonl
ctrl-invariance,study_a_bias,psyche-r1-local,ctrl-invariance,reasoning_control_success_proxy,missing_cache,missing_cache,0,,,,,,,,,/Users/ryangichuru/Documents/SSD-K/Uni/3rd year/NLP-ready/benchmark/runtime/results_ctrl_invariance/psyche-r1-local/study_a_bias_invariance_generations.jsonl
ctrl-invariance,study_a_bias,psyche-r1-local,ctrl-invariance,output_control_success_proxy,missing_cache,missing_cache,0,,,,,,,,,/Users/ryangichuru/Documents/SSD-K/Uni/3rd year/NLP-ready/benchmark/runtime/results_ctrl_invariance/psyche-r1-local/study_a_bias_invariance_generations.jsonl
ctrl-invariance,study_a_bias,psyche-r1-local,ctrl-invariance,control_adherence_without_meta_discussion,missing_cache,missing_cache,0,,,,,,,,,/Users/ryangichuru/Documents/SSD-K/Uni/3rd year/NLP-ready/benchmark/runtime/results_ctrl_invariance/psyche-r1-local/study_a_bias_invariance_generations.jsonl
ctrl-invariance,study_b,psyche-r1-local,ctrl-invariance,visible_reasoning_tokens,missing_cache,missing_cache,0,,,,,,,,/Users/ryangichuru/Documents/SSD-K/Uni/3rd year/NLP-ready/benchmark/runtime/results/psyche-r1-local/ctrl_study_b_generations.jsonl,
ctrl-invariance,study_b,psyche-r1-local,ctrl-invariance,output_tokens,missing_cache,missing_cache,0,,,,,,,,/Users/ryangichuru/Documents/SSD-K/Uni/3rd year/NLP-ready/benchmark/runtime/results/psyche-r1-local/ctrl_study_b_generations.jsonl,
ctrl-invariance,study_b,psyche-r1-local,ctrl-invariance,reasoning_share,missing_cache,missing_cache,0,,,,,,,,/Users/ryangichuru/Documents/SSD-K/Uni/3rd year/NLP-ready/benchmark/runtime/results/psyche-r1-local/ctrl_study_b_generations.jsonl,
ctrl-invariance,study_b,psyche-r1-local,ctrl-invariance,reasoning_marker_present,missing_cache,missing_cache,0,,,,,,,,/Users/ryangichuru/Documents/SSD-K/Uni/3rd year/NLP-ready/benchmark/runtime/results/psyche-r1-local/ctrl_study_b_generations.jsonl,
ctrl-invariance,study_b,psyche-r1-local,ctrl-invariance,final_answer_marker_present,missing_cache,missing_cache,0,,,,,,,,/Users/ryangichuru/Documents/SSD-K/Uni/3rd year/NLP-ready/benchmark/runtime/results/psyche-r1-local/ctrl_study_b_generations.jsonl,
ctrl-invariance,study_b,psyche-r1-local,ctrl-invariance,control_phrase_adherence,missing_cache,missing_cache,0,,,,,,,,/Users/ryangichuru/Documents/SSD-K/Uni/3rd year/NLP-ready/benchmark/runtime/results/psyche-r1-local/ctrl_study_b_generations.jsonl,
ctrl-invariance,study_b,psyche-r1-local,ctrl-invariance,meta_discussion_present,missing_cache,missing_cache,0,,,,,,,,/Users/ryangichuru/Documents/SSD-K/Uni/3rd year/NLP-ready/benchmark/runtime/results/psyche-r1-local/ctrl_study_b_generations.jsonl,
ctrl-invariance,study_b,psyche-r1-local,ctrl-invariance,reasoning_control_success_proxy,missing_cache,missing_cache,0,,,,,,,,/Users/ryangichuru/Documents/SSD-K/Uni/3rd year/NLP-ready/benchmark/runtime/results/psyche-r1-local/ctrl_study_b_generations.jsonl,
ctrl-invariance,study_b,psyche-r1-local,ctrl-invariance,output_control_success_proxy,missing_cache,missing_cache,0,,,,,,,,/Users/ryangichuru/Documents/SSD-K/Uni/3rd year/NLP-ready/benchmark/runtime/results/psyche-r1-local/ctrl_study_b_generations.jsonl,
ctrl-invariance,study_b,psyche-r1-local,ctrl-invariance,control_adherence_without_meta_discussion,missing_cache,missing_cache,0,,,,,,,,/Users/ryangichuru/Documents/SSD-K/Uni/3rd year/NLP-ready/benchmark/runtime/results/psyche-r1-local/ctrl_study_b_generations.jsonl,
ctrl-invariance,study_b_multi_turn,psyche-r1-local,ctrl-invariance,visible_reasoning_tokens,missing_cache,missing_cache,0,,,,,,,,/Users/ryangichuru/Documents/SSD-K/Uni/3rd year/NLP-ready/benchmark/runtime/results/psyche-r1-local/ctrl_study_b_multi_turn_generations.jsonl,
ctrl-invariance,study_b_multi_turn,psyche-r1-local,ctrl-invariance,output_tokens,missing_cache,missing_cache,0,,,,,,,,/Users/ryangichuru/Documents/SSD-K/Uni/3rd year/NLP-ready/benchmark/runtime/results/psyche-r1-local/ctrl_study_b_multi_turn_generations.jsonl,
ctrl-invariance,study_b_multi_turn,psyche-r1-local,ctrl-invariance,reasoning_share,missing_cache,missing_cache,0,,,,,,,,/Users/ryangichuru/Documents/SSD-K/Uni/3rd year/NLP-ready/benchmark/runtime/results/psyche-r1-local/ctrl_study_b_multi_turn_generations.jsonl,
ctrl-invariance,study_b_multi_turn,psyche-r1-local,ctrl-invariance,reasoning_marker_present,missing_cache,missing_cache,0,,,,,,,,/Users/ryangichuru/Documents/SSD-K/Uni/3rd year/NLP-ready/benchmark/runtime/results/psyche-r1-local/ctrl_study_b_multi_turn_generations.jsonl,
ctrl-invariance,study_b_multi_turn,psyche-r1-local,ctrl-invariance,final_answer_marker_present,missing_cache,missing_cache,0,,,,,,,,/Users/ryangichuru/Documents/SSD-K/Uni/3rd year/NLP-ready/benchmark/runtime/results/psyche-r1-local/ctrl_study_b_multi_turn_generations.jsonl,
ctrl-invariance,study_b_multi_turn,psyche-r1-local,ctrl-invariance,control_phrase_adherence,missing_cache,missing_cache,0,,,,,,,,/Users/ryangichuru/Documents/SSD-K/Uni/3rd year/NLP-ready/benchmark/runtime/results/psyche-r1-local/ctrl_study_b_multi_turn_generations.jsonl,
ctrl-invariance,study_b_multi_turn,psyche-r1-local,ctrl-invariance,meta_discussion_present,missing_cache,missing_cache,0,,,,,,,,/Users/ryangichuru/Documents/SSD-K/Uni/3rd year/NLP-ready/benchmark/runtime/results/psyche-r1-local/ctrl_study_b_multi_turn_generations.jsonl,
ctrl-invariance,study_b_multi_turn,psyche-r1-local,ctrl-invariance,reasoning_control_success_proxy,missing_cache,missing_cache,0,,,,,,,,/Users/ryangichuru/Documents/SSD-K/Uni/3rd year/NLP-ready/benchmark/runtime/results/psyche-r1-local/ctrl_study_b_multi_turn_generations.jsonl,
ctrl-invariance,study_b_multi_turn,psyche-r1-local,ctrl-invariance,output_control_success_proxy,missing_cache,missing_cache,0,,,,,,,,/Users/ryangichuru/Documents/SSD-K/Uni/3rd year/NLP-ready/benchmark/runtime/results/psyche-r1-local/ctrl_study_b_multi_turn_generations.jsonl,
ctrl-invariance,study_b_multi_turn,psyche-r1-local,ctrl-invariance,control_adherence_without_meta_discussion,missing_cache,missing_cache,0,,,,,,,,/Users/ryangichuru/Documents/SSD-K/Uni/3rd year/NLP-ready/benchmark/runtime/results/psyche-r1-local/ctrl_study_b_multi_turn_generations.jsonl,
ctrl-invariance,study_c,psyche-r1-local,ctrl-invariance,visible_reasoning_tokens,missing_cache,missing_cache,0,,,,,,,,/Users/ryangichuru/Documents/SSD-K/Uni/3rd year/NLP-ready/benchmark/runtime/results/psyche-r1-local/ctrl_study_c_generations.jsonl,
ctrl-invariance,study_c,psyche-r1-local,ctrl-invariance,output_tokens,missing_cache,missing_cache,0,,,,,,,,/Users/ryangichuru/Documents/SSD-K/Uni/3rd year/NLP-ready/benchmark/runtime/results/psyche-r1-local/ctrl_study_c_generations.jsonl,
ctrl-invariance,study_c,psyche-r1-local,ctrl-invariance,reasoning_share,missing_cache,missing_cache,0,,,,,,,,/Users/ryangichuru/Documents/SSD-K/Uni/3rd year/NLP-ready/benchmark/runtime/results/psyche-r1-local/ctrl_study_c_generations.jsonl,
ctrl-invariance,study_c,psyche-r1-local,ctrl-invariance,reasoning_marker_present,missing_cache,missing_cache,0,,,,,,,,/Users/ryangichuru/Documents/SSD-K/Uni/3rd year/NLP-ready/benchmark/runtime/results/psyche-r1-local/ctrl_study_c_generations.jsonl,
ctrl-invariance,study_c,psyche-r1-local,ctrl-invariance,final_answer_marker_present,missing_cache,missing_cache,0,,,,,,,,/Users/ryangichuru/Documents/SSD-K/Uni/3rd year/NLP-ready/benchmark/runtime/results/psyche-r1-local/ctrl_study_c_generations.jsonl,
ctrl-invariance,study_c,psyche-r1-local,ctrl-invariance,control_phrase_adherence,missing_cache,missing_cache,0,,,,,,,,/Users/ryangichuru/Documents/SSD-K/Uni/3rd year/NLP-ready/benchmark/runtime/results/psyche-r1-local/ctrl_study_c_generations.jsonl,
ctrl-invariance,study_c,psyche-r1-local,ctrl-invariance,meta_discussion_present,missing_cache,missing_cache,0,,,,,,,,/Users/ryangichuru/Documents/SSD-K/Uni/3rd year/NLP-ready/benchmark/runtime/results/psyche-r1-local/ctrl_study_c_generations.jsonl,
ctrl-invariance,study_c,psyche-r1-local,ctrl-invariance,reasoning_control_success_proxy,missing_cache,missing_cache,0,,,,,,,,/Users/ryangichuru/Documents/SSD-K/Uni/3rd year/NLP-ready/benchmark/runtime/results/psyche-r1-local/ctrl_study_c_generations.jsonl,
ctrl-invariance,study_c,psyche-r1-local,ctrl-invariance,output_control_success_proxy,missing_cache,missing_cache,0,,,,,,,,/Users/ryangichuru/Documents/SSD-K/Uni/3rd year/NLP-ready/benchmark/runtime/results/psyche-r1-local/ctrl_study_c_generations.jsonl,
ctrl-invariance,study_c,psyche-r1-local,ctrl-invariance,control_adherence_without_meta_discussion,missing_cache,missing_cache,0,,,,,,,,/Users/ryangichuru/Documents/SSD-K/Uni/3rd year/NLP-ready/benchmark/runtime/results/psyche-r1-local/ctrl_study_c_generations.jsonl,
ctrl-invariance,study_a,psyllm-lmstudio,ctrl-invariance,visible_reasoning_tokens,missing_cache,missing_cache,0,,,,,,,,,/Users/ryangichuru/Documents/SSD-K/Uni/3rd year/NLP-ready/benchmark/runtime/results_ctrl_invariance/psyllm-lmstudio/study_a_invariance_generations.jsonl
ctrl-invariance,study_a,psyllm-lmstudio,ctrl-invariance,output_tokens,missing_cache,missing_cache,0,,,,,,,,,/Users/ryangichuru/Documents/SSD-K/Uni/3rd year/NLP-ready/benchmark/runtime/results_ctrl_invariance/psyllm-lmstudio/study_a_invariance_generations.jsonl
ctrl-invariance,study_a,psyllm-lmstudio,ctrl-invariance,reasoning_share,missing_cache,missing_cache,0,,,,,,,,,/Users/ryangichuru/Documents/SSD-K/Uni/3rd year/NLP-ready/benchmark/runtime/results_ctrl_invariance/psyllm-lmstudio/study_a_invariance_generations.jsonl
ctrl-invariance,study_a,psyllm-lmstudio,ctrl-invariance,reasoning_marker_present,missing_cache,missing_cache,0,,,,,,,,,/Users/ryangichuru/Documents/SSD-K/Uni/3rd year/NLP-ready/benchmark/runtime/results_ctrl_invariance/psyllm-lmstudio/study_a_invariance_generations.jsonl
ctrl-invariance,study_a,psyllm-lmstudio,ctrl-invariance,final_answer_marker_present,missing_cache,missing_cache,0,,,,,,,,,/Users/ryangichuru/Documents/SSD-K/Uni/3rd year/NLP-ready/benchmark/runtime/results_ctrl_invariance/psyllm-lmstudio/study_a_invariance_generations.jsonl
ctrl-invariance,study_a,psyllm-lmstudio,ctrl-invariance,control_phrase_adherence,missing_cache,missing_cache,0,,,,,,,,,/Users/ryangichuru/Documents/SSD-K/Uni/3rd year/NLP-ready/benchmark/runtime/results_ctrl_invariance/psyllm-lmstudio/study_a_invariance_generations.jsonl
ctrl-invariance,study_a,psyllm-lmstudio,ctrl-invariance,meta_discussion_present,missing_cache,missing_cache,0,,,,,,,,,/Users/ryangichuru/Documents/SSD-K/Uni/3rd year/NLP-ready/benchmark/runtime/results_ctrl_invariance/psyllm-lmstudio/study_a_invariance_generations.jsonl
ctrl-invariance,study_a,psyllm-lmstudio,ctrl-invariance,reasoning_control_success_proxy,missing_cache,missing_cache,0,,,,,,,,,/Users/ryangichuru/Documents/SSD-K/Uni/3rd year/NLP-ready/benchmark/runtime/results_ctrl_invariance/psyllm-lmstudio/study_a_invariance_generations.jsonl
ctrl-invariance,study_a,psyllm-lmstudio,ctrl-invariance,output_control_success_proxy,missing_cache,missing_cache,0,,,,,,,,,/Users/ryangichuru/Documents/SSD-K/Uni/3rd year/NLP-ready/benchmark/runtime/results_ctrl_invariance/psyllm-lmstudio/study_a_invariance_generations.jsonl
ctrl-invariance,study_a,psyllm-lmstudio,ctrl-invariance,control_adherence_without_meta_discussion,missing_cache,missing_cache,0,,,,,,,,,/Users/ryangichuru/Documents/SSD-K/Uni/3rd year/NLP-ready/benchmark/runtime/results_ctrl_invariance/psyllm-lmstudio/study_a_invariance_generations.jsonl
ctrl-invariance,study_a_bias,psyllm-lmstudio,ctrl-invariance,visible_reasoning_tokens,missing_cache,missing_cache,0,,,,,,,,,/Users/ryangichuru/Documents/SSD-K/Uni/3rd year/NLP-ready/benchmark/runtime/results_ctrl_invariance/psyllm-lmstudio/study_a_bias_invariance_generations.jsonl
ctrl-invariance,study_a_bias,psyllm-lmstudio,ctrl-invariance,output_tokens,missing_cache,missing_cache,0,,,,,,,,,/Users/ryangichuru/Documents/SSD-K/Uni/3rd year/NLP-ready/benchmark/runtime/results_ctrl_invariance/psyllm-lmstudio/study_a_bias_invariance_generations.jsonl
ctrl-invariance,study_a_bias,psyllm-lmstudio,ctrl-invariance,reasoning_share,missing_cache,missing_cache,0,,,,,,,,,/Users/ryangichuru/Documents/SSD-K/Uni/3rd year/NLP-ready/benchmark/runtime/results_ctrl_invariance/psyllm-lmstudio/study_a_bias_invariance_generations.jsonl
ctrl-invariance,study_a_bias,psyllm-lmstudio,ctrl-invariance,reasoning_marker_present,missing_cache,missing_cache,0,,,,,,,,,/Users/ryangichuru/Documents/SSD-K/Uni/3rd year/NLP-ready/benchmark/runtime/results_ctrl_invariance/psyllm-lmstudio/study_a_bias_invariance_generations.jsonl
ctrl-invariance,study_a_bias,psyllm-lmstudio,ctrl-invariance,final_answer_marker_present,missing_cache,missing_cache,0,,,,,,,,,/Users/ryangichuru/Documents/SSD-K/Uni/3rd year/NLP-ready/benchmark/runtime/results_ctrl_invariance/psyllm-lmstudio/study_a_bias_invariance_generations.jsonl
ctrl-invariance,study_a_bias,psyllm-lmstudio,ctrl-invariance,control_phrase_adherence,missing_cache,missing_cache,0,,,,,,,,,/Users/ryangichuru/Documents/SSD-K/Uni/3rd year/NLP-ready/benchmark/runtime/results_ctrl_invariance/psyllm-lmstudio/study_a_bias_invariance_generations.jsonl
ctrl-invariance,study_a_bias,psyllm-lmstudio,ctrl-invariance,meta_discussion_present,missing_cache,missing_cache,0,,,,,,,,,/Users/ryangichuru/Documents/SSD-K/Uni/3rd year/NLP-ready/benchmark/runtime/results_ctrl_invariance/psyllm-lmstudio/study_a_bias_invariance_generations.jsonl
ctrl-invariance,study_a_bias,psyllm-lmstudio,ctrl-invariance,reasoning_control_success_proxy,missing_cache,missing_cache,0,,,,,,,,,/Users/ryangichuru/Documents/SSD-K/Uni/3rd year/NLP-ready/benchmark/runtime/results_ctrl_invariance/psyllm-lmstudio/study_a_bias_invariance_generations.jsonl
ctrl-invariance,study_a_bias,psyllm-lmstudio,ctrl-invariance,output_control_success_proxy,missing_cache,missing_cache,0,,,,,,,,,/Users/ryangichuru/Documents/SSD-K/Uni/3rd year/NLP-ready/benchmark/runtime/results_ctrl_invariance/psyllm-lmstudio/study_a_bias_invariance_generations.jsonl
ctrl-invariance,study_a_bias,psyllm-lmstudio,ctrl-invariance,control_adherence_without_meta_discussion,missing_cache,missing_cache,0,,,,,,,,,/Users/ryangichuru/Documents/SSD-K/Uni/3rd year/NLP-ready/benchmark/runtime/results_ctrl_invariance/psyllm-lmstudio/study_a_bias_invariance_generations.jsonl
ctrl-invariance,study_b,psyllm-lmstudio,ctrl-invariance,visible_reasoning_tokens,missing_cache,missing_cache,0,,,,,,,,,/Users/ryangichuru/Documents/SSD-K/Uni/3rd year/NLP-ready/benchmark/runtime/results_ctrl_invariance/psyllm-lmstudio/study_b_invariance_generations.jsonl
ctrl-invariance,study_b,psyllm-lmstudio,ctrl-invariance,output_tokens,missing_cache,missing_cache,0,,,,,,,,,/Users/ryangichuru/Documents/SSD-K/Uni/3rd year/NLP-ready/benchmark/runtime/results_ctrl_invariance/psyllm-lmstudio/study_b_invariance_generations.jsonl
ctrl-invariance,study_b,psyllm-lmstudio,ctrl-invariance,reasoning_share,missing_cache,missing_cache,0,,,,,,,,,/Users/ryangichuru/Documents/SSD-K/Uni/3rd year/NLP-ready/benchmark/runtime/results_ctrl_invariance/psyllm-lmstudio/study_b_invariance_generations.jsonl
ctrl-invariance,study_b,psyllm-lmstudio,ctrl-invariance,reasoning_marker_present,missing_cache,missing_cache,0,,,,,,,,,/Users/ryangichuru/Documents/SSD-K/Uni/3rd year/NLP-ready/benchmark/runtime/results_ctrl_invariance/psyllm-lmstudio/study_b_invariance_generations.jsonl
ctrl-invariance,study_b,psyllm-lmstudio,ctrl-invariance,final_answer_marker_present,missing_cache,missing_cache,0,,,,,,,,,/Users/ryangichuru/Documents/SSD-K/Uni/3rd year/NLP-ready/benchmark/runtime/results_ctrl_invariance/psyllm-lmstudio/study_b_invariance_generations.jsonl
ctrl-invariance,study_b,psyllm-lmstudio,ctrl-invariance,control_phrase_adherence,missing_cache,missing_cache,0,,,,,,,,,/Users/ryangichuru/Documents/SSD-K/Uni/3rd year/NLP-ready/benchmark/runtime/results_ctrl_invariance/psyllm-lmstudio/study_b_invariance_generations.jsonl
ctrl-invariance,study_b,psyllm-lmstudio,ctrl-invariance,meta_discussion_present,missing_cache,missing_cache,0,,,,,,,,,/Users/ryangichuru/Documents/SSD-K/Uni/3rd year/NLP-ready/benchmark/runtime/results_ctrl_invariance/psyllm-lmstudio/study_b_invariance_generations.jsonl
ctrl-invariance,study_b,psyllm-lmstudio,ctrl-invariance,reasoning_control_success_proxy,missing_cache,missing_cache,0,,,,,,,,,/Users/ryangichuru/Documents/SSD-K/Uni/3rd year/NLP-ready/benchmark/runtime/results_ctrl_invariance/psyllm-lmstudio/study_b_invariance_generations.jsonl
ctrl-invariance,study_b,psyllm-lmstudio,ctrl-invariance,output_control_success_proxy,missing_cache,missing_cache,0,,,,,,,,,/Users/ryangichuru/Documents/SSD-K/Uni/3rd year/NLP-ready/benchmark/runtime/results_ctrl_invariance/psyllm-lmstudio/study_b_invariance_generations.jsonl
ctrl-invariance,study_b,psyllm-lmstudio,ctrl-invariance,control_adherence_without_meta_discussion,missing_cache,missing_cache,0,,,,,,,,,/Users/ryangichuru/Documents/SSD-K/Uni/3rd year/NLP-ready/benchmark/runtime/results_ctrl_invariance/psyllm-lmstudio/study_b_invariance_generations.jsonl
ctrl-invariance,study_b_multi_turn,psyllm-lmstudio,ctrl-invariance,visible_reasoning_tokens,missing_cache,missing_cache,0,,,,,,,,,/Users/ryangichuru/Documents/SSD-K/Uni/3rd year/NLP-ready/benchmark/runtime/results_ctrl_invariance/psyllm-lmstudio/study_b_multi_turn_invariance_generations.jsonl
ctrl-invariance,study_b_multi_turn,psyllm-lmstudio,ctrl-invariance,output_tokens,missing_cache,missing_cache,0,,,,,,,,,/Users/ryangichuru/Documents/SSD-K/Uni/3rd year/NLP-ready/benchmark/runtime/results_ctrl_invariance/psyllm-lmstudio/study_b_multi_turn_invariance_generations.jsonl
ctrl-invariance,study_b_multi_turn,psyllm-lmstudio,ctrl-invariance,reasoning_share,missing_cache,missing_cache,0,,,,,,,,,/Users/ryangichuru/Documents/SSD-K/Uni/3rd year/NLP-ready/benchmark/runtime/results_ctrl_invariance/psyllm-lmstudio/study_b_multi_turn_invariance_generations.jsonl
ctrl-invariance,study_b_multi_turn,psyllm-lmstudio,ctrl-invariance,reasoning_marker_present,missing_cache,missing_cache,0,,,,,,,,,/Users/ryangichuru/Documents/SSD-K/Uni/3rd year/NLP-ready/benchmark/runtime/results_ctrl_invariance/psyllm-lmstudio/study_b_multi_turn_invariance_generations.jsonl
ctrl-invariance,study_b_multi_turn,psyllm-lmstudio,ctrl-invariance,final_answer_marker_present,missing_cache,missing_cache,0,,,,,,,,,/Users/ryangichuru/Documents/SSD-K/Uni/3rd year/NLP-ready/benchmark/runtime/results_ctrl_invariance/psyllm-lmstudio/study_b_multi_turn_invariance_generations.jsonl
ctrl-invariance,study_b_multi_turn,psyllm-lmstudio,ctrl-invariance,control_phrase_adherence,missing_cache,missing_cache,0,,,,,,,,,/Users/ryangichuru/Documents/SSD-K/Uni/3rd year/NLP-ready/benchmark/runtime/results_ctrl_invariance/psyllm-lmstudio/study_b_multi_turn_invariance_generations.jsonl
ctrl-invariance,study_b_multi_turn,psyllm-lmstudio,ctrl-invariance,meta_discussion_present,missing_cache,missing_cache,0,,,,,,,,,/Users/ryangichuru/Documents/SSD-K/Uni/3rd year/NLP-ready/benchmark/runtime/results_ctrl_invariance/psyllm-lmstudio/study_b_multi_turn_invariance_generations.jsonl
ctrl-invariance,study_b_multi_turn,psyllm-lmstudio,ctrl-invariance,reasoning_control_success_proxy,missing_cache,missing_cache,0,,,,,,,,,/Users/ryangichuru/Documents/SSD-K/Uni/3rd year/NLP-ready/benchmark/runtime/results_ctrl_invariance/psyllm-lmstudio/study_b_multi_turn_invariance_generations.jsonl
ctrl-invariance,study_b_multi_turn,psyllm-lmstudio,ctrl-invariance,output_control_success_proxy,missing_cache,missing_cache,0,,,,,,,,,/Users/ryangichuru/Documents/SSD-K/Uni/3rd year/NLP-ready/benchmark/runtime/results_ctrl_invariance/psyllm-lmstudio/study_b_multi_turn_invariance_generations.jsonl
ctrl-invariance,study_b_multi_turn,psyllm-lmstudio,ctrl-invariance,control_adherence_without_meta_discussion,missing_cache,missing_cache,0,,,,,,,,,/Users/ryangichuru/Documents/SSD-K/Uni/3rd year/NLP-ready/benchmark/runtime/results_ctrl_invariance/psyllm-lmstudio/study_b_multi_turn_invariance_generations.jsonl
ctrl-invariance,study_c,psyllm-lmstudio,ctrl-invariance,visible_reasoning_tokens,missing_cache,missing_cache,0,,,,,,,,,/Users/ryangichuru/Documents/SSD-K/Uni/3rd year/NLP-ready/benchmark/runtime/results_ctrl_invariance/psyllm-lmstudio/study_c_invariance_generations.jsonl
ctrl-invariance,study_c,psyllm-lmstudio,ctrl-invariance,output_tokens,missing_cache,missing_cache,0,,,,,,,,,/Users/ryangichuru/Documents/SSD-K/Uni/3rd year/NLP-ready/benchmark/runtime/results_ctrl_invariance/psyllm-lmstudio/study_c_invariance_generations.jsonl
ctrl-invariance,study_c,psyllm-lmstudio,ctrl-invariance,reasoning_share,missing_cache,missing_cache,0,,,,,,,,,/Users/ryangichuru/Documents/SSD-K/Uni/3rd year/NLP-ready/benchmark/runtime/results_ctrl_invariance/psyllm-lmstudio/study_c_invariance_generations.jsonl
ctrl-invariance,study_c,psyllm-lmstudio,ctrl-invariance,reasoning_marker_present,missing_cache,missing_cache,0,,,,,,,,,/Users/ryangichuru/Documents/SSD-K/Uni/3rd year/NLP-ready/benchmark/runtime/results_ctrl_invariance/psyllm-lmstudio/study_c_invariance_generations.jsonl
ctrl-invariance,study_c,psyllm-lmstudio,ctrl-invariance,final_answer_marker_present,missing_cache,missing_cache,0,,,,,,,,,/Users/ryangichuru/Documents/SSD-K/Uni/3rd year/NLP-ready/benchmark/runtime/results_ctrl_invariance/psyllm-lmstudio/study_c_invariance_generations.jsonl
ctrl-invariance,study_c,psyllm-lmstudio,ctrl-invariance,control_phrase_adherence,missing_cache,missing_cache,0,,,,,,,,,/Users/ryangichuru/Documents/SSD-K/Uni/3rd year/NLP-ready/benchmark/runtime/results_ctrl_invariance/psyllm-lmstudio/study_c_invariance_generations.jsonl
ctrl-invariance,study_c,psyllm-lmstudio,ctrl-invariance,meta_discussion_present,missing_cache,missing_cache,0,,,,,,,,,/Users/ryangichuru/Documents/SSD-K/Uni/3rd year/NLP-ready/benchmark/runtime/results_ctrl_invariance/psyllm-lmstudio/study_c_invariance_generations.jsonl
ctrl-invariance,study_c,psyllm-lmstudio,ctrl-invariance,reasoning_control_success_proxy,missing_cache,missing_cache,0,,,,,,,,,/Users/ryangichuru/Documents/SSD-K/Uni/3rd year/NLP-ready/benchmark/runtime/results_ctrl_invariance/psyllm-lmstudio/study_c_invariance_generations.jsonl
ctrl-invariance,study_c,psyllm-lmstudio,ctrl-invariance,output_control_success_proxy,missing_cache,missing_cache,0,,,,,,,,,/Users/ryangichuru/Documents/SSD-K/Uni/3rd year/NLP-ready/benchmark/runtime/results_ctrl_invariance/psyllm-lmstudio/study_c_invariance_generations.jsonl
ctrl-invariance,study_c,psyllm-lmstudio,ctrl-invariance,control_adherence_without_meta_discussion,missing_cache,missing_cache,0,,,,,,,,,/Users/ryangichuru/Documents/SSD-K/Uni/3rd year/NLP-ready/benchmark/runtime/results_ctrl_invariance/psyllm-lmstudio/study_c_invariance_generations.jsonl
